{
	"format_version": "1.8.0",
	"animations": {
		"animation.item.toz_reload": {
			"loop": true,
			"animation_length": 1.83333,
			"bones": {
				"leftArm": {
					"rotation": [-90, 15, 0],
					"position": {
						"0.0": [-4, -1, -6],
						"0.2083": [-4, -1, -6],
						"0.3333": [-4, -3, -6],
						"0.625": [-4.575, 4.55, -4.5],
						"1.0": [-4.57, -7.45, -0.5],
						"1.3333": [-4.575, 5.55, -3.5],
						"1.4167": [-4.575, 4.55, -4.5],
						"1.625": [-4, -3, -6],
						"1.75": [-4, -1, -6]
					}
				},
				"rightArm": {
					"rotation": [-90, -10, 0]
				},
				"gun": {
					"rotation": {
						"0.0": [0, 0, 0],
						"0.1667": [-2.5, 0, 0],
						"0.2917": [0, 0, 0],
						"0.625": [-2.5, 0, 0],
						"0.75": [0, 0, 0],
						"1.4167": [5, 0, 0],
						"1.5": [0, 0, 0],
						"1.7083": [0, 0, 0],
						"1.75": [-2.5, 0, 0],
						"1.8333": [0, 0, 0]
					}
				},
				"bone2": {
					"rotation": {
						"0.0": [0, 0, 0],
						"0.2083": [0, -17.5, 0],
						"1.75": [0, -17.5, 0],
						"1.8333": [0, 0, 0]
					}
				},
				"bone": {
					"rotation": {
						"0.2083": [0, 0, 0],
						"0.3333": [57.5, 0, 0],
						"1.625": [57.5, 0, 0],
						"1.75": [0, 0, 0]
					}
				},
				"gilza": {
					"position": {
						"0.625": [0, 0, 0],
						"1.0": [0, -12, 2],
						"1.3333": [0, 1, 1],
						"1.4167": [0, 0, 0]
					}
				},
				"gilza2": {
					"position": {
						"0.625": [0, "o", 0],
						"1.0": [0, -12, 2],
						"1.3333": [0, "1+o", 1],
						"1.4167": [0, "o", 0]
					}
				},
				"base": {
					"rotation": {
						"1.75": [0, -2.5, 0],
						"1.8333": [0, 0, 0]
					}
				}
			}
		}
	}
}