{
  "format_version": "1.10.0",
  "minecraft:client_entity": {
    "description": {
      "identifier": "helicopter:ah6",
      "materials": {
        "default": "entity_alphatest"
      },
      "textures": {
        "default": "textures/entity/ah6"
      },
      "geometry": {
        "default": "geometry.ah6"
      },
      "render_controllers": ["controller.render.newmob"],
      "animations": {
        "move": "animation.ah6.move",
        "on_ground": "animation.ah6.on_ground",
        "retract_gear": "animation.ah6.retract_gear",
        "ah6_controller": "controller.animation.ah6.move",
        "ah6_on_ground_controller": "controller.animation.ah6.on_ground",
        "ah6_retract_gear_controller": "controller.animation.ah6.retract_gear",
        "look_at_target": "animation.common.look_at_target"
      },
      "scripts": {
        "animate": [
          "ah6_controller",
          "look_at_target",
          "ah6_on_ground_controller",
          "ah6_retract_gear_controller"
        ]
      },
      "spawn_egg": {
        "texture": "spawn_ah6",
        "texture_index": 0
      }
    }
  }
}
