{
  "format_version": "1.10.0",
  "minecraft:client_entity": {
    "description": {
      "identifier": "entity:chaos_l",
      "materials": {
        "default": "phantom"
      },
      "textures": {
        "default": "textures/entity/guard/chaos_l"
      },
      "geometry": {
        "default": "geometry.chaos_l"
      },
      "animations": {
        "moving": "animation.chaos_l.moving",
        "chaos_l_general": "animation.chaos_l.general",
        "attacking": "animation.chaos_l.attacking",
        "look_at_target": "animation.common.look_at_target",
		"shooting": "animation.chaos_l.shooting",
		"summoning": "animation.chaos_l.summoning",

        "move": "controller.animation.chaos_l.move",
        "general": "controller.animation.chaos_l.general",
		"shoot": "controller.animation.chaos_l.shoot",
		"summon": "controller.animation.chaos_l.summon",
        "attack": "controller.animation.chaos_l.attack"
      },
      "scripts": {
        "animate": [
          "move", "general", "attack", "shoot", "summon"
        ],
        "pre_animation": [
          "variable.attack = Math.sin(variable.attack_time * 30.0);"
        ]
      },
      "render_controllers": [
        "controller.render.chaos"
      ],
      "spawn_egg": {
        "base_color": "#086010",
        "overlay_color": "#cd0c0c"
      }
    }
  }
}