{
	"format_version": "1.8.0",
	"animations": {
		"animation.item.awm" : {
			"loop" : true,
			"bones" : {
				"rightItem" : {
					"position": [ 0, -800, 0]
				},
				"rightArm": {
				    "position" : ["variable.is_first_person?-1.5:0", "variable.is_first_person?7:0", "variable.is_first_person?-4:0"],
					"rotation": ["variable.is_first_person?-10:0", "variable.is_first_person?60:0", "variable.is_first_person?60:0"]
				},
				"leftArm": {
				    "position" : ["variable.is_first_person?-4:0", "variable.is_first_person?-2:0", "variable.is_first_person?3:0"],
					"rotation": ["variable.is_first_person?90:0", "variable.is_first_person?-10:0", "variable.is_first_person?180:0"],
				    "scale": ["variable.is_first_person?1:0", "variable.is_first_person?2:0", "variable.is_first_person?1:0"]
				},
				"gun" : {
				    "position" : ["variable.is_first_person?-1.5:0", "variable.is_first_person?-6:0", "variable.is_first_person?1:0"],
				    "rotation": ["variable.is_first_person?0:0", "variable.is_first_person?0:0", "variable.is_first_person?7.5:0"],
				    "scale" : 1.2
				}
			}
		},
		"animation.item.awm_aim" : {
			"loop" : true,
			"bones" : {
				"rightItem" : {
					"position": [ 0, -800, 0]
				},
				"rightArm": {
				    "position" : ["variable.is_first_person?-8.76:0", "variable.is_first_person?9.48:0", "variable.is_first_person?-13.4:0"],
					"rotation": ["variable.is_first_person?-7:0", "variable.is_first_person?53:0", "variable.is_first_person?65:0"]
				},
				"leftArm": {
				    "position" : ["variable.is_first_person?-10.3:0", "variable.is_first_person?-2.35:0", "variable.is_first_person?2.5:0"],
					"rotation": ["variable.is_first_person?90:0", "variable.is_first_person?-10:0", "variable.is_first_person?180:0"],
				    "scale": ["variable.is_first_person?1:0", "variable.is_first_person?2:0", "variable.is_first_person?1:0"]
				},
				"gun" : {
				    "position" : ["variable.is_first_person?-1.5:0", "variable.is_first_person?-4:0", "variable.is_first_person?1:0"],
				    "rotation": ["variable.is_first_person?0:0", "variable.is_first_person?0:0", "variable.is_first_person?7.5:0"],
				    "scale" : 1.2
				},
				"scope" : {
				    "scale": ["variable.is_first_person?0:0", "variable.is_first_person?0:0", "variable.is_first_person?0:0"]
				}
			}
		},
		"animation.item.awm_sprint" : {
			"loop" : true,
			"bones" : {
				"rightItem" : {
					"position": [ 0, -800, 0]
				},
				"rightArm": {
				    "position" : ["variable.is_first_person?-2:0", "variable.is_first_person?7:0", "variable.is_first_person?-12:0"],
					"rotation": ["variable.is_first_person?-10:0", "variable.is_first_person?60:0", "variable.is_first_person?60:0"]
				},
				"leftArm": {
				    "position" : ["variable.is_first_person?-12.5:0", "variable.is_first_person?-2:0", "variable.is_first_person?-7:0"],
					"rotation": ["variable.is_first_person?90:0", "variable.is_first_person?-10:0", "variable.is_first_person?180:0"],
				    "scale": ["variable.is_first_person?1:0", "variable.is_first_person?2:0", "variable.is_first_person?1:0"]
				},
				"gun" : {
				    "position" : ["variable.is_first_person?8:0", "variable.is_first_person?-3:0", "variable.is_first_person?1:0"],
				    "rotation": ["variable.is_first_person?0:0", "variable.is_first_person?0:0", "variable.is_first_person?-52.5:0"],
				    "scale" : 1.2
				}
			}
		},
	"animation.item.awm_shoot": {
	"animation_length": 1.16,
			"bones": {
				"rightArm": {
					"position": {
		"0.0": [0, 0, 0],
		"0.1": [0, 0, -3],
		"0.25": [0, 0, 0]
					},
					"rotation": {
		"0.0": [0, 0, 0],
		"0.1": [-1.5, 0, 0],
		"0.25": [0, 0, 0]
					}
				},
				"zatvor": {
					"position": {
		"0.0": [0, 0, 0],
		"0.55": [0, 0, 0],
		"0.8": [0, 0, 1.5],
		"1": [0, 0, 0]
					}
				},
				"leftArm": {
					"position": {
		"0.0": [0, 0, 0],
		"0.1": [0, 0, -3],
		"0.25": [0, 0, 0],
		"0.55": [0, 1, -7],
		"0.8": [0, 1, -10.5],
		"1": [0, 1, -7],
		"1.16": [0, 0, 0]
					},
					"rotation": {
		"0.0": [0, 0, 0],
		"0.1": [-1.5, 0, 0],
		"0.25": [0, 0, 0]
					}
				}
			},
			"sound_effects": {
		"0.75": {
		"effect": "awm.bolt"
		       }
			}
		},
	"animation.item.awm_shoot_aim": {
	"animation_length": 1.16,
			"bones": {
				"rightArm": {
					"position": {
		"0.0": [0, 0, 0],
		"0.1": [0, 0, -0.8],
		"0.25": [0, 0, 0]
					},
					"rotation": {
		"0.0": [0, 0, 0],
		"0.1": [-0.25, 0, 0],
		"0.25": [0, 0, 0]
					}
				},
				"zatvor": {
					"position": {
		"0.0": [0, 0, 0],
		"0.55": [0, 0, 0],
		"0.8": [0, 0, 1.5],
		"1": [0, 0, 0]
					}
				},
				"leftArm": {
					"position": {
		"0.0": [0, 0, 0],
		"0.1": [0, 0, -0.8],
		"0.25": [0, 0, 0],
		"0.55": [0, 1, -14],
		"0.8": [0, 1, -19.5],
		"1": [0, 1, -14],
		"1.16": [0, 0, 0]
					},
					"rotation": {
		"0.0": [0, 0, 0],
		"0.1": [-0.25, 0, 0],
		"0.25": [0, 0, 0]
					}
				}
			},
			"sound_effects": {
		"0.75": {
		"effect": "awm.bolt"
		       }
			}
		}
	}
}
