{
	"format_version": "1.8.0",
	"animations": {
		"animation.item.fireaxe" : {
			"loop" : true,
			"bones" : {
				"rightItem" : {
					"position": [ 0, -800, 0]
				},
				"rightArm": {
				    "position" : ["variable.is_first_person?-6:0", "variable.is_first_person?12:0", "variable.is_first_person?-12:0"],
					"rotation": ["variable.is_first_person?-10:0", "variable.is_first_person?50:0", "variable.is_first_person?135:0"]
				},
				"leftArm": {
				    "position" : ["variable.is_first_person?-12:0", "variable.is_first_person?0:0", "variable.is_first_person?0:0"],
					"rotation": ["variable.is_first_person?90:0", "variable.is_first_person?-15:0", "variable.is_first_person?235:0"]
				},
				"gun" : {
				    "position" : ["variable.is_first_person?0:0", "variable.is_first_person?-0.5:0", "variable.is_first_person?5:0"],
				    "rotation": ["variable.is_first_person?0:0", "variable.is_first_person?0:0", "variable.is_first_person?7.5:0"],
				    "scale" : 1
				}
			}
		},
		"animation.item.butterfly_knife" : {
			"loop" : true,
			"bones" : {
				"rightItem" : {
					"position": [ 0, -800, 0]
				},
				"rightArm": {
				    "position" : ["variable.is_first_person?0:0", "variable.is_first_person?9:0", "variable.is_first_person?-7:0"],
					"rotation": ["variable.is_first_person?-10:0", "variable.is_first_person?60:0", "variable.is_first_person?30:0"]
				},
				"leftArm": {
				    "position" : ["variable.is_first_person?-12:0", "variable.is_first_person?-0.7:0", "variable.is_first_person?5:0"],
					"rotation": ["variable.is_first_person?90:0", "variable.is_first_person?-15:0", "variable.is_first_person?180:0"]
				},
				"gun" : {
				    "position" : ["variable.is_first_person?0:0", "variable.is_first_person?-0.5:0", "variable.is_first_person?-0.3:0"],
				    "rotation": ["variable.is_first_person?0:0", "variable.is_first_person?0:0", "variable.is_first_person?7.5:0"],
				    "scale" : 1
				}
			}
		},
		"animation.item.karambit" : {
			"loop" : true,
			"bones" : {
				"rightItem" : {
					"position": [ 0, -800, 0]
				},
				"rightArm": {
				    "position" : ["variable.is_first_person?0:0", "variable.is_first_person?9:0", "variable.is_first_person?-7:0"],
					"rotation": ["variable.is_first_person?-10:0", "variable.is_first_person?60:0", "variable.is_first_person?60:0"]
				},
				"leftArm": {
				    "position" : ["variable.is_first_person?-12:0", "variable.is_first_person?-0.7:0", "variable.is_first_person?5:0"],
					"rotation": ["variable.is_first_person?90:0", "variable.is_first_person?-15:0", "variable.is_first_person?180:0"]
				},
				"gun" : {
				    "position" : ["variable.is_first_person?0:0", "variable.is_first_person?-0.5:0", "variable.is_first_person?-0.3:0"],
				    "rotation": ["variable.is_first_person?0:0", "variable.is_first_person?0:0", "variable.is_first_person?7.5:0"],
				    "scale" : 1
				}
			}
		},
		"animation.item.knife" : {
			"loop" : true,
			"bones" : {
				"rightItem" : {
					"position": [ 0, -800, 0]
				},
				"rightArm": {
				    "position" : ["variable.is_first_person?0:0", "variable.is_first_person?9:0", "variable.is_first_person?-7:0"],
					"rotation": ["variable.is_first_person?-10:0", "variable.is_first_person?60:0", "variable.is_first_person?30:0"]
				},
				"leftArm": {
				    "position" : ["variable.is_first_person?-12:0", "variable.is_first_person?-0.7:0", "variable.is_first_person?5:0"],
					"rotation": ["variable.is_first_person?90:0", "variable.is_first_person?-15:0", "variable.is_first_person?180:0"]
				},
				"gun" : {
				    "position" : ["variable.is_first_person?0:0", "variable.is_first_person?-0.5:0", "variable.is_first_person?-0.3:0"],
				    "rotation": ["variable.is_first_person?0:0", "variable.is_first_person?0:0", "variable.is_first_person?7.5:0"],
				    "scale" : 1
				}
			}
		}
	}
}
