{
	"format_version": "1.8.0",
	"animations": {
		"animation.item.m16a1" : {
			"loop" : true,
			"bones" : {
				"rightItem" : {
					"position": [ 0, -800, 0]
				},
				"rightArm": {
				    "position" : ["variable.is_first_person?-1:0", "variable.is_first_person?7:0", "variable.is_first_person?-7:0"],
					"rotation": ["variable.is_first_person?-10:0", "variable.is_first_person?60:0", "variable.is_first_person?60:0"]
				},
				"leftArm": {
				    "position" : ["variable.is_first_person?-2:0", "variable.is_first_person?-1.5:0", "variable.is_first_person?10:0"],
					"rotation": ["variable.is_first_person?90:0", "variable.is_first_person?-10:0", "variable.is_first_person?180:0"],
				    "scale": ["variable.is_first_person?1:0", "variable.is_first_person?2:0", "variable.is_first_person?1:0"]
				},
				"gun" : {
				    "position" : ["variable.is_first_person?0:0", "variable.is_first_person?0:0", "variable.is_first_person?1:0"],
				    "rotation": ["variable.is_first_person?0:0", "variable.is_first_person?0:0", "variable.is_first_person?7.5:0"],
				    "scale" : 1.4
				}
			}
		},
		"animation.item.m16a1_aim" : {
			"loop" : true,
			"bones" : {
				"rightItem" : {
					"position": [ 0, -800, 0]
				},
				"rightArm": {
				    "position" : ["variable.is_first_person?-8:0", "variable.is_first_person?7:0", "variable.is_first_person?-15:0"],
					"rotation": ["variable.is_first_person?-7:0", "variable.is_first_person?53:0", "variable.is_first_person?65:0"]
				},
				"leftArm": {
				    "position" : ["variable.is_first_person?-9:0", "variable.is_first_person?-1.5:0", "variable.is_first_person?2:0"],
					"rotation": ["variable.is_first_person?90:0", "variable.is_first_person?-10:0", "variable.is_first_person?180:0"],
				    "scale": ["variable.is_first_person?1:0", "variable.is_first_person?2:0", "variable.is_first_person?1:0"]
				},
				"gun" : {
				    "position" : ["variable.is_first_person?0:0", "variable.is_first_person?0:0", "variable.is_first_person?1:0"],
				    "rotation": ["variable.is_first_person?0:0", "variable.is_first_person?0:0", "variable.is_first_person?7.5:0"],
				    "scale" : 1.4
				}
			}
		},
		"animation.item.m16a1_sprint" : {
			"loop" : true,
			"bones" : {
				"rightItem" : {
					"position": [ 0, -800, 0]
				},
				"rightArm": {
				    "position" : ["variable.is_first_person?-2:0", "variable.is_first_person?7:0", "variable.is_first_person?-12:0"],
					"rotation": ["variable.is_first_person?-10:0", "variable.is_first_person?60:0", "variable.is_first_person?60:0"]
				},
				"leftArm": {
				    "position" : ["variable.is_first_person?-10:0", "variable.is_first_person?-1.5:0", "variable.is_first_person?-4:0"],
					"rotation": ["variable.is_first_person?90:0", "variable.is_first_person?-10:0", "variable.is_first_person?180:0"],
				    "scale": ["variable.is_first_person?1:0", "variable.is_first_person?2:0", "variable.is_first_person?1:0"]
				},
				"gun" : {
				    "position" : ["variable.is_first_person?3:0", "variable.is_first_person?0:0", "variable.is_first_person?1:0"],
				    "rotation": ["variable.is_first_person?0:0", "variable.is_first_person?0:0", "variable.is_first_person?-52.5:0"],
				    "scale" : 1.4
				}
			}
		},
	"animation.item.m16a1_shoot": {
	"animation_length": 0.4,
	"anim_time_update": "query.anim_time + query.delta_time*2",
			"bones": {
				"rightArm": {
					"position": {
		"0.0": [0, 0, -0.3],
		"0.05": [0, 0, -0.6],
		"0.1": [0, 0, -0.9],
		"0.15": [0, 0, -1.2],
		"0.2": [0, 0, -0.3],
		"0.25": [0, 0, -0.6],
		"0.35": [0, 0, -0.9],
		"0.39": [0, 0, -1.2]
					},
					"rotation": {
		"0.0": [-0.5, 0, 0],
		"0.1": [-1, 0, 0],
		"0.2": [-0.5, 0, 0],
		"0.35": [-1, 0, 0]
					}
				},
				"zatvor": {
					"position": {
		"0.0": [0, 0, 0],
		"0.05": [0, 0, 0.25],
		"0.1": [0, 0, 0.6],
		"0.15": [0, 0, 1],
		"0.2": [0, 0, 1.35],
		"0.25": [0, 0, 0.25],
		"0.35": [0, 0, 0.6],
		"0.39": [0, 0, 1]
					}
				},
				"leftArm": {
					"position": {
		"0.0": [0, 0, -0.3],
		"0.05": [0, 0, -0.6],
		"0.1": [0, 0, -0.9],
		"0.15": [0, 0, -1.2],
		"0.2": [0, 0, -0.3],
		"0.25": [0, 0, -0.6],
		"0.35": [0, 0, -0.9],
		"0.39": [0, 0, -1.2]
					},
					"rotation": {
		"0.0": [-0.5, 0, 0],
		"0.1": [-1, 0, 0],
		"0.2": [-0.5, 0, 0],
		"0.35": [-1, 0, 0]
					}
				}
			}
		}
	}
}
