{
	"format_version": "1.8.0",
	"animations": {
		"animation.item.shotgun" : {
			"loop" : true,
			"bones" : {
				"rightItem" : {
					"position": [ 0, -800, 0]
				},
				"rightArm": {
				    "position" : ["variable.is_first_person?-1:0", "variable.is_first_person?7:0", "variable.is_first_person?-7:0"],
					"rotation": ["variable.is_first_person?-10:0", "variable.is_first_person?60:0", "variable.is_first_person?60:0"]
				},
				"leftArm": {
				    "position" : ["variable.is_first_person?-4:0", "variable.is_first_person?-2:0", "variable.is_first_person?10:0"],
					"rotation": ["variable.is_first_person?90:0", "variable.is_first_person?-10:0", "variable.is_first_person?180:0"],
				    "scale": ["variable.is_first_person?1:0", "variable.is_first_person?2:0", "variable.is_first_person?1:0"]
				},
				"gun" : {
				    "position" : ["variable.is_first_person?-1.1:0", "variable.is_first_person?-5:0", "variable.is_first_person?4:0"],
				    "rotation": ["variable.is_first_person?0:0", "variable.is_first_person?0:0", "variable.is_first_person?7.5:0"],
				    "scale" : 1.6
				}
			}
		},
		"animation.item.shotgun_aim" : {
			"loop" : true,
			"bones" : {
				"rightItem" : {
					"position": [ 0, -800, 0]
				},
				"rightArm": {
				    "position" : ["variable.is_first_person?-7.75:0", "variable.is_first_person?7.5:0", "variable.is_first_person?-15:0"],
					"rotation": ["variable.is_first_person?-7:0", "variable.is_first_person?53:0", "variable.is_first_person?65:0"]
				},
				"leftArm": {
				    "position" : ["variable.is_first_person?-9.6:0", "variable.is_first_person?-1:0", "variable.is_first_person?-2:0"],
					"rotation": ["variable.is_first_person?90:0", "variable.is_first_person?-10:0", "variable.is_first_person?180:0"],
				    "scale": ["variable.is_first_person?1:0", "variable.is_first_person?2:0", "variable.is_first_person?1:0"]
				},
				"gun" : {
				    "position" : ["variable.is_first_person?0:0", "variable.is_first_person?0:0", "variable.is_first_person?1:0"],
				    "rotation": ["variable.is_first_person?0:0", "variable.is_first_person?0:0", "variable.is_first_person?7.5:0"],
				    "scale" : 1.6
				}
			}
		},
		"animation.item.shotgun_sprint" : {
			"loop" : true,
			"bones" : {
				"rightItem" : {
					"position": [ 0, -800, 0]
				},
				"rightArm": {
				    "position" : ["variable.is_first_person?-2:0", "variable.is_first_person?8:0", "variable.is_first_person?-13.5:0"],
					"rotation": ["variable.is_first_person?-10:0", "variable.is_first_person?60:0", "variable.is_first_person?60:0"]
				},
				"leftArm": {
				    "position" : ["variable.is_first_person?-12:0", "variable.is_first_person?-2:0", "variable.is_first_person?-5.5:0"],
					"rotation": ["variable.is_first_person?90:0", "variable.is_first_person?-10:0", "variable.is_first_person?180:0"],
				    "scale": ["variable.is_first_person?1:0", "variable.is_first_person?2:0", "variable.is_first_person?1:0"]
				},
				"gun" : {
				    "position" : ["variable.is_first_person?4.9:0", "variable.is_first_person?-3:0", "variable.is_first_person?4:0"],
				    "rotation": ["variable.is_first_person?0:0", "variable.is_first_person?0:0", "variable.is_first_person?-52.5:0"],
				    "scale" : 1.6
				}
			}
		},
	"animation.item.shotgun_shoot": {
	"animation_length": 0.2,
			"bones": {
				"rightArm": {
					"position": {
		"0.0": [0, 0, 0],
		"0.1": [0, 0, -2.25],
		"0.2": [0, 0, 0]
					},
					"rotation": {
		"0.0": [0, 0, 0],
		"0.1": [-7.5, 0, 0],
		"0.2": [0, 0, 0]
					}
				},
				"leftArm": {
					"position": {
		"0.0": [0, 0, 0],
		"0.1": [0, 0, -2.25],
		"0.2": [0, 0, 0]
					},
					"rotation": {
		"0.0": [0, 0, 0],
		"0.1": [-7.5, 0, 0],
		"0.2": [0, 0, 0]
					}
				}
			}
		},
	"animation.item.shotgun_shoot_aim": {
	"animation_length": 0.2,
			"bones": {
				"rightArm": {
					"position": {
		"0.0": [0, 0, 0],
		"0.1": [0, 0, -1],
		"0.2": [0, 0, 0]
					},
					"rotation": {
		"0.0": [0, 0, 0],
		"0.1": [-1, 0, 0],
		"0.2": [0, 0, 0]
					}
				},
				"leftArm": {
					"position": {
		"0.0": [0, 0, 0],
		"0.1": [0, 0, -1],
		"0.2": [0, 0, 0]
					},
					"rotation": {
		"0.0": [0, 0, 0],
		"0.1": [-1, 0, 0],
		"0.2": [0, 0, 0]
					}
				}
			}
		}
	}
}
