{
	"format_version": "1.8.0",
	"animations": {
		"animation.item.tec9" : {
			"loop" : true,
			"bones" : {
				"rightItem" : {
					"position": [ 0, -800, 0]
				},
				"rightArm": {
				    "position" : ["variable.is_first_person?0:0", "variable.is_first_person?9:0", "variable.is_first_person?-7:0"],
					"rotation": ["variable.is_first_person?-10:0", "variable.is_first_person?80:0", "variable.is_first_person?60:0"]
				},
				"leftArm": {
				    "position" : ["variable.is_first_person?-4:0", "variable.is_first_person?-4:0", "variable.is_first_person?3:0"],
					"rotation": ["variable.is_first_person?90:0", "variable.is_first_person?-25:0", "variable.is_first_person?120:0"]
				},
				"gun" : {
				    "position" : ["variable.is_first_person?-0.2:0", "variable.is_first_person?-1:0", "variable.is_first_person?0:0"],
				    "rotation": ["variable.is_first_person?0:0", "variable.is_first_person?0:0", "variable.is_first_person?30:0"],
				"scale" : 0.6
				}
			}
		},
		"animation.item.tec9_empty" : {
			"loop" : true,
			"bones" : {
				"rightItem" : {
					"position": [ 0, -800, 0]
				},
				"rightArm": {
				    "position" : ["variable.is_first_person?0:0", "variable.is_first_person?9:0", "variable.is_first_person?-7:0"],
					"rotation": ["variable.is_first_person?-10:0", "variable.is_first_person?80:0", "variable.is_first_person?60:0"]
				},
				"leftArm": {
				    "position" : ["variable.is_first_person?-4:0", "variable.is_first_person?-4:0", "variable.is_first_person?3:0"],
					"rotation": ["variable.is_first_person?90:0", "variable.is_first_person?-25:0", "variable.is_first_person?120:0"]
				},
				"gun" : {
				    "position" : ["variable.is_first_person?0:0", "variable.is_first_person?-1:0", "variable.is_first_person?0:0"],
				    "rotation": ["variable.is_first_person?0:0", "variable.is_first_person?0:0", "variable.is_first_person?30:0"],
				"scale" : 0.6
				},
				"top" : {
				    "position" : ["variable.is_first_person?0:0", "variable.is_first_person?0:0", "variable.is_first_person?4:0"]
				}
			}
		},
		"animation.item.tec9_aim" : {
			"loop" : true,
			"bones" : {
				"rightItem" : {
					"position": [ 0, -800, 0]
				},
				"rightArm": {
				    "position" : ["variable.is_first_person?-7.95:0", "variable.is_first_person?10.6:0", "variable.is_first_person?-13:0"],
					"rotation": ["variable.is_first_person?-7:0", "variable.is_first_person?53:0", "variable.is_first_person?65:0"]
				},
				"leftArm": {
				    "position" : ["variable.is_first_person?-9.7:0", "variable.is_first_person?0.6:0", "variable.is_first_person?0:0"],
					"rotation": ["variable.is_first_person?90:0", "variable.is_first_person?-25:0", "variable.is_first_person?180:0"]
				},
				"gun" : {
				    "position" : ["variable.is_first_person?0:0", "variable.is_first_person?-0.5:0", "variable.is_first_person?-0.3:0"],
				    "rotation": ["variable.is_first_person?0:0", "variable.is_first_person?0:0", "variable.is_first_person?7.5:0"],
				    "scale" : 0.6
				}
			}
		},
		"animation.item.tec9_empty_aim" : {
			"loop" : true,
			"bones" : {
				"rightItem" : {
					"position": [ 0, -800, 0]
				},
				"rightArm": {
				    "position" : ["variable.is_first_person?-7.95:0", "variable.is_first_person?10.6:0", "variable.is_first_person?-13:0"],
					"rotation": ["variable.is_first_person?-7:0", "variable.is_first_person?53:0", "variable.is_first_person?65:0"]
				},
				"leftArm": {
				    "position" : ["variable.is_first_person?-9.7:0", "variable.is_first_person?0.6:0", "variable.is_first_person?0:0"],
					"rotation": ["variable.is_first_person?90:0", "variable.is_first_person?-25:0", "variable.is_first_person?180:0"]
				},
				"gun" : {
				    "position" : ["variable.is_first_person?0:0", "variable.is_first_person?-0.5:0", "variable.is_first_person?-0.3:0"],
				    "rotation": ["variable.is_first_person?0:0", "variable.is_first_person?0:0", "variable.is_first_person?7.5:0"],
				    "scale" : 0.6
				},
				"top" : {
				    "position" : ["variable.is_first_person?0:0", "variable.is_first_person?0:0", "variable.is_first_person?4:0"]
				}
			}
		},
		"animation.item.tec9_sprint" : {
			"loop" : true,
			"bones" : {
				"rightItem" : {
					"position": [ 0, -800, 0]
				},
				"rightArm": {
				    "position" : ["variable.is_first_person?-3.5:0", "variable.is_first_person?9:0", "variable.is_first_person?-7.6:0"],
					"rotation": ["variable.is_first_person?5:0", "variable.is_first_person?80:0", "variable.is_first_person?60:0"]
				},
				"leftArm": {
				    "position" : ["variable.is_first_person?-5.5:0", "variable.is_first_person?-2.05:0", "variable.is_first_person?5.4:0"],
					"rotation": ["variable.is_first_person?105:0", "variable.is_first_person?-5:0", "variable.is_first_person?180:0"]
				},
				"gun" : {
				    "position" : ["variable.is_first_person?0:0", "variable.is_first_person?-0.5:0", "variable.is_first_person?-0.3:0"],
				    "rotation": ["variable.is_first_person?0:0", "variable.is_first_person?0:0", "variable.is_first_person?7.5:0"],
				    "scale" : 0.6
				}
			}
		},
		"animation.item.tec9_empty_sprint" : {
			"loop" : true,
			"bones" : {
				"rightItem" : {
					"position": [ 0, -800, 0]
				},
				"rightArm": {
				    "position" : ["variable.is_first_person?-3.5:0", "variable.is_first_person?9:0", "variable.is_first_person?-7.6:0"],
					"rotation": ["variable.is_first_person?5:0", "variable.is_first_person?80:0", "variable.is_first_person?60:0"]
				},
				"leftArm": {
				    "position" : ["variable.is_first_person?-5.5:0", "variable.is_first_person?-2.05:0", "variable.is_first_person?5.4:0"],
					"rotation": ["variable.is_first_person?105:0", "variable.is_first_person?-5:0", "variable.is_first_person?180:0"]
				},
				"gun" : {
				    "position" : ["variable.is_first_person?0:0", "variable.is_first_person?-0.5:0", "variable.is_first_person?-0.3:0"],
				    "rotation": ["variable.is_first_person?0:0", "variable.is_first_person?0:0", "variable.is_first_person?7.5:0"],
				    "scale" : 0.6
				},
				"top" : {
				    "position" : ["variable.is_first_person?0:0", "variable.is_first_person?0:0", "variable.is_first_person?4:0"]
				}
			}
		},
	"animation.item.tec9_shoot": {
	"animation_length": 0.2,
			"bones": {
				"rightArm": {
					"position": {
		"0.0": [0, 0, 0],
		"0.1": [0, 0, -1.25],
		"0.2": [0, 0, 0]
					},
					"rotation": {
		"0.0": [0, 0, 0],
		"0.1": [-2.5, 0, 0],
		"0.2": [0, 0, 0]
					}
				},
				"top": {
					"position": {
		"0.0": [0, 0, 0],
		"0.1": [0, 0, 3.5],
		"0.2": [0, 0, 0]
					}
				},
				"leftArm": {
					"position": {
		"0.0": [0, 0, 0],
		"0.1": [0, 0, -1.25],
		"0.2": [0, 0, 0]
					},
					"rotation": {
		"0.0": [0, 0, 0],
		"0.1": [-2.5, 0, 0],
		"0.2": [0, 0, 0]
					}
				}
			}
		},
	"animation.item.tec9_shoot_aim": {
	"animation_length": 0.2,
			"bones": {
				"rightArm": {
					"position": {
		"0.0": [0, 0, 0],
		"0.1": [0, 0, -1],
		"0.2": [0, 0, 0]
					},
					"rotation": {
		"0.0": [0, 0, 0],
		"0.1": [-1, 0, 0],
		"0.2": [0, 0, 0]
					}
				},
				"top": {
					"position": {
		"0.0": [0, 0, 0],
		"0.1": [0, 0, 3.5],
		"0.2": [0, 0, 0]
					}
				},
				"leftArm": {
					"position": {
		"0.0": [0, 0, 0],
		"0.1": [0, 0, -1],
		"0.2": [0, 0, 0]
					},
					"rotation": {
		"0.0": [0, 0, 0],
		"0.1": [-1, 0, 0],
		"0.2": [0, 0, 0]
					}
				}
			}
		}
	}
}
