{
  "format_version": "1.8.0",
  "animations": {
		"animation.item.awm_reload": {
      "loop": "hold_on_last_frame",
      "animation_length": 2.08,
			"bones": {
				"rightArm": {
					"position": {
			"0.0": [0, 0, 0],
			"1": [0, 0, 0],
			"1.8": [0, 0, 0],
			"2.08": [0, 0, 0]
					},
					"rotation": {
			"0.0": [0, 0, 0],
			"1": [0, 0, 0],
			"1.8": [0, 0, 0],
			"2.08": [0, 0, 0]
					}
				},
				"ammo": {
					"position": {
			"0.0": [0, 0, 0],
			"0.6": [0, 0, 0],
			"0.8": [0, -6, 0],
			"1": [0, 0, 0],
			"2.08": [0, 0, 0]
					},
					"rotation": {
			"0.0": [0, 0, 0],
			"1": [0, 0, 0],
			"1.8": [0, 0, 0],
			"2.08": [0, 0, 0]
					}
				},
				"zatvor": {
					"position": {
			"0.0": [0, 0, 0],
			"1.2": [0, 0, 0],
			"1.4": [0, 0, 1.5],
			"1.8": [0, 0, 0],
			"2.08": [0, 0, 0]
					},
					"rotation": {
			"0.0": [0, 0, 0],
			"1": [0, 0, 0],
			"1.8": [0, 0, 0],
			"2.08": [0, 0, 0]
					}
				},
				"leftArm": {
					"position": {
			"0.0": [0, 0, 0],
			"0.6": [0, 0, 0],
			"0.8": [0, -6, 0],
			"1": [0, 0, 0],
			"1.2": [0, 1, -7],
			"1.4": [0, 1, -10],
			"1.8": [0, 1, 0],
			"2.08": [0, 0, 0]
					},
					"rotation": {
			"0.0": [0, 0, 0],
			"1": [0, 0, 0],
			"1.8": [0, 0, 0],
			"2.08": [0, 0, 0]
					}
				}
			},
			"sound_effects": {
		"0.75": {
		"effect": "awm.unload"
			   },
		"0.9": {
		"effect": "awm.reload"
		       },
		"1.35": {
		"effect": "awm.bolt"
		       }
			}
		}
    }
}