{
  "format_version": "1.8.0",
  "animations": {
		"animation.item.glock_reload": {
      "loop": "hold_on_last_frame",
      "animation_length": 2.2,
			"bones": {
				"rightArm": {
					"position": {
			"0.0": [0, 0, 0],
			"1": [0, 0, 0],
			"1.8": [0, 0, 0],
			"2.2": [0, 0, 0]
					},
					"rotation": {
			"0.0": [0, 0, 0],
			"1": [0, 0, 0],
			"1.8": [0, 0, 0],
			"2.2": [0, 0, 0]
					}
				},
				"ammo": {
					"position": {
			"0.0": [0, 0, 0],
			"0.8": [0, -6, 0],
			"1.4": [0, 0, 0],
			"1.8": [0, 0, 0],
			"2.2": [0, 0, 0]
					},
					"rotation": {
			"0.0": [0, 0, 0],
			"1": [0, 0, 0],
			"1.8": [0, 0, 0],
			"2.2": [0, 0, 0]
					}
				},
				"leftArm": {
					"position": {
			"0.0": [0, 0, 0],
			"0.8": [0, -6, 0],
			"1.4": [0, 0, 0],
			"2.2": [0, 0, 0]
					},
					"rotation": {
			"0.0": [0, 0, 0],
			"1": [0, 0, 0],
			"1.8": [0, 0, 0],
			"2.2": [0, 0, 0]
					}
				},
				"top": {
					"position": {
			"0.0": [0, 0, 3.5],
			"1.8": [0, 0, 3.5],
			"2.2": [0, 0, 0]
					},
					"rotation": {
			"0.0": [0, 0, 0],
			"1": [0, 0, 0],
			"1.8": [0, 0, 0],
			"2.2": [0, 0, 0]
					}
				}
			},
			"sound_effects": {
		"0.25": {
		"effect": "pistol.unload"
			   },
		"1.4": {
		"effect": "pistol.reload"
		       },
		"2.07": {
		"effect": "pistol.bolt"
		       }
		    }
		}
    }
}