{
  "format_version": "1.8.0",
  "animations": {
	"animation.item.kar98k_reload": {
      "loop": "hold_on_last_frame",
      "animation_length": 4,
			"bones": {
				"rightArm": {
					"position": {
			"0.0": [0, 0, 0],
			"0.8": [0, 0, 0],
			"3": [0, 0, 0],
			"4": [0, 0, 0]
					},
					"rotation": {
			"0.0": [0, 0, 0],
			"1": [0, 0, 0],
			"3": [0, 0, 0],
			"4": [0, 0, 0]
					}
				},
				"zatvor": {
					"position": {
			"0.0": [0, 0, 0],
			"0.9": [0, 0, 0],
			"1.2": [0, 0, 1.9],
			"3.35": [0, 0, 1.9],
			"3.55": [0, 0, 0],
			"4": [0, 0, 0]
					},
					"rotation": {
			"0.0": [0, 0, 0],
			"1": [0, 0, 0],
			"3": [0, 0, 0],
			"4": [0, 0, 0]
					}
				},
				"leftArm": {
					"position": {
			"0.0": [0, 0, 0],
			"0.9": [0, 1.5, -2],
			"1.2": [0, 1.5, -5],
			"1.3": [0, 1.5, -2],
			"3.1": [0, 1.5, -2],
			"3.35": [0, 1.5, -5],
			"3.55": [0, 1.5, -2],
			"3.8": [0, 0, 0],
			"4": [0, 0, 0]
					},
					"rotation": {
			"0.0": [0, 0, 0],
			"1.3": [0, 0, 0],
			"1.35": [-10, 0, 0],
			"1.5": [0, 0, 0],
			"1.7": [-10, 0, 0],
			"1.9": [0, 0, 0],
			"2.1": [-10, 0, 0],
			"2.3": [0, 0, 0],
			"2.5": [-10, 0, 0],
			"2.7": [0, 0, 0],
			"2.9": [-10, 0, 0],
			"3.1": [0, 0, 0],
			"4": [0, 0, 0]
					}
				}
			},
			"sound_effects": {
		"1.1": {
		"effect": "kar98k.bolt"
			   },
		"1.35": {
		"effect": "kar98k.bullet"
		       },
		"1.7": {
		"effect": "kar98k.bullet"
		       },
		"2.1": {
		"effect": "kar98k.bullet"
		       },
		"2.5": {
		"effect": "kar98k.bullet"
		       },
		"2.9": {
		"effect": "kar98k.bullet"
		       },
		"3.35": {
		"effect": "kar98k.bolt"
			   }
			}
		}
    }
}