{
  "format_version": "1.8.0",
  "animations": {
	"animation.item.ks23_reload": {
      "loop": "hold_on_last_frame",
      "animation_length": 4.3,
			"bones": {
				"rightArm": {
					"position": {
			"0.0": [0, 0, 0],
			"1": [0, 0, 0],
			"3": [0, 0, 0],
			"4": [0, 0, 0]
					},
					"rotation": {
			"0.0": [0, 0, 0],
			"1": [0, 0, 0],
			"3": [0, 0, 0],
			"4": [0, 0, 0]
					}
				},
				"ammo": {
					"position": {
			"0.0": [0, 0, 0],
			"1": [0, 0, 0],
			"2": [0, 0, 0],
			"3": [0, 0, 0],
			"4": [0, 0, 0]
					},
					"rotation": {
			"0.0": [0, 0, 0],
			"1": [0, 0, 0],
			"3": [0, 0, 0],
			"4": [0, 0, 0]
					}
				},
				"leftArm": {
					"position": {
			"0.0": [0, 0, 0],
			"1": [1, -5, -4],
			"1.3": [1, 0, -4],
			"1.6": [1, -5, -4],
			"1.9": [1, 0, -4],
			"2.2": [1, -5, -4],
			"2.5": [1, 0, -4],
			"2.8": [1, -5, -4],
			"3.1": [1, 0, -4],
			"3.4": [1, -5, -4],
			"4.3": [0, 0, 0]
					},
					"rotation": {
			"0.0": [0, 0, 0],
			"1": [0, 0, 0],
			"3": [0, 0, 0],
			"4": [0, 0, 0]
					}
				}
			},
			"sound_effects": {
		"1.25": {
		"effect": "shotgun.bullet"
			   },
		"1.85": {
		"effect": "shotgun.bullet"
		       },
		"2.45": {
		"effect": "shotgun.bullet"
		       },
		"3.05": {
		"effect": "shotgun.bullet"
		       }
			}
		}
    }
}