{
  "format_version": "1.8.0",
  "animations": {
	"animation.item.m249_reload": {
      "loop": "hold_on_last_frame",
      "animation_length": 4.3,
			"bones": {
				"rotate": {
					"rotation": {
			"0.0": [0, 0, 0],
			"1": [0, 0, 0],
			"1.4": [30, 0, 0],
			"2.7": [30, 0, 0],
			"3": [0, 0, 0],
			"3.4": [0, 0, 0],
			"4": [0, 0, 0]
					}
				},
				"ammo": {
					"position": {
			"0.0": [0, 0, 0],
			"1.7": [0, 0, 0],
			"2": [0, -6, 0],
			"2.35": [0, 0, 0],
			"4": [0, 0, 0]
					},
					"rotation": {
			"0.0": [0, 0, 0],
			"1": [0, 0, 0],
			"3": [0, 0, 0],
			"4": [0, 0, 0]
					}
				},
				"leftArm": {
					"position": {
			"0.0": [0, 0, 0],
			"1": [3.5, 4, 0],
			"1.4": [3.5, 8, 0],
			"1.7": [0, 0, 0],
			"2": [0, -6, 0],
			"2.35": [0, 0, 0],
			"2.7": [3.5, 7, 0],
			"3": [3.5, 4, 0],
			"3.4": [0, 0, 0],
			"3.7": [0, 0, 0],
			"4": [0, 0, 0]
					},
					"rotation": {
			"0.0": [0, 0, 0],
			"1": [0, 0, 0],
			"3": [0, 0, 0],
			"4": [0, 0, 0]
					}
				}
			}
		}
    }
}