{
  "format_version": "1.8.0",
  "animations": {
	"animation.item.m357_reload": {
      "loop": "hold_on_last_frame",
      "animation_length": 4.3,
			"bones": {
				"barrel": {
					"position": {
			"0.0": [0, 0, 0],
			"0.9": [0, 0, 0],
			"1.1": [1.3, 0, 0],
			"3.15": [1.3, 0, 0],
			"3.35": [0, 0, 0],
			"4": [0, 0, 0]
					}
				},
				"leftArm": {
					"position": {
			"0.0": [0, 0, 0],
			"0.9": [0, 2.5, 0],
			"1.1": [-1, 2.5, 0],
			"1.3": [0, 2.5, -1],
			"1.45": [0, 2.5, 0],
			"1.6": [0, 2.5, -1],
			"1.75": [0, 2.5, 0],
			"1.9": [0, 2.5, -1],
			"2.05": [0, 2.5, 0],
			"2.2": [0, 2.5, -1],
			"2.35": [0, 2.5, 0],
			"2.5": [0, 2.5, -1],
			"2.65": [0, 2.5, 0],
			"2.8": [0, 2.5, -1],
			"2.95": [0, 2.5, 0],
			"3.15": [-1, 2.5, 0],
			"3.35": [0, 2.5, 0],
			"4": [0, 0, 0]
					},
					"rotation": {
			"0.0": [0, 0, 0],
			"1": [0, 0, 0],
			"2": [0, 0, 0],
			"3": [0, 0, 0],
			"4": [0, 0, 0]
					}
				}
			},
			"sound_effects": {
		"0.25": {
		"effect": "m357.bullet"
			   },
		"0.65": {
		"effect": "m357.bullet"
			   },
		"0.95": {
		"effect": "m357.bullet"
			   },
		"1.25": {
		"effect": "m357.bullet"
			   },
		"1.55": {
		"effect": "m357.bullet"
			   },
		"1.85": {
		"effect": "m357.bullet"
			   }
			}
		}
    }
}