{
  "format_version": "1.8.0",
  "animations": {
	"animation.item.mk18_reload": {
      "loop": "hold_on_last_frame",
      "animation_length": 2.08,
			"bones": {
				"rightArm": {
					"position": {
			"0.0": [0, 0, 0],
			"1": [0, 0, 0],
			"1.8": [0, 0, 0],
			"2.08": [0, 0, 0]
					},
					"rotation": {
			"0.0": [0, 0, 0],
			"0.75": [0, 40, 0],
			"1.8": [0, 40, 0],
			"2.08": [0, 0, 0]
					}
				},
				"ammo": {
					"position": {
			"0.0": [0, 0, 0],
			"1": [0, 0, 0],
			"1.4": [0, -6, 0],
			"1.8": [0, 0, 0],
			"2.08": [0, 0, 0]
					},
					"rotation": {
			"0.0": [0, 0, 0],
			"1": [0, 0, 0],
			"1.8": [0, 0, 0],
			"2.08": [0, 0, 0]
					}
				},
				"leftArm": {
					"position": {
			"0.0": [0, 0, 0],
			"0.8": [-8.5, 0, -13],
			"1.4": [-7.5, -6, -13],
			"1.8": [-7.5, 0, -13],
			"2.08": [0, 0, 0]
					},
					"rotation": {
			"0.0": [0, 0, 0],
			"1": [0, 0, 0],
			"1.8": [0, 0, 0],
			"2.08": [0, 0, 0]
					}
				}
			},
			"sound_effects": {
		"0.55": {
		"effect": "akm.unload"
			   },
		"1.15": {
		"effect": "akm.reload"
		       }
			}
		}
    }
}