{
  "format_version": "1.8.0",
  "animations": {
	"animation.item.rpg_reload": {
      "loop": "hold_on_last_frame",
      "animation_length": 4.3,
			"bones": {
				"rightArm": {
					"rotation": {
			"0.0": [0, 0, 0],
			"0.95": [0, 45, 0],
			"1.4": [0, 45, 0],
			"2.7": [0, 45, 0],
			"3": [0, 45, 0],
			"3.4": [0, 45, 0],
			"4": [0, 0, 0]
					},
					"position": {
			"0.0": [0, 0, 0],
			"0.95": [3, 0, 0],
			"1.4": [3, 0, 0],
			"2.7": [3, 0, 0],
			"3": [3, 0, 0],
			"3.4": [3, 0, 0],
			"4": [0, 0, 0]
					}
				},
				"rocket": {
					"scale": {
			"0.0": [0, 0, 0],
			"2.35": [0, 0, 0],
			"2.5": [1, 1, 1],
			"3.4": [1, 1, 1],
			"4": [1, 1, 1]
					},
					"position": {
			"0.0": [0, 0, 0],
			"2.35": [0, -15, 0],
			"2.7": [0, 0, 0],
			"3.4": [0, 0, 0],
			"4": [0, 0, 0]
					}
				},
				"leftArm": {
					"position": {
			"0.0": [0, 0, 0],
			"0.95": [-22, -12, -6],
			"1.4": [-22, -12, -6],
			"1.7": [-22, -12, -6],
			"2": [-22, -12, -6],
			"2.35": [-22, -12, -6],
			"2.7": [-22, 3, -6],
			"3.4": [-19, 3, -6],
			"4": [0, 0, 0]
					},
					"rotation": {
			"0.0": [0, 0, 0],
			"1": [0, 0, 0],
			"3": [0, 0, 0],
			"4": [0, 0, 0]
					}
				}
			}
		}
    }
}