{
  "format_version": "1.8.0",
  "animations": {
	"animation.item.sawedoff_reload": {
      "loop": "hold_on_last_frame",
      "animation_length": 2.08,
			"bones": {
				"rightArm": {
					"position": {
			"0.0": [0, 0, 0],
			"1": [0, 0, 0],
			"1.8": [0, 0, 0],
			"2.08": [0, 0, 0]
					},
					"rotation": {
			"0.0": [0, 0, 0],
			"0.75": [0, 0, 0],
			"1.8": [0, 0, 0],
			"2.08": [0, 0, 0]
					}
				},
				"ammo": {
					"position": {
			"0.0": [0, 0, 0],
			"1": [0, 0, 0],
			"1.4": [0, 0, 0],
			"1.8": [0, 0, 0],
			"2.08": [0, 0, 0]
					},
					"rotation": {
			"0.0": [0, 0, 0],
			"1": [0, 0, 0],
			"1.8": [0, 0, 0],
			"2.08": [0, 0, 0]
					}
				},
				"leftArm": {
					"position": {
			"0.0": [0, 0, 0],
			"0.75": [0, 0, -5],
			"0.95": [1, 2.5, -8],
			"1.15": [1, 2.5, -5],
			"1.35": [1, 2.5, -8],
			"1.55": [1, 2.5, -5],
			"1.75": [0, 0, -5],
			"2.08": [0, 0, 0]
					},
					"rotation": {
			"0.0": [0, 0, 0],
			"1": [0, 0, 0],
			"1.8": [0, 0, 0],
			"2.08": [0, 0, 0]
					}
				}
			},
			"sound_effects": {
		"1.1": {
		"effect": "shotgun.bullet"
			   },
		"1.5": {
		"effect": "shotgun.bullet"
		       }
			}
		}
    }
}