{
	"entity_sounds": {
		"entities": {
			"bridge:tiros": {
				"volume": 100.0,
				"pitch": [ 0.8, 1.2 ],
				"events": {
					"purr": "effect.tiros"
				}
			},
			"bridge:human": {
				"volume": 1.0,
				"pitch": [ 0.8, 1.2 ],
				"events": {
					"shoot": "gun.akr"
				}
			},
			"bridge:bandit": {
				"volume": 1.0,
				"pitch": [ 0.8, 1.2 ],
				"events": {
					"shoot": "gun.m4"
				}
			},
			"bridge:walker": {
				"volume": 1.0,
				"pitch": [ 0.8, 1.2 ],
				"events": {
					"ambient": "mob.walker.hurt",
					"hurt": "mob.walker.hurt",
					"death": "mob.walker.hurt",
					"step": {
						"sound": "mob.zombie.step",
						"volume": 0.45,
						"pitch": 1.0
					}
				}
			},
			"bridge:caixa_civil": {
				"volume": 1.0,
				"pitch": [ 0.8, 1.2 ],
				"events": {
					"hurt": "dig.wood",
					"death": "dig.wood"
				}
			},
			"bridge:caixa_hospitalar": {
				"volume": 1.0,
				"pitch": [ 0.8, 1.2 ],
				"events": {
					"hurt": "dig.wood",
					"death": "dig.wood"
				}
			},
			"bridge:caixa_militar": {
				"volume": 1.0,
				"pitch": [ 0.8, 1.2 ],
				"events": {
					"hurt": "dig.wood",
					"death": "dig.wood"
				}
			}
		}
	}
}