{
	"format_version": "1.10.0",
	"geometry.akr": {
		"texturewidth": 64,
		"textureheight": 64,
		"visible_bounds_width": 7,
		"visible_bounds_height": 2,
		"visible_bounds_offset": [0, 0, 0],
		"bones": [
			{
				"name": "root",
				"pivot": [0, 0, 0]
			},
			{
				"name": "waist",
				"parent": "root",
				"pivot": [0, 12, 0]
			},
			{
				"name": "body",
				"parent": "waist",
				"pivot": [0, 24, 0]
			},
			{
				"name": "rightArm",
				"parent": "body",
				"pivot": [-5, 22, 0]
			},
			{
				"name": "gun",
				"parent": "rightArm",
				"pivot": [0, 22, -3],
				"rotation": [90, 0, 0],
				"cubes": [
					{"origin": [-2.5, 30, -5], "size": [1, 1, 3], "uv": [25, 9]},
					{"origin": [-2.5, 31, -2], "size": [1, 2, 1], "uv": [9, 18]},
					{"origin": [-2.5, 31, -6], "size": [1, 2, 1], "uv": [0, 23]},
					{"origin": [-2.5, 33.5, -34.5], "size": [1, 1, 14], "uv": [20, 4]},
					{"origin": [-2.5, 34.5, -31.5], "size": [1, 4, 1], "uv": [10, 0]},
					{"origin": [-2.5, 36, -24.5], "size": [1, 1, 4], "uv": [0, 23]},
					{"origin": [-2.5, 34, -24.5], "size": [1, 2, 1], "uv": [10, 10]},
					{"origin": [-3.5, 33, -11.5], "size": [3, 4, 14], "uv": [0, 0]},
					{"origin": [-3.5, 32, -13.5], "size": [3, 1, 2], "uv": [35, 19]},
					{"origin": [-3.5, 35, -13.5], "size": [3, 1, 2], "uv": [0, 28]},
					{"origin": [-3.5, 35, -20.5], "size": [3, 1, 2], "uv": [29, 0]},
					{"origin": [-3.5, 35, -17.5], "size": [3, 1, 3], "uv": [20, 0]},
					{"origin": [-3.5, 33, -20.5], "size": [3, 2, 9], "uv": [36, 19]},
					{"origin": [-3.5, 36.3, -20.5], "size": [3, 2, 9], "uv": [36, 0]},
					{"origin": [-3.5, 35.3, -20.5], "size": [3, 1, 9], "uv": [0, 35]},
					{"origin": [-3, 34, -11.5], "size": [2, 4, 13], "uv": [0, 18]}
				]
			},
			{
				"name": "bone11",
				"parent": "gun",
				"pivot": [-1, 33, 2.5],
				"rotation": [-15, 0, 0],
				"cubes": [
					{"origin": [-3.475, 33, 1.5], "size": [2.95, 3, 10], "uv": [20, 25]}
				]
			},
			{
				"name": "bone10",
				"parent": "gun",
				"pivot": [0, 37, 2.5],
				"rotation": [-20, 0, 0],
				"cubes": [
					{"origin": [-3.475, 35, 2.5], "size": [2.95, 2, 2], "uv": [17, 26]}
				]
			},
			{
				"name": "bone12",
				"parent": "gun",
				"pivot": [0, 36.31596, 4.37939],
				"rotation": [27.5, 0, 0],
				"cubes": [
					{"origin": [-3.475, 34.31596, 3.37939], "size": [2.95, 2, 3], "uv": [0, 18]}
				]
			},
			{
				"name": "bone13",
				"parent": "gun",
				"pivot": [0, 37.23946, 6.15341],
				"cubes": [
					{"origin": [-3.475, 32.23946, 6.15341], "size": [2.95, 5, 6], "uv": [24, 38]},
					{"origin": [-3.475, 30.68946, 11.15341], "size": [2.95, 2, 1], "uv": [0, 35]}
				]
			},
			{
				"name": "bone9",
				"parent": "gun",
				"pivot": [-2, 38, 1.5],
				"rotation": [-45, 0, 0],
				"cubes": [
					{"origin": [-3, 34, 1.5], "size": [2, 4, 2], "uv": [27, 19]}
				]
			},
			{
				"name": "bone2",
				"parent": "gun",
				"pivot": [-1, 34, -7],
				"cubes": [
					{"origin": [-3.4, 30, -9.5], "size": [2.8, 4, 3], "uv": [17, 19]}
				]
			},
			{
				"name": "bone18",
				"parent": "gun",
				"pivot": [-1, 30, -6.5],
				"rotation": [-12.5, 0, 0],
				"cubes": [
					{"origin": [-3.4, 26, -9.5], "size": [2.8, 4, 3], "uv": [0, 7]}
				]
			},
			{
				"name": "bone19",
				"parent": "gun",
				"pivot": [-1, 26.09482, -7.36576],
				"rotation": [-35, 0, 0],
				"cubes": [
					{"origin": [-3.4, 22.09482, -10.36576], "size": [2.8, 4, 3], "uv": [0, 0]}
				]
			},
			{
				"name": "bone16",
				"parent": "gun",
				"pivot": [-1, 30, -7],
				"rotation": [-10, 0, 0]
			},
			{
				"name": "bone17",
				"parent": "gun",
				"pivot": [-1, 26.06077, -7.69459],
				"rotation": [-22.5, 0, 0]
			},
			{
				"name": "bone15",
				"parent": "gun",
				"pivot": [-1, 30, -7],
				"rotation": [-12.5, 0, 0]
			},
			{
				"name": "bone",
				"parent": "gun",
				"pivot": [-1, 30.17474, 6.923],
				"rotation": [7.5, 0, 0]
			},
			{
				"name": "bone7",
				"parent": "bone",
				"pivot": [-2, 26.17474, 10.923],
				"rotation": [-10, 0, 0]
			},
			{
				"name": "bone6",
				"parent": "gun",
				"pivot": [-1, 29, -2],
				"rotation": [2.5, 0, 0]
			},
			{
				"name": "bone8",
				"parent": "bone6",
				"pivot": [-2, 25, 2],
				"rotation": [-10, 0, 0]
			},
			{
				"name": "bone4",
				"parent": "gun",
				"pivot": [-1, 26.38796, 3.01769]
			},
			{
				"name": "bone5",
				"parent": "bone4",
				"pivot": [-1, 26.38796, 3.01769]
			},
			{
				"name": "bone14",
				"parent": "gun",
				"pivot": [0, 33, -35.5],
				"rotation": [45, 0, 0]
			},
			{
				"name": "bone3",
				"parent": "gun",
				"pivot": [0, 32.87857, -1.21765],
				"rotation": [12.5, 0, 0],
				"cubes": [
					{"origin": [-3.4, 26.87857, -1.21765], "size": [2.8, 6, 2], "uv": [20, 4]}
				]
			},
			{
				"name": "rightItem5",
				"parent": "gun",
				"pivot": [-2, 31.86603, -2.5],
				"rotation": [-22.5, 0, 0],
				"cubes": [
					{"origin": [-2.5, 30.73205, -4], "size": [1, 3, 1], "uv": [9, 6]}
				]
			}
		]
	}
}