{
	"format_version": "1.10.0",
	"geometry.akr12.i": {
		"texturewidth": 64,
		"textureheight": 64,
		"visible_bounds_width": 7,
		"visible_bounds_height": 2,
		"visible_bounds_offset": [0, 0, 0],
		"bones": [
			{
				"name": "root",
				"pivot": [0, 0, 0]
			},
			{
				"name": "waist",
				"parent": "root",
				"pivot": [0, 12, 0]
			},
			{
				"name": "body",
				"parent": "waist",
				"pivot": [0, 24, 0]
			},
			{
				"name": "rightArm",
				"parent": "body",
				"pivot": [-5, 22, 0]
			},
			{
				"name": "gun",
				"parent": "rightArm",
				"pivot": [3, -27, 8],
				"cubes": [
					{"origin": [-1.5, 8, 1], "size": [1, 1, 3], "uv": [30, 22]},
					{"origin": [-1.5, 9, 4], "size": [1, 2, 1], "uv": [7, 0]},
					{"origin": [-1.5, 12.6, -23.5], "size": [1, 1, 10], "uv": [31, 31]},
					{"origin": [-1.5, 14.65, -18.5], "size": [1, 1, 5], "uv": [39, 8]},
					{"origin": [-1.5, 13.65, -18.5], "size": [1, 1, 1], "uv": [4, 23]},
					{"origin": [-3, 11, -3.5], "size": [4, 5, 11], "uv": [0, 0]},
					{"origin": [-3, 11, 7.5], "size": [4, 3, 2], "uv": [0, 42]},
					{"origin": [-2, 15.6, -13.5], "size": [2, 1, 10], "uv": [0, 31]},
					{"origin": [-2, 15.3, -3.5], "size": [2, 1, 11], "uv": [15, 20]},
					{"origin": [-2, 15.6, 1.5], "size": [2, 2, 2], "uv": [30, 18]},
					{"origin": [-2.3, 17.6, -1.5], "size": [2.6, 2.5, 4], "uv": [32, 7]},
					{"origin": [-2, 17.6, 2.5], "size": [2, 2, 4], "uv": [24, 32]},
					{"origin": [-2, 10.5, -13.5], "size": [2, 1, 10], "uv": [30, 18]},
					{"origin": [-2, 5.5, -11.5], "size": [2, 5, 2], "uv": [19, 4]},
					{"origin": [-2.5, 11, -13.5], "size": [3, 5, 10], "uv": [0, 16]},
					{"origin": [-1.8, 11.2, 8], "size": [1.6, 2.8, 12], "uv": [18, 4]},
					{"origin": [-2.3, 11.5, 14], "size": [2.6, 2.8, 6], "uv": [14, 32]},
					{"origin": [-1.8, 8.3, 17.5], "size": [1.6, 3.7, 2], "uv": [0, 31]},
					{"origin": [-1.8, 7.3, 18], "size": [1.6, 1.7, 2], "uv": [0, 23]},
					{"origin": [-1.8, 7.3, 20], "size": [1.6, 6.7, 1], "uv": [6, 31]}
				]
			},
			{
				"name": "bone15",
				"parent": "gun",
				"pivot": [1, 16, 7.5],
				"rotation": [-45, 0, 0],
				"cubes": [
					{"origin": [-2.975, 14, 7.5], "size": [3.95, 2, 2.8], "uv": [19, 0]}
				]
			},
			{
				"name": "bone10",
				"parent": "gun",
				"pivot": [1, 11, 2],
				"rotation": [-10, 0, 0],
				"cubes": [
					{"origin": [-2.5, 8, -2.5], "size": [3, 3, 4], "uv": [32, 0]}
				]
			},
			{
				"name": "bone2",
				"parent": "gun",
				"pivot": [1, 8.04558, 0.97906],
				"rotation": [-10, 0, 0],
				"cubes": [
					{"origin": [-2.4, 4.1324, -2.92854], "size": [2.8, 4, 3.8], "uv": [16, 18]}
				]
			},
			{
				"name": "bone11",
				"parent": "gun",
				"pivot": [1, 4.10635, 0.28446],
				"rotation": [-20, 0, 0],
				"cubes": [
					{"origin": [-2.4, 0.19317, -3.62313], "size": [2.8, 4, 3.8], "uv": [0, 16]}
				]
			},
			{
				"name": "bone18",
				"parent": "gun",
				"pivot": [0, 7.74027, 0.67156],
				"rotation": [-12.5, 0, 0]
			},
			{
				"name": "bone",
				"parent": "gun",
				"pivot": [0, 8.17474, 12.923],
				"rotation": [7.5, 0, 0]
			},
			{
				"name": "bone7",
				"parent": "bone",
				"pivot": [-1, 4.17474, 16.923],
				"rotation": [-10, 0, 0]
			},
			{
				"name": "bone6",
				"parent": "gun",
				"pivot": [0, 7, 4],
				"rotation": [2.5, 0, 0]
			},
			{
				"name": "bone8",
				"parent": "bone6",
				"pivot": [-1, 3, 8],
				"rotation": [-10, 0, 0]
			},
			{
				"name": "bone4",
				"parent": "gun",
				"pivot": [0, 4.38796, 9.01769]
			},
			{
				"name": "bone5",
				"parent": "bone4",
				"pivot": [0, 4.38796, 9.01769]
			},
			{
				"name": "bone3",
				"parent": "gun",
				"pivot": [1, 10.87857, 4.78235],
				"rotation": [12.5, 0, 0],
				"cubes": [
					{"origin": [-2.4, 4.85487, 4.99879], "size": [2.8, 7, 3], "uv": [0, 0]}
				]
			},
			{
				"name": "bone9",
				"parent": "gun",
				"pivot": [0, 9.78397, 7.10622],
				"rotation": [150, 0, 0]
			},
			{
				"name": "rightItem5",
				"parent": "gun",
				"pivot": [-1, 9.86603, 3.5],
				"rotation": [-22.5, 0, 0],
				"cubes": [
					{"origin": [-1.5, 8.73205, 2], "size": [1, 3, 1], "uv": [31, 0]}
				]
			}
		]
	}
}