{
	"format_version": "1.10.0",
	"geometry.akr12": {
		"texturewidth": 64,
		"textureheight": 64,
		"visible_bounds_width": 7,
		"visible_bounds_height": 2,
		"visible_bounds_offset": [0, 0, 0],
		"bones": [
			{
				"name": "root",
				"pivot": [0, 0, 0]
			},
			{
				"name": "waist",
				"parent": "root",
				"pivot": [0, 12, 0]
			},
			{
				"name": "body",
				"parent": "waist",
				"pivot": [0, 24, 0]
			},
			{
				"name": "rightArm",
				"parent": "body",
				"pivot": [-5, 22, 0]
			},
			{
				"name": "gun",
				"parent": "rightArm",
				"pivot": [0, 22, -3],
				"rotation": [90, 0, 0],
				"cubes": [
					{"origin": [-2.5, 30, -5], "size": [1, 1, 3], "uv": [30, 22]},
					{"origin": [-2.5, 31, -2], "size": [1, 2, 1], "uv": [7, 0]},
					{"origin": [-2.5, 34.6, -29.5], "size": [1, 1, 10], "uv": [31, 31]},
					{"origin": [-2.5, 36.65, -24.5], "size": [1, 1, 5], "uv": [39, 8]},
					{"origin": [-2.5, 35.65, -24.5], "size": [1, 1, 1], "uv": [4, 23]},
					{"origin": [-4, 33, -9.5], "size": [4, 5, 11], "uv": [0, 0]},
					{"origin": [-4, 33, 1.5], "size": [4, 3, 2], "uv": [0, 42]},
					{"origin": [-3, 37.6, -19.5], "size": [2, 1, 10], "uv": [0, 31]},
					{"origin": [-3, 37.3, -9.5], "size": [2, 1, 11], "uv": [15, 20]},
					{"origin": [-3, 37.6, -4.5], "size": [2, 2, 2], "uv": [30, 18]},
					{"origin": [-3.3, 39.6, -7.5], "size": [2.6, 2.5, 4], "uv": [32, 7]},
					{"origin": [-3, 39.6, -3.5], "size": [2, 2, 4], "uv": [24, 32]},
					{"origin": [-3, 32.5, -19.5], "size": [2, 1, 10], "uv": [30, 18]},
					{"origin": [-3, 27.5, -17.5], "size": [2, 5, 2], "uv": [19, 4]},
					{"origin": [-3.5, 33, -19.5], "size": [3, 5, 10], "uv": [0, 16]},
					{"origin": [-2.8, 33.2, 2], "size": [1.6, 2.8, 12], "uv": [18, 4]},
					{"origin": [-3.3, 33.5, 8], "size": [2.6, 2.8, 6], "uv": [14, 32]},
					{"origin": [-2.8, 30.3, 11.5], "size": [1.6, 3.7, 2], "uv": [0, 31]},
					{"origin": [-2.8, 29.3, 12], "size": [1.6, 1.7, 2], "uv": [0, 23]},
					{"origin": [-2.8, 29.3, 14], "size": [1.6, 6.7, 1], "uv": [6, 31]}
				]
			},
			{
				"name": "bone15",
				"parent": "gun",
				"pivot": [0, 38, 1.5],
				"rotation": [-45, 0, 0],
				"cubes": [
					{"origin": [-3.975, 36, 1.5], "size": [3.95, 2, 2.8], "uv": [19, 0]}
				]
			},
			{
				"name": "bone10",
				"parent": "gun",
				"pivot": [0, 33, -4],
				"rotation": [-10, 0, 0],
				"cubes": [
					{"origin": [-3.5, 30, -8.5], "size": [3, 3, 4], "uv": [32, 0]}
				]
			},
			{
				"name": "bone2",
				"parent": "gun",
				"pivot": [0, 30.04558, -5.02094],
				"rotation": [-10, 0, 0],
				"cubes": [
					{"origin": [-3.4, 26.1324, -8.92854], "size": [2.8, 4, 3.8], "uv": [16, 18]}
				]
			},
			{
				"name": "bone11",
				"parent": "gun",
				"pivot": [0, 26.10635, -5.71554],
				"rotation": [-20, 0, 0],
				"cubes": [
					{"origin": [-3.4, 22.19317, -9.62313], "size": [2.8, 4, 3.8], "uv": [0, 16]}
				]
			},
			{
				"name": "bone18",
				"parent": "gun",
				"pivot": [-1, 29.74027, -5.32844],
				"rotation": [-12.5, 0, 0]
			},
			{
				"name": "bone",
				"parent": "gun",
				"pivot": [-1, 30.17474, 6.923],
				"rotation": [7.5, 0, 0]
			},
			{
				"name": "bone7",
				"parent": "bone",
				"pivot": [-2, 26.17474, 10.923],
				"rotation": [-10, 0, 0]
			},
			{
				"name": "bone6",
				"parent": "gun",
				"pivot": [-1, 29, -2],
				"rotation": [2.5, 0, 0]
			},
			{
				"name": "bone8",
				"parent": "bone6",
				"pivot": [-2, 25, 2],
				"rotation": [-10, 0, 0]
			},
			{
				"name": "bone4",
				"parent": "gun",
				"pivot": [-1, 26.38796, 3.01769]
			},
			{
				"name": "bone5",
				"parent": "bone4",
				"pivot": [-1, 26.38796, 3.01769]
			},
			{
				"name": "bone3",
				"parent": "gun",
				"pivot": [0, 32.87857, -1.21765],
				"rotation": [12.5, 0, 0],
				"cubes": [
					{"origin": [-3.4, 26.85487, -1.00121], "size": [2.8, 7, 3], "uv": [0, 0]}
				]
			},
			{
				"name": "bone9",
				"parent": "gun",
				"pivot": [-1, 31.78397, 1.10622],
				"rotation": [150, 0, 0]
			},
			{
				"name": "rightItem5",
				"parent": "gun",
				"pivot": [-2, 31.86603, -2.5],
				"rotation": [-22.5, 0, 0],
				"cubes": [
					{"origin": [-2.5, 30.73205, -4], "size": [1, 3, 1], "uv": [31, 0]}
				]
			}
		]
	}
}