{
	"format_version": "1.10.0",
	"geometry.akr.i": {
		"texturewidth": 64,
		"textureheight": 64,
		"visible_bounds_width": 7,
		"visible_bounds_height": 2,
		"visible_bounds_offset": [0, 0, 0],
		"bones": [
			{
				"name": "root",
				"pivot": [0, 0, 0]
			},
			{
				"name": "waist",
				"parent": "root",
				"pivot": [0, 12, 0]
			},
			{
				"name": "body",
				"parent": "waist",
				"pivot": [0, 24, 0]
			},
			{
				"name": "rightArm",
				"parent": "body",
				"pivot": [-5, 22, 0]
			},
			{
				"name": "gun",
				"parent": "rightArm",
				"pivot": [2, -5, 2],
				"cubes": [
					{"origin": [-0.5, 3, 0], "size": [1, 1, 3], "uv": [25, 9]},
					{"origin": [-0.5, 4, 3], "size": [1, 2, 1], "uv": [9, 18]},
					{"origin": [-0.5, 4, -1], "size": [1, 2, 1], "uv": [0, 23]},
					{"origin": [-0.5, 6.5, -29.5], "size": [1, 1, 14], "uv": [20, 4]},
					{"origin": [-0.5, 7.5, -26.5], "size": [1, 4, 1], "uv": [10, 0]},
					{"origin": [-0.5, 9, -19.5], "size": [1, 1, 4], "uv": [0, 23]},
					{"origin": [-0.5, 7, -19.5], "size": [1, 2, 1], "uv": [10, 10]},
					{"origin": [-1.5, 6, -6.5], "size": [3, 4, 14], "uv": [0, 0]},
					{"origin": [-1.5, 5, -8.5], "size": [3, 1, 2], "uv": [35, 19]},
					{"origin": [-1.5, 8, -8.5], "size": [3, 1, 2], "uv": [0, 28]},
					{"origin": [-1.5, 8, -15.5], "size": [3, 1, 2], "uv": [29, 0]},
					{"origin": [-1.5, 8, -12.5], "size": [3, 1, 3], "uv": [20, 0]},
					{"origin": [-1.5, 6, -15.5], "size": [3, 2, 9], "uv": [36, 19]},
					{"origin": [-1.5, 9.3, -15.5], "size": [3, 2, 9], "uv": [36, 0]},
					{"origin": [-1.5, 8.3, -15.5], "size": [3, 1, 9], "uv": [0, 35]},
					{"origin": [-1, 7, -6.5], "size": [2, 4, 13], "uv": [0, 18]}
				]
			},
			{
				"name": "bone11",
				"parent": "gun",
				"pivot": [1, 6, 7.5],
				"rotation": [-15, 0, 0],
				"cubes": [
					{"origin": [-1.475, 6, 6.5], "size": [2.95, 3, 10], "uv": [20, 25]}
				]
			},
			{
				"name": "bone10",
				"parent": "gun",
				"pivot": [2, 10, 7.5],
				"rotation": [-20, 0, 0],
				"cubes": [
					{"origin": [-1.475, 8, 7.5], "size": [2.95, 2, 2], "uv": [17, 26]}
				]
			},
			{
				"name": "bone12",
				"parent": "gun",
				"pivot": [2, 9.31596, 9.37939],
				"rotation": [27.5, 0, 0],
				"cubes": [
					{"origin": [-1.475, 7.31596, 8.37939], "size": [2.95, 2, 3], "uv": [0, 18]}
				]
			},
			{
				"name": "bone13",
				"parent": "gun",
				"pivot": [2, 10.23946, 11.15341],
				"cubes": [
					{"origin": [-1.475, 5.23946, 11.15341], "size": [2.95, 5, 6], "uv": [24, 38]},
					{"origin": [-1.475, 3.68946, 16.15341], "size": [2.95, 2, 1], "uv": [0, 35]}
				]
			},
			{
				"name": "bone9",
				"parent": "gun",
				"pivot": [0, 11, 6.5],
				"rotation": [-45, 0, 0],
				"cubes": [
					{"origin": [-1, 7, 6.5], "size": [2, 4, 2], "uv": [27, 19]}
				]
			},
			{
				"name": "bone2",
				"parent": "gun",
				"pivot": [1, 7, -2],
				"cubes": [
					{"origin": [-1.4, 3, -4.5], "size": [2.8, 4, 3], "uv": [17, 19]}
				]
			},
			{
				"name": "bone18",
				"parent": "gun",
				"pivot": [1, 3, -1.5],
				"rotation": [-12.5, 0, 0],
				"cubes": [
					{"origin": [-1.4, -1, -4.5], "size": [2.8, 4, 3], "uv": [0, 7]}
				]
			},
			{
				"name": "bone19",
				"parent": "gun",
				"pivot": [1, -0.90518, -2.36576],
				"rotation": [-35, 0, 0],
				"cubes": [
					{"origin": [-1.4, -4.90518, -5.36576], "size": [2.8, 4, 3], "uv": [0, 0]}
				]
			},
			{
				"name": "bone16",
				"parent": "gun",
				"pivot": [1, 3, -2],
				"rotation": [-10, 0, 0]
			},
			{
				"name": "bone17",
				"parent": "gun",
				"pivot": [1, -0.93923, -2.69459],
				"rotation": [-22.5, 0, 0]
			},
			{
				"name": "bone15",
				"parent": "gun",
				"pivot": [1, 3, -2],
				"rotation": [-12.5, 0, 0]
			},
			{
				"name": "bone",
				"parent": "gun",
				"pivot": [1, 3.17474, 11.923],
				"rotation": [7.5, 0, 0]
			},
			{
				"name": "bone7",
				"parent": "bone",
				"pivot": [0, -0.82526, 15.923],
				"rotation": [-10, 0, 0]
			},
			{
				"name": "bone6",
				"parent": "gun",
				"pivot": [1, 2, 3],
				"rotation": [2.5, 0, 0]
			},
			{
				"name": "bone8",
				"parent": "bone6",
				"pivot": [0, -2, 7],
				"rotation": [-10, 0, 0]
			},
			{
				"name": "bone4",
				"parent": "gun",
				"pivot": [1, -0.61204, 8.01769]
			},
			{
				"name": "bone5",
				"parent": "bone4",
				"pivot": [1, -0.61204, 8.01769]
			},
			{
				"name": "bone14",
				"parent": "gun",
				"pivot": [2, 6, -30.5],
				"rotation": [45, 0, 0]
			},
			{
				"name": "bone3",
				"parent": "gun",
				"pivot": [2, 5.87857, 3.78235],
				"rotation": [12.5, 0, 0],
				"cubes": [
					{"origin": [-1.4, -0.12143, 3.78235], "size": [2.8, 6, 2], "uv": [20, 4]}
				]
			},
			{
				"name": "rightItem5",
				"parent": "gun",
				"pivot": [0, 4.86603, 2.5],
				"rotation": [-22.5, 0, 0],
				"cubes": [
					{"origin": [-0.5, 3.73205, 1], "size": [1, 3, 1], "uv": [9, 6]}
				]
			}
		]
	}
}