{
	"format_version": "1.10.0",
	"geometry.awm_empt": {
		"texturewidth": 128,
		"textureheight": 128,
		"visible_bounds_width": 7,
		"visible_bounds_height": 5.5,
		"visible_bounds_offset": [0, 1.25, 0],
		"bones": [
			{
				"name": "root",
				"pivot": [0, 0, 0]
			},
			{
				"name": "waist",
				"parent": "root",
				"pivot": [0, 12, 0]
			},
			{
				"name": "body",
				"parent": "waist",
				"pivot": [0, 24, 0]
			},
			{
				"name": "rightArm",
				"parent": "body",
				"pivot": [-5, 22, 0]
			},
			{
				"name": "gun",
				"parent": "rightArm",
				"pivot": [0, 22, -3],
				"rotation": [90, 0, 0],
				"cubes": [
					{"origin": [-2.5, 30, -5], "size": [1, 1, 3], "uv": [19, 15]},
					{"origin": [-2.5, 31, -2], "size": [1, 2, 1], "uv": [0, 9]},
					{"origin": [-2.5, 36.2, -42.5], "size": [1, 1, 33], "uv": [0, 0]},
					{"origin": [-4, 33, -9.5], "size": [4, 4, 11], "uv": [0, 15]},
					{"origin": [-4, 31, -9.5], "size": [4, 2, 5], "uv": [35, 25]},
					{"origin": [-3, 36.3, -9.5], "size": [2, 1, 11], "uv": [35, 13]},
					{"origin": [-3, 36.6, -3.5], "size": [2, 2, 1], "uv": [26, 8]},
					{"origin": [-3, 40.6, -6.5], "size": [2, 1, 2], "uv": [24, 15]},
					{"origin": [-1, 38.6, -6.5], "size": [1, 2, 2], "uv": [7, 9]},
					{"origin": [-3, 36.6, -7.5], "size": [2, 2, 1], "uv": [25, 0]},
					{"origin": [-3.3, 38.6, -17.5], "size": [2.6, 2.5, 9], "uv": [42, 45]},
					{"origin": [-3, 38.6, -8.5], "size": [2, 2, 11], "uv": [35, 0]},
					{"origin": [-3, 33.5, -23.5], "size": [2, 1, 14], "uv": [0, 0]},
					{"origin": [-3.5, 33.2, -26.5], "size": [3, 3, 17], "uv": [0, 34]},
					{"origin": [-3.4, 34.7, 1], "size": [2.8, 1.8, 12], "uv": [23, 34]},
					{"origin": [-2.5, 36.5, 8], "size": [1, 1, 5], "uv": [0, 55]},
					{"origin": [-3.4, 30.3, 6], "size": [2.8, 4.7, 7], "uv": [50, 0]},
					{"origin": [-3.4, 29.3, 13], "size": [2.8, 7.7, 3], "uv": [0, 15]}
				]
			},
			{
				"name": "bone14",
				"parent": "gun",
				"pivot": [0, 33.3, -16.5],
				"rotation": [-17.5, 0, 0],
				"cubes": [
					{"origin": [-3.4, 33.2, -16.5], "size": [2.8, 3, 8], "uv": [39, 34]}
				]
			},
			{
				"name": "bone18",
				"parent": "gun",
				"pivot": [-1, 29.74027, -5.32844],
				"rotation": [-12.5, 0, 0]
			},
			{
				"name": "bone",
				"parent": "gun",
				"pivot": [-1, 30.17474, 6.923],
				"rotation": [7.5, 0, 0]
			},
			{
				"name": "bone7",
				"parent": "bone",
				"pivot": [-2, 26.17474, 10.923],
				"rotation": [-10, 0, 0]
			},
			{
				"name": "bone6",
				"parent": "gun",
				"pivot": [-1, 29, -2],
				"rotation": [2.5, 0, 0]
			},
			{
				"name": "bone8",
				"parent": "bone6",
				"pivot": [-2, 25, 2],
				"rotation": [-10, 0, 0]
			},
			{
				"name": "bone4",
				"parent": "gun",
				"pivot": [-1, 26.38796, 3.01769]
			},
			{
				"name": "bone5",
				"parent": "bone4",
				"pivot": [-1, 26.38796, 3.01769]
			},
			{
				"name": "bone3",
				"parent": "gun",
				"pivot": [0, 32.87857, -1.21765],
				"rotation": [12.5, 0, 0],
				"cubes": [
					{"origin": [-3.4, 28.0762, -1.19601], "size": [2.8, 4.9, 3], "uv": [19, 19]}
				]
			},
			{
				"name": "bone12",
				"parent": "gun",
				"pivot": [0, 27.87857, -0.21765],
				"rotation": [107.5, 0, 0],
				"cubes": [
					{"origin": [-3.4, 19.87857, -0.21765], "size": [2.8, 5, 3], "uv": [18, 0]}
				]
			},
			{
				"name": "bone9",
				"parent": "gun",
				"pivot": [-1, 31.78397, 1.10622],
				"rotation": [150, 0, 0],
				"cubes": [
					{"origin": [-3.4, 28.15, 1.47225], "size": [2.8, 4, 2.8], "uv": [23, 34]}
				]
			},
			{
				"name": "bone13",
				"parent": "gun",
				"pivot": [-1, 30.78397, 3.10622],
				"rotation": [-155, 0, 0],
				"cubes": [
					{"origin": [-3.4, 26.24369, 3.04963], "size": [2.8, 4, 2.8], "uv": [18, 8]}
				]
			},
			{
				"name": "bone10",
				"parent": "gun",
				"pivot": [-1, 33.78397, 9.10622],
				"rotation": [-142.5, 0, 0],
				"cubes": [
					{"origin": [-3.4, 30.15, 9.47225], "size": [2.8, 4, 2.8], "uv": [8, 34]}
				]
			},
			{
				"name": "bone11",
				"parent": "gun",
				"pivot": [-1, 30.08397, 7.10622],
				"rotation": [137.5, 0, 0],
				"cubes": [
					{"origin": [-3.4, 26.45, 7.47225], "size": [2.8, 4, 2.8], "uv": [0, 34]}
				]
			},
			{
				"name": "rightItem5",
				"parent": "gun",
				"pivot": [-2, 31.86603, -2.5],
				"rotation": [-22.5, 0, 0],
				"cubes": [
					{"origin": [-2.5, 30.73205, -4], "size": [1, 3, 1], "uv": [0, 0]}
				]
			}
		]
	}
}