{
	"format_version": "1.10.0",
	"geometry.awm.i": {
		"texturewidth": 128,
		"textureheight": 128,
		"visible_bounds_width": 7,
		"visible_bounds_height": 3,
		"visible_bounds_offset": [0, 0, 0],
		"bones": [
			{
				"name": "root",
				"pivot": [0, 0, 0]
			},
			{
				"name": "waist",
				"parent": "root",
				"pivot": [0, 12, 0]
			},
			{
				"name": "body",
				"parent": "waist",
				"pivot": [0, 24, 0]
			},
			{
				"name": "rightArm",
				"parent": "body",
				"pivot": [-5, 22, 0]
			},
			{
				"name": "gun",
				"parent": "rightArm",
				"pivot": [3, -31, 7],
				"cubes": [
					{"origin": [-1.5, 4, 0], "size": [1, 1, 3], "uv": [19, 15]},
					{"origin": [-1.5, 5, 3], "size": [1, 2, 1], "uv": [0, 9]},
					{"origin": [-1.5, 10.2, -37.5], "size": [1, 1, 33], "uv": [0, 0]},
					{"origin": [-3, 7, -4.5], "size": [4, 4, 11], "uv": [0, 15]},
					{"origin": [-3, 5, -4.5], "size": [4, 2, 5], "uv": [35, 25]},
					{"origin": [-2, 10.3, -4.5], "size": [2, 1, 11], "uv": [35, 13]},
					{"origin": [-2, 10.6, 1.5], "size": [2, 2, 1], "uv": [26, 8]},
					{"origin": [-2, 14.6, -1.5], "size": [2, 1, 2], "uv": [24, 15]},
					{"origin": [0, 12.6, -1.5], "size": [1, 2, 2], "uv": [7, 9]},
					{"origin": [-2, 10.6, -2.5], "size": [2, 2, 1], "uv": [25, 0]},
					{"origin": [-2.3, 12.6, -12.5], "size": [2.6, 2.5, 9], "uv": [42, 45]},
					{"origin": [-2, 12.6, -3.5], "size": [2, 2, 11], "uv": [35, 0]},
					{"origin": [-2, 7.5, -18.5], "size": [2, 1, 14], "uv": [0, 0]},
					{"origin": [-2.5, 7.2, -21.5], "size": [3, 3, 17], "uv": [0, 34]},
					{"origin": [-2.4, 8.7, 6], "size": [2.8, 1.8, 12], "uv": [23, 34]},
					{"origin": [-1.5, 10.5, 13], "size": [1, 1, 5], "uv": [0, 55]},
					{"origin": [-2.4, 4.3, 11], "size": [2.8, 4.7, 7], "uv": [50, 0]},
					{"origin": [-2.4, 3.3, 18], "size": [2.8, 7.7, 3], "uv": [0, 15]}
				]
			},
			{
				"name": "bone14",
				"parent": "gun",
				"pivot": [1, 7.3, -11.5],
				"rotation": [-17.5, 0, 0],
				"cubes": [
					{"origin": [-2.4, 7.2, -11.5], "size": [2.8, 3, 8], "uv": [39, 34]}
				]
			},
			{
				"name": "bone2",
				"parent": "gun",
				"pivot": [1, 5.04558, -0.02094],
				"rotation": [-2.5, 0, 0],
				"cubes": [
					{"origin": [-2.7, 0.1324, -4.32854], "size": [3.4, 5, 4.4], "uv": [0, 0]}
				]
			},
			{
				"name": "bone18",
				"parent": "gun",
				"pivot": [0, 3.74027, -0.32844],
				"rotation": [-12.5, 0, 0]
			},
			{
				"name": "bone",
				"parent": "gun",
				"pivot": [0, 4.17474, 11.923],
				"rotation": [7.5, 0, 0]
			},
			{
				"name": "bone7",
				"parent": "bone",
				"pivot": [-1, 0.17474, 15.923],
				"rotation": [-10, 0, 0]
			},
			{
				"name": "bone6",
				"parent": "gun",
				"pivot": [0, 3, 3],
				"rotation": [2.5, 0, 0]
			},
			{
				"name": "bone8",
				"parent": "bone6",
				"pivot": [-1, -1, 7],
				"rotation": [-10, 0, 0]
			},
			{
				"name": "bone4",
				"parent": "gun",
				"pivot": [0, 0.38796, 8.01769]
			},
			{
				"name": "bone5",
				"parent": "bone4",
				"pivot": [0, 0.38796, 8.01769]
			},
			{
				"name": "bone3",
				"parent": "gun",
				"pivot": [1, 6.87857, 3.78235],
				"rotation": [12.5, 0, 0],
				"cubes": [
					{"origin": [-2.4, 2.0762, 3.80399], "size": [2.8, 4.9, 3], "uv": [19, 19]}
				]
			},
			{
				"name": "bone12",
				"parent": "gun",
				"pivot": [1, 1.87857, 4.78235],
				"rotation": [107.5, 0, 0],
				"cubes": [
					{"origin": [-2.4, -6.12143, 4.78235], "size": [2.8, 5, 3], "uv": [18, 0]}
				]
			},
			{
				"name": "bone9",
				"parent": "gun",
				"pivot": [0, 5.78397, 6.10622],
				"rotation": [150, 0, 0],
				"cubes": [
					{"origin": [-2.4, 2.15, 6.47225], "size": [2.8, 4, 2.8], "uv": [23, 34]}
				]
			},
			{
				"name": "bone13",
				"parent": "gun",
				"pivot": [0, 4.78397, 8.10622],
				"rotation": [-155, 0, 0],
				"cubes": [
					{"origin": [-2.4, 0.24369, 8.04963], "size": [2.8, 4, 2.8], "uv": [18, 8]}
				]
			},
			{
				"name": "bone10",
				"parent": "gun",
				"pivot": [0, 7.78397, 14.10622],
				"rotation": [-142.5, 0, 0],
				"cubes": [
					{"origin": [-2.4, 4.15, 14.47225], "size": [2.8, 4, 2.8], "uv": [8, 34]}
				]
			},
			{
				"name": "bone11",
				"parent": "gun",
				"pivot": [0, 4.08397, 12.10622],
				"rotation": [137.5, 0, 0],
				"cubes": [
					{"origin": [-2.4, 0.45, 12.47225], "size": [2.8, 4, 2.8], "uv": [0, 34]}
				]
			},
			{
				"name": "rightItem5",
				"parent": "gun",
				"pivot": [-1, 5.86603, 2.5],
				"rotation": [-22.5, 0, 0],
				"cubes": [
					{"origin": [-1.5, 4.73205, 1], "size": [1, 3, 1], "uv": [0, 0]}
				]
			}
		]
	}
}