{
	"format_version": "1.10.0",
	"geometry.eagle.i": {
		"texturewidth": 64,
		"textureheight": 64,
		"visible_bounds_width": 7,
		"visible_bounds_height": 2,
		"visible_bounds_offset": [0, 0, 0],
		"bones": [
			{
				"name": "root",
				"pivot": [0, 0, 0]
			},
			{
				"name": "waist",
				"parent": "root",
				"pivot": [0, 12, 0]
			},
			{
				"name": "body",
				"parent": "waist",
				"pivot": [0, 24, 0]
			},
			{
				"name": "rightArm",
				"parent": "body",
				"pivot": [-5, 22, 0]
			},
			{
				"name": "gun",
				"parent": "rightArm",
				"pivot": [3, -27, 7],
				"cubes": [
					{"origin": [-1.5, 7, -1], "size": [1, 1, 4], "uv": [13, 19]},
					{"origin": [-1.5, 10, 5], "size": [1, 1, 4], "uv": [0, 19]},
					{"origin": [-1.5, 7, -2], "size": [1, 3, 1], "uv": [0, 2]},
					{"origin": [-2, 10, -9], "size": [2, 1, 7], "uv": [0, 0]},
					{"origin": [-2.5, 10, -2], "size": [3, 1, 9], "uv": [26, 19]},
					{"origin": [-1.5, 14, -9], "size": [1, 1, 1], "uv": [11, 0]},
					{"origin": [-2.5, 14, 6], "size": [1, 1, 1], "uv": [10, 8]},
					{"origin": [-0.5, 14, 6], "size": [1, 1, 1], "uv": [10, 10]},
					{"origin": [0, 12, 6], "size": [1, 1, 1], "uv": [3, 5]},
					{"origin": [-0.5, 12, -10], "size": [1, 1, 11], "uv": [24, 0]},
					{"origin": [-2.5, 12, -10], "size": [1, 1, 11], "uv": [13, 20]},
					{"origin": [-1.5, 13, -10], "size": [1, 1, 11], "uv": [0, 19]},
					{"origin": [-2.5, 11, -10], "size": [3, 1, 18], "uv": [0, 0]},
					{"origin": [-2.5, 12, 1], "size": [3, 2, 7], "uv": [30, 30]}
				]
			},
			{
				"name": "bone2",
				"parent": "gun",
				"pivot": [1, 2, 8],
				"rotation": [-2.5, 0, 0]
			},
			{
				"name": "bone9",
				"parent": "gun",
				"pivot": [-1, 10, -9],
				"rotation": [-45, 0, 0],
				"cubes": [
					{"origin": [-2, 10, -10.5], "size": [2, 1, 1.5], "uv": [0, 0]}
				]
			},
			{
				"name": "bone",
				"parent": "gun",
				"pivot": [0, 7, 3],
				"rotation": [7.5, 0, 0],
				"cubes": [
					{"origin": [-2.5, 2, 3], "size": [3, 6, 4], "uv": [0, 8]},
					{"origin": [-2.5, 1, 2], "size": [3, 1, 5], "uv": [24, 12]}
				]
			},
			{
				"name": "bone7",
				"parent": "bone",
				"pivot": [-1, 3, 7],
				"rotation": [-10, 0, 0]
			},
			{
				"name": "bone6",
				"parent": "gun",
				"pivot": [0, 7, 3],
				"rotation": [2.5, 0, 0],
				"cubes": [
					{"origin": [-2.5, 7, 3], "size": [3, 3, 4], "uv": [0, 31]}
				]
			},
			{
				"name": "bone8",
				"parent": "bone6",
				"pivot": [-1, 3, 7],
				"rotation": [-10, 0, 0]
			},
			{
				"name": "bone4",
				"parent": "gun",
				"pivot": [0, 4.38796, 8.01769]
			},
			{
				"name": "bone5",
				"parent": "bone4",
				"pivot": [0, 4.38796, 8.01769]
			},
			{
				"name": "bone3",
				"parent": "gun",
				"pivot": [1, 11, 8],
				"rotation": [-62.5, 0, 0],
				"cubes": [
					{"origin": [-2.4, 8, 6], "size": [2.8, 4, 2], "uv": [0, 24]}
				]
			},
			{
				"name": "rightItem2",
				"parent": "gun",
				"pivot": [-1, 8, 0],
				"rotation": [2.5, 0, 0]
			},
			{
				"name": "rightItem5",
				"parent": "gun",
				"pivot": [-1, 9.86603, 2.5],
				"rotation": [-22.5, 0, 0],
				"cubes": [
					{"origin": [-1.5, 7.73205, 2], "size": [1, 3, 1], "uv": [0, 8]}
				]
			}
		]
	}
}