{
	"format_version": "1.10.0",
	"geometry.eagle": {
		"texturewidth": 64,
		"textureheight": 64,
		"visible_bounds_width": 7,
		"visible_bounds_height": 2,
		"visible_bounds_offset": [0, 0, 0],
		"bones": [
			{
				"name": "root",
				"pivot": [0, 0, 0]
			},
			{
				"name": "waist",
				"parent": "root",
				"pivot": [0, 12, 0]
			},
			{
				"name": "body",
				"parent": "waist",
				"pivot": [0, 24, 0]
			},
			{
				"name": "rightArm",
				"parent": "body",
				"pivot": [-5, 22, 0]
			},
			{
				"name": "gun",
				"parent": "rightArm",
				"pivot": [0, 22, -3],
				"rotation": [90, 0, 0],
				"cubes": [
					{"origin": [-2.5, 29, -6], "size": [1, 1, 4], "uv": [13, 19]},
					{"origin": [-2.5, 32, 0], "size": [1, 1, 4], "uv": [0, 19]},
					{"origin": [-2.5, 29, -7], "size": [1, 3, 1], "uv": [0, 2]},
					{"origin": [-3, 32, -14], "size": [2, 1, 7], "uv": [0, 0]},
					{"origin": [-3.5, 32, -7], "size": [3, 1, 9], "uv": [26, 19]},
					{"origin": [-2.5, 36, -14], "size": [1, 1, 1], "uv": [11, 0]},
					{"origin": [-3.5, 36, 1], "size": [1, 1, 1], "uv": [10, 8]},
					{"origin": [-1.5, 36, 1], "size": [1, 1, 1], "uv": [10, 10]},
					{"origin": [-1, 34, 1], "size": [1, 1, 1], "uv": [3, 5]},
					{"origin": [-1.5, 34, -15], "size": [1, 1, 11], "uv": [24, 0]},
					{"origin": [-3.5, 34, -15], "size": [1, 1, 11], "uv": [13, 20]},
					{"origin": [-2.5, 35, -15], "size": [1, 1, 11], "uv": [0, 19]},
					{"origin": [-3.5, 33, -15], "size": [3, 1, 18], "uv": [0, 0]},
					{"origin": [-3.5, 34, -4], "size": [3, 2, 7], "uv": [30, 30]}
				]
			},
			{
				"name": "bone2",
				"parent": "gun",
				"pivot": [0, 24, 3],
				"rotation": [-2.5, 0, 0]
			},
			{
				"name": "bone9",
				"parent": "gun",
				"pivot": [-2, 32, -14],
				"rotation": [-45, 0, 0],
				"cubes": [
					{"origin": [-3, 32, -15.5], "size": [2, 1, 1.5], "uv": [0, 0]}
				]
			},
			{
				"name": "bone",
				"parent": "gun",
				"pivot": [-1, 29, -2],
				"rotation": [7.5, 0, 0],
				"cubes": [
					{"origin": [-3.5, 24, -2], "size": [3, 6, 4], "uv": [0, 8]},
					{"origin": [-3.5, 23, -3], "size": [3, 1, 5], "uv": [24, 12]}
				]
			},
			{
				"name": "bone7",
				"parent": "bone",
				"pivot": [-2, 25, 2],
				"rotation": [-10, 0, 0]
			},
			{
				"name": "bone6",
				"parent": "gun",
				"pivot": [-1, 29, -2],
				"rotation": [2.5, 0, 0],
				"cubes": [
					{"origin": [-3.5, 29, -2], "size": [3, 3, 4], "uv": [0, 31]}
				]
			},
			{
				"name": "bone8",
				"parent": "bone6",
				"pivot": [-2, 25, 2],
				"rotation": [-10, 0, 0]
			},
			{
				"name": "bone4",
				"parent": "gun",
				"pivot": [-1, 26.38796, 3.01769]
			},
			{
				"name": "bone5",
				"parent": "bone4",
				"pivot": [-1, 26.38796, 3.01769]
			},
			{
				"name": "bone3",
				"parent": "gun",
				"pivot": [0, 33, 3],
				"rotation": [-62.5, 0, 0],
				"cubes": [
					{"origin": [-3.4, 30, 1], "size": [2.8, 4, 2], "uv": [0, 24]}
				]
			},
			{
				"name": "rightItem2",
				"parent": "gun",
				"pivot": [-2, 30, -5],
				"rotation": [2.5, 0, 0]
			},
			{
				"name": "rightItem5",
				"parent": "gun",
				"pivot": [-2, 31.86603, -2.5],
				"rotation": [-22.5, 0, 0],
				"cubes": [
					{"origin": [-2.5, 29.73205, -3], "size": [1, 3, 1], "uv": [0, 8]}
				]
			}
		]
	}
}