{
	"format_version": "1.10.0",
	"geometry.fabm.i": {
		"texturewidth": 128,
		"textureheight": 128,
		"visible_bounds_width": 7,
		"visible_bounds_height": 3,
		"visible_bounds_offset": [0, 0, 0],
		"bones": [
			{
				"name": "root",
				"pivot": [0, 0, 0]
			},
			{
				"name": "waist",
				"parent": "root",
				"pivot": [0, 12, 0]
			},
			{
				"name": "body",
				"parent": "waist",
				"pivot": [0, 24, 0]
			},
			{
				"name": "rightArm",
				"parent": "body",
				"pivot": [-5, 22, 0]
			},
			{
				"name": "gun",
				"parent": "rightArm",
				"pivot": [3, -29, 6],
				"cubes": [
					{"origin": [-1.5, 5, -1], "size": [1, 1, 3], "uv": [0, 14]},
					{"origin": [-1.5, 6, -2], "size": [1, 2, 1], "uv": [5, 14]},
					{"origin": [-1.5, 12, -32.5], "size": [1, 1, 25], "uv": [0, 26]},
					{"origin": [-1.5, 9.5, -32.5], "size": [1, 1, 25], "uv": [0, 0]},
					{"origin": [-2.5, 9, -31.5], "size": [3, 3, 2], "uv": [11, 26]},
					{"origin": [-2.5, 7, -29.5], "size": [3, 5, 22], "uv": [30, 30]},
					{"origin": [-0.5, 10, -7.5], "size": [1, 1, 9], "uv": [0, 26]},
					{"origin": [-2.5, 10, -7.5], "size": [1, 1, 9], "uv": [0, 14]},
					{"origin": [-2.5, 10, -7.5], "size": [3, 3, 10], "uv": [36, 57]},
					{"origin": [-2.5, 13, 0.5], "size": [3, 1, 2], "uv": [15, 5]},
					{"origin": [-1.5, 12.5, -7.5], "size": [1, 1, 8], "uv": [27, 27]},
					{"origin": [-2.5, 14, 0.5], "size": [1, 1, 2], "uv": [18, 22]},
					{"origin": [-1.5, 13, -30.5], "size": [1, 1, 1], "uv": [4, 18]},
					{"origin": [-0.5, 14, 0.5], "size": [1, 1, 2], "uv": [0, 18]},
					{"origin": [-2.5, 8, -7.5], "size": [3, 2, 15], "uv": [0, 52]}
				]
			},
			{
				"name": "bone2",
				"parent": "gun",
				"pivot": [1, 0, 7],
				"rotation": [-2.5, 0, 0]
			},
			{
				"name": "bone9",
				"parent": "gun",
				"pivot": [-1, 8, -10],
				"rotation": [-45, 0, 0]
			},
			{
				"name": "bone",
				"parent": "gun",
				"pivot": [0, 5, 2],
				"rotation": [7.5, 0, 0],
				"cubes": [
					{"origin": [-2.5, 0, 2], "size": [3, 6, 4], "uv": [27, 36]}
				]
			},
			{
				"name": "bone7",
				"parent": "bone",
				"pivot": [-1, 1, 6],
				"rotation": [-10, 0, 0]
			},
			{
				"name": "bone6",
				"parent": "gun",
				"pivot": [0, 5, 2],
				"rotation": [2.5, 0, 0],
				"cubes": [
					{"origin": [-2.5, 5, 2], "size": [3, 3, 4], "uv": [11, 14]}
				]
			},
			{
				"name": "bone8",
				"parent": "bone6",
				"pivot": [-1, 1, 6],
				"rotation": [-10, 0, 0]
			},
			{
				"name": "bone4",
				"parent": "gun",
				"pivot": [0, 2.38796, 7.01769]
			},
			{
				"name": "bone5",
				"parent": "bone4",
				"pivot": [0, 2.38796, 7.01769]
			},
			{
				"name": "bone14",
				"parent": "gun",
				"pivot": [1, 9, -31.5],
				"rotation": [45, 0, 0],
				"cubes": [
					{"origin": [-2.5, 6, -31.5], "size": [3, 3, 2], "uv": [15, 0]}
				]
			},
			{
				"name": "bone3",
				"parent": "gun",
				"pivot": [1, 8.11299, 7.46175],
				"rotation": [-47.5, 0, 0],
				"cubes": [
					{"origin": [-2.4, 5.11299, 5.46175], "size": [2.8, 3, 2], "uv": [0, 0]}
				]
			},
			{
				"name": "bone10",
				"parent": "gun",
				"pivot": [-1, 13, 2.5],
				"rotation": [-32.5, 0, 0],
				"cubes": [
					{"origin": [-2.5, 10.06031, 2.5], "size": [3, 3, 6], "uv": [0, 36]}
				]
			},
			{
				"name": "bone11",
				"parent": "gun",
				"pivot": [-1, 9.94788, 8.13816],
				"rotation": [-5, 0, 0],
				"cubes": [
					{"origin": [-2.5, 6.94788, 7.13816], "size": [3, 3, 16], "uv": [49, 3]}
				]
			},
			{
				"name": "bone12",
				"parent": "gun",
				"pivot": [-1, 8.13526, 7.29292],
				"rotation": [-25, 0, 0],
				"cubes": [
					{"origin": [-2.5, 6.13526, 6.29292], "size": [3, 3, 16], "uv": [27, 0]}
				]
			},
			{
				"name": "bone13",
				"parent": "gun",
				"pivot": [-1, 0.37337, 19.79384],
				"rotation": [-2.5, 0, 0],
				"cubes": [
					{"origin": [-2.5, 0, 20.18384], "size": [3, 9, 3], "uv": [27, 0]},
					{"origin": [-2.5, 3.12492, 13.18384], "size": [3, 5, 9], "uv": [0, 0]},
					{"origin": [-2.5, 5.12492, 12.18384], "size": [3, 3, 1], "uv": [0, 5]}
				]
			},
			{
				"name": "rightItem5",
				"parent": "gun",
				"pivot": [-1, 7.86603, 1.5],
				"rotation": [-22.5, 0, 0],
				"cubes": [
					{"origin": [-1.5, 5.73205, 1], "size": [1, 3, 1], "uv": [11, 14]}
				]
			}
		]
	}
}