{
	"format_version": "1.10.0",
	"geometry.famas_empt": {
		"texturewidth": 64,
		"textureheight": 64,
		"visible_bounds_width": 7,
		"visible_bounds_height": 2,
		"visible_bounds_offset": [0, 0, 0],
		"bones": [
			{
				"name": "root",
				"pivot": [0, 0, 0]
			},
			{
				"name": "waist",
				"parent": "root",
				"pivot": [0, 12, 0]
			},
			{
				"name": "body",
				"parent": "waist",
				"pivot": [0, 24, 0]
			},
			{
				"name": "rightArm",
				"parent": "body",
				"pivot": [-5, 22, 0]
			},
			{
				"name": "gun",
				"parent": "rightArm",
				"pivot": [0, 22, -3],
				"rotation": [90, 0, 0],
				"cubes": [
					{"origin": [-2.5, 27.2, -4], "size": [1, 1, 3], "uv": [20, 9]},
					{"origin": [-3.5, 33, -15.5], "size": [3, 4, 28], "uv": [0, 0]},
					{"origin": [-2.5, 37, -7.5], "size": [1, 1, 1], "uv": [10, 11]},
					{"origin": [-2.5, 35, -19.5], "size": [1, 1, 4], "uv": [6, 22]},
					{"origin": [-2.7, 34.8, -23.5], "size": [1.4, 1.4, 4], "uv": [14, 9]},
					{"origin": [-3.5, 33, 10.5], "size": [3, 5, 4], "uv": [0, 11]},
					{"origin": [-3.5, 31, 13.5], "size": [3, 2, 1], "uv": [33, 33]},
					{"origin": [-3.5, 32, -15.5], "size": [3, 1, 2], "uv": [16, 24]},
					{"origin": [-3, 37, -0.5], "size": [2, 3, 2], "uv": [25, 32]},
					{"origin": [-3, 39, -13.5], "size": [2, 1, 13], "uv": [0, 32]},
					{"origin": [-3, 37, -15.5], "size": [2, 3, 2], "uv": [17, 32]}
				]
			},
			{
				"name": "bone20",
				"parent": "gun",
				"pivot": [-2, 28, -4.225],
				"rotation": [17.5, 0, 0],
				"cubes": [
					{"origin": [-2.5, 28, -5], "size": [1, 6, 1], "uv": [0, 0]}
				]
			},
			{
				"name": "bone10",
				"parent": "gun",
				"pivot": [0, 33, 6.5],
				"rotation": [-12.5, 0, 0],
				"cubes": [
					{"origin": [-3.475, 33, 6.5], "size": [2.95, 4, 7], "uv": [0, 0]}
				]
			},
			{
				"name": "bone11",
				"parent": "gun",
				"pivot": [-1, 33.06563, 1.48231],
				"rotation": [-50, 0, 0],
				"cubes": [
					{"origin": [-3.475, 33.06563, 0.48231], "size": [2.95, 3, 3], "uv": [0, 32]}
				]
			},
			{
				"name": "bone7",
				"parent": "gun",
				"pivot": [-1, 31.53354, 2.76789],
				"rotation": [-10, 0, 0],
				"cubes": [
					{"origin": [-3.475, 31.53354, 2.76789], "size": [2.95, 3, 3], "uv": [0, 20]}
				]
			},
			{
				"name": "bone13",
				"parent": "gun",
				"pivot": [0, 37.23946, 6.15341]
			},
			{
				"name": "bone9",
				"parent": "gun",
				"pivot": [-2, 38, 1.5],
				"rotation": [-45, 0, 0]
			},
			{
				"name": "bone16",
				"parent": "gun",
				"pivot": [-1, 30, -7],
				"rotation": [-10, 0, 0]
			},
			{
				"name": "bone17",
				"parent": "gun",
				"pivot": [-1, 26.06077, -7.69459],
				"rotation": [-22.5, 0, 0]
			},
			{
				"name": "bone15",
				"parent": "gun",
				"pivot": [-1, 30, -7],
				"rotation": [-12.5, 0, 0]
			},
			{
				"name": "bone",
				"parent": "gun",
				"pivot": [-1, 30.17474, 6.923],
				"rotation": [7.5, 0, 0]
			},
			{
				"name": "bone6",
				"parent": "gun",
				"pivot": [-1, 29, -2],
				"rotation": [2.5, 0, 0]
			},
			{
				"name": "bone8",
				"parent": "bone6",
				"pivot": [-2, 25, 2],
				"rotation": [-10, 0, 0]
			},
			{
				"name": "bone4",
				"parent": "gun",
				"pivot": [-1, 26.38796, 3.01769]
			},
			{
				"name": "bone5",
				"parent": "bone4",
				"pivot": [-1, 26.38796, 3.01769]
			},
			{
				"name": "bone14",
				"parent": "gun",
				"pivot": [0, 33, -35.5],
				"rotation": [45, 0, 0]
			},
			{
				"name": "bone3",
				"parent": "gun",
				"pivot": [0, 32.94708, -2.64122],
				"rotation": [12.5, 0, 0],
				"cubes": [
					{"origin": [-3.4, 26.94708, -2.64122], "size": [2.8, 7, 2], "uv": [18, 0]}
				]
			},
			{
				"name": "rightItem5",
				"parent": "gun",
				"pivot": [-2, 31.86603, -2.5],
				"rotation": [-22.5, 0, 0],
				"cubes": [
					{"origin": [-2.5, 30.73205, -4], "size": [1, 3, 1], "uv": [0, 11]}
				]
			}
		]
	}
}