{
	"format_version": "1.10.0",
	"geometry.fnfal.i": {
		"texturewidth": 64,
		"textureheight": 64,
		"visible_bounds_width": 7,
		"visible_bounds_height": 3,
		"visible_bounds_offset": [0, 0, 0],
		"bones": [
			{
				"name": "root",
				"pivot": [0, 0, 0]
			},
			{
				"name": "waist",
				"parent": "root",
				"pivot": [0, 12, 0]
			},
			{
				"name": "body",
				"parent": "waist",
				"pivot": [0, 24, 0]
			},
			{
				"name": "rightArm",
				"parent": "body",
				"pivot": [-5, 22, 0]
			},
			{
				"name": "gun",
				"parent": "rightArm",
				"pivot": [3, -29, 5],
				"cubes": [
					{"origin": [-1.5, 6, -2], "size": [1, 1, 3], "uv": [17, 5]},
					{"origin": [-1.5, 7, 1], "size": [1, 2, 1], "uv": [0, 8]},
					{"origin": [-1.5, 7, -3], "size": [1, 2, 1], "uv": [4, 8]},
					{"origin": [-2.5, 9.5, -21.5], "size": [3, 4, 14], "uv": [0, 31]},
					{"origin": [-2.5, 9, -7.5], "size": [3, 4, 1], "uv": [17, 0]},
					{"origin": [-1.5, 9.5, -33.5], "size": [1, 1, 13], "uv": [20, 31]},
					{"origin": [-1.5, 9.5, -38.5], "size": [1, 1.4, 9], "uv": [32, 17]},
					{"origin": [-1.5, 12, -22.5], "size": [1, 1, 30], "uv": [0, 0]},
					{"origin": [-1.5, 14, -21.5], "size": [1, 1, 1], "uv": [21, 9]},
					{"origin": [-1.5, 13, -21.5], "size": [1, 1, 1], "uv": [21, 9]},
					{"origin": [-1.5, 13, -20.5], "size": [1, 1, 1], "uv": [21, 9]},
					{"origin": [-1.5, 13, -19.5], "size": [1, 1, 1], "uv": [21, 9]},
					{"origin": [-1.5, 14, 6.5], "size": [1, 1, 1], "uv": [6, 15]},
					{"origin": [-1.5, 13, 6.5], "size": [1, 1, 1], "uv": [6, 15]},
					{"origin": [-1.5, 13, 5.5], "size": [1, 1, 1], "uv": [6, 15]},
					{"origin": [-1.5, 13, 4.5], "size": [1, 1, 1], "uv": [6, 15]},
					{"origin": [-1.5, 13, 3.5], "size": [1, 1, 1], "uv": [6, 15]},
					{"origin": [-1.5, 8.5, -23.5], "size": [1, 1, 1], "uv": [17, 15]},
					{"origin": [-1.5, 5, 15], "size": [1, 1, 1], "uv": [17, 9]},
					{"origin": [-2.5, 9, -3.5], "size": [3, 4, 11], "uv": [0, 15]},
					{"origin": [-2.5, 10, -6.5], "size": [3, 3, 3], "uv": [17, 17]}
				]
			},
			{
				"name": "bone9",
				"parent": "gun",
				"pivot": [0, 12.62939, 8.45008],
				"rotation": [-9, 0, 0],
				"cubes": [
					{"origin": [-2.5, 8.62939, 8.45008], "size": [3, 4, 11], "uv": [0, 0]}
				]
			},
			{
				"name": "bone11",
				"parent": "gun",
				"pivot": [0, 11.08987, 18.33289],
				"cubes": [
					{"origin": [-2.5, 4.78987, 18.33289], "size": [3, 6.3, 2], "uv": [0, 0]}
				]
			},
			{
				"name": "bone10",
				"parent": "gun",
				"pivot": [0, 13, 7.5],
				"rotation": [-20, 0, 0],
				"cubes": [
					{"origin": [-2.5, 9, 7.5], "size": [3, 4, 13], "uv": [32, 0]}
				]
			},
			{
				"name": "bone2",
				"parent": "gun",
				"pivot": [0, 10, -4],
				"rotation": [-5, 0, 0],
				"cubes": [
					{"origin": [-2.4, 0, -6.5], "size": [2.8, 10, 3], "uv": [0, 31]}
				]
			},
			{
				"name": "bone",
				"parent": "gun",
				"pivot": [0, 6.17474, 9.923],
				"rotation": [7.5, 0, 0]
			},
			{
				"name": "bone7",
				"parent": "bone",
				"pivot": [-1, 2.17474, 13.923],
				"rotation": [-10, 0, 0]
			},
			{
				"name": "bone6",
				"parent": "gun",
				"pivot": [0, 5, 1],
				"rotation": [2.5, 0, 0]
			},
			{
				"name": "bone8",
				"parent": "bone6",
				"pivot": [-1, 1, 5],
				"rotation": [-10, 0, 0]
			},
			{
				"name": "bone4",
				"parent": "gun",
				"pivot": [0, 2.38796, 6.01769]
			},
			{
				"name": "bone5",
				"parent": "bone4",
				"pivot": [0, 2.38796, 6.01769]
			},
			{
				"name": "bone14",
				"parent": "gun",
				"pivot": [1, 9, -32.5],
				"rotation": [45, 0, 0]
			},
			{
				"name": "bone3",
				"parent": "gun",
				"pivot": [1, 8.87857, 1.78235],
				"rotation": [27.5, 0, 0],
				"cubes": [
					{"origin": [-2.4, 2.87857, 1.78235], "size": [2.8, 6, 2], "uv": [0, 15]}
				]
			},
			{
				"name": "rightItem5",
				"parent": "gun",
				"pivot": [-1, 7.86603, 0.5],
				"rotation": [-22.5, 0, 0],
				"cubes": [
					{"origin": [-1.5, 6.73205, -1], "size": [1, 3, 1], "uv": [7, 22]}
				]
			}
		]
	}
}