{
	"format_version": "1.10.0",
	"geometry.fs.i": {
		"texturewidth": 64,
		"textureheight": 64,
		"visible_bounds_width": 7,
		"visible_bounds_height": 2,
		"visible_bounds_offset": [0, 0, 0],
		"bones": [
			{
				"name": "root",
				"pivot": [0, 0, 0]
			},
			{
				"name": "waist",
				"parent": "root",
				"pivot": [0, 12, 0]
			},
			{
				"name": "body",
				"parent": "waist",
				"pivot": [0, 24, 0]
			},
			{
				"name": "rightArm",
				"parent": "body",
				"pivot": [-5, 22, 0]
			},
			{
				"name": "gun",
				"parent": "rightArm",
				"pivot": [3, -29, 6],
				"cubes": [
					{"origin": [-1.5, 5, -2], "size": [1, 1, 4], "uv": [0, 22]},
					{"origin": [-1.5, 8, -7], "size": [1, 1, 5], "uv": [18, 18]},
					{"origin": [-2.5, 8, -2], "size": [3, 1, 8], "uv": [0, 35]},
					{"origin": [-2.5, 5, 2], "size": [3, 3, 4], "uv": [0, 8]},
					{"origin": [-1.5, 10, 4], "size": [1, 2, 3], "uv": [22, 0]},
					{"origin": [-0.5, 10, -9], "size": [1, 2, 16], "uv": [18, 19]},
					{"origin": [-2.5, 10, -9], "size": [1, 2, 16], "uv": [0, 17]},
					{"origin": [-1.5, 11, -9], "size": [1, 1, 13], "uv": [22, 0]},
					{"origin": [-1.5, 12, -9], "size": [1, 1, 1], "uv": [10, 10]},
					{"origin": [-2.5, 12, 5], "size": [1, 1, 1], "uv": [0, 10]},
					{"origin": [-0.5, 12, 5], "size": [1, 1, 1], "uv": [0, 8]},
					{"origin": [-2.5, 9, -9], "size": [3, 1, 16], "uv": [0, 0]}
				]
			},
			{
				"name": "bone2",
				"parent": "gun",
				"pivot": [1, 0, 7],
				"rotation": [-2.5, 0, 0]
			},
			{
				"name": "bone",
				"parent": "gun",
				"pivot": [0, 5, 2],
				"rotation": [10, 0, 0],
				"cubes": [
					{"origin": [-2.5, 1, 2], "size": [3, 4, 4], "uv": [0, 0]}
				]
			},
			{
				"name": "bone7",
				"parent": "bone",
				"pivot": [-1, 1, 6],
				"rotation": [-10, 0, 0],
				"cubes": [
					{"origin": [-2.5, 0, 2], "size": [3, 1, 4], "uv": [0, 17]}
				]
			},
			{
				"name": "bone4",
				"parent": "gun",
				"pivot": [0, 2.38796, 7.01769]
			},
			{
				"name": "bone5",
				"parent": "bone4",
				"pivot": [0, 2.38796, 7.01769]
			},
			{
				"name": "bone3",
				"parent": "gun",
				"pivot": [1, 9, 7],
				"rotation": [-50, 0, 0],
				"cubes": [
					{"origin": [-2.4, 6, 6], "size": [2.8, 3, 1], "uv": [10, 0]}
				]
			},
			{
				"name": "rightItem2",
				"parent": "gun",
				"pivot": [-1, 6, -1],
				"rotation": [2.5, 0, 0],
				"cubes": [
					{"origin": [-1.5, 6.0237, -2], "size": [1, 4, 1], "uv": [18, 18]}
				]
			},
			{
				"name": "rightItem5",
				"parent": "gun",
				"pivot": [-1, 7.86603, 1.5],
				"rotation": [-22.5, 0, 0],
				"cubes": [
					{"origin": [-1.5, 5.73205, 1], "size": [1, 3, 1], "uv": [0, 0]}
				]
			}
		]
	}
}