{
	"format_version": "1.10.0",
	"geometry.g22": {
		"texturewidth": 64,
		"textureheight": 64,
		"visible_bounds_width": 7,
		"visible_bounds_height": 2,
		"visible_bounds_offset": [0, 0, 0],
		"bones": [
			{
				"name": "root",
				"pivot": [0, 0, 0]
			},
			{
				"name": "waist",
				"parent": "root",
				"pivot": [0, 12, 0]
			},
			{
				"name": "body",
				"parent": "waist",
				"pivot": [0, 24, 0]
			},
			{
				"name": "rightArm",
				"parent": "body",
				"pivot": [-5, 22, 0]
			},
			{
				"name": "gun",
				"parent": "rightArm",
				"pivot": [0, 22, -3],
				"rotation": [90, 0, 0],
				"cubes": [
					{"origin": [-2.5, 29, -6], "size": [1, 1, 4], "uv": [20, 20]},
					{"origin": [-2.5, 32, -15], "size": [1, 1, 17], "uv": [24, 0]},
					{"origin": [-3.5, 32, -7], "size": [3, 1, 9], "uv": [40, 18]},
					{"origin": [-3.5, 29, -2], "size": [3, 3, 4], "uv": [0, 8]},
					{"origin": [-2.5, 34, 1], "size": [1, 2, 2], "uv": [12, 13]},
					{"origin": [-1.5, 34, -15], "size": [1, 2, 18], "uv": [20, 21]},
					{"origin": [-3.5, 34, -15], "size": [1, 2, 18], "uv": [0, 19]},
					{"origin": [-2.5, 35, -15], "size": [1, 1, 16], "uv": [0, 39]},
					{"origin": [-2.5, 36, -14], "size": [1, 1, 1], "uv": [14, 4]},
					{"origin": [-3.5, 36, 1], "size": [1, 1, 1], "uv": [0, 10]},
					{"origin": [-1.5, 36, 1], "size": [1, 1, 1], "uv": [0, 8]},
					{"origin": [-3.5, 33, -15], "size": [3, 1, 18], "uv": [0, 0]}
				]
			},
			{
				"name": "bone2",
				"parent": "gun",
				"pivot": [0, 24, 3],
				"rotation": [-2.5, 0, 0]
			},
			{
				"name": "bone",
				"parent": "gun",
				"pivot": [-1, 29, -2],
				"rotation": [17.5, 0, 0],
				"cubes": [
					{"origin": [-3.5, 25, -2], "size": [3, 4, 4], "uv": [0, 0]},
					{"origin": [-3.5, 25, -2.5], "size": [3, 1, 1], "uv": [10, 8]},
					{"origin": [-3.5, 27, -2.5], "size": [3, 1, 1], "uv": [10, 10]}
				]
			},
			{
				"name": "bone4",
				"parent": "gun",
				"pivot": [-1, 26.38796, 3.01769],
				"cubes": [
					{"origin": [-3.5, 24.38796, -0.98231], "size": [3, 2, 4], "uv": [0, 19]}
				]
			},
			{
				"name": "bone3",
				"parent": "gun",
				"pivot": [0, 33, 3],
				"rotation": [-50, 0, 0],
				"cubes": [
					{"origin": [-3.4, 30, 2], "size": [2.8, 3, 1], "uv": [10, 0]}
				]
			},
			{
				"name": "rightItem2",
				"parent": "gun",
				"pivot": [-2, 28, -5],
				"rotation": [12.5, 0, 0],
				"cubes": [
					{"origin": [-2.5, 28.9763, -5.78356], "size": [1, 5, 1], "uv": [14, 19]}
				]
			},
			{
				"name": "rightItem3",
				"parent": "gun",
				"pivot": [-2, 36, 1],
				"rotation": [-55, 0, 0]
			},
			{
				"name": "rightItem4",
				"parent": "gun",
				"pivot": [-2, 33, -18],
				"rotation": [62.5, 0, 0]
			},
			{
				"name": "rightItem5",
				"parent": "gun",
				"pivot": [-2, 31.86603, -2.5],
				"rotation": [-30, 0, 0],
				"cubes": [
					{"origin": [-2.5, 29.73205, -3], "size": [1, 3, 1], "uv": [0, 0]}
				]
			},
			{
				"name": "rightItem6",
				"parent": "gun",
				"pivot": [-2, 31, 1]
			}
		]
	}
}