{
	"format_version": "1.10.0",
	"geometry.m110": {
		"texturewidth": 64,
		"textureheight": 64,
		"visible_bounds_width": 7,
		"visible_bounds_height": 2,
		"visible_bounds_offset": [0, 0, 0],
		"bones": [
			{
				"name": "root",
				"pivot": [0, 0, 0]
			},
			{
				"name": "waist",
				"parent": "root",
				"pivot": [0, 12, 0]
			},
			{
				"name": "body",
				"parent": "waist",
				"pivot": [0, 24, 0]
			},
			{
				"name": "rightArm",
				"parent": "body",
				"pivot": [-5, 22, 0]
			},
			{
				"name": "gun",
				"parent": "rightArm",
				"pivot": [0, 22, -3],
				"rotation": [90, 0, 0],
				"cubes": [
					{"origin": [-2.5, 30, -5], "size": [1, 1, 3], "uv": [5, 10]},
					{"origin": [-2.5, 31, -2], "size": [1, 2, 1], "uv": [10, 10]},
					{"origin": [-2.5, 35.1, -32.5], "size": [1, 1, 9], "uv": [44, 25]},
					{"origin": [-4, 33, -9.5], "size": [4, 4, 11], "uv": [0, 33]},
					{"origin": [-4, 30, -9.5], "size": [4, 3, 5], "uv": [44, 35]},
					{"origin": [-3, 36.6, -23.5], "size": [2, 1, 14], "uv": [18, 18]},
					{"origin": [-3, 36.3, -9.5], "size": [2, 1, 11], "uv": [35, 0]},
					{"origin": [-3, 36.6, -1.5], "size": [2, 2, 1], "uv": [8, 17]},
					{"origin": [-3, 40.6, -4.5], "size": [2, 2, 2], "uv": [0, 9]},
					{"origin": [-3, 36.6, -7.5], "size": [2, 2, 1], "uv": [0, 17]},
					{"origin": [-3.3, 38.6, -15.5], "size": [2.6, 2.5, 9], "uv": [36, 14]},
					{"origin": [-3, 38.6, -6.5], "size": [2, 2, 9], "uv": [19, 33]},
					{"origin": [-3, 33.5, -23.5], "size": [2, 1, 14], "uv": [0, 17]},
					{"origin": [-3.5, 34, -23.5], "size": [3, 3, 14], "uv": [0, 0]},
					{"origin": [-2.8, 34.2, 1], "size": [1.6, 2.8, 12], "uv": [30, 33]},
					{"origin": [-2.8, 32.3, 7], "size": [1.6, 2.7, 6], "uv": [0, 17]},
					{"origin": [-2.8, 30.3, 13], "size": [1.6, 6.7, 1], "uv": [20, 6]}
				]
			},
			{
				"name": "bone14",
				"parent": "gun",
				"pivot": [0, 35, 1],
				"rotation": [-17.5, 0, 0],
				"cubes": [
					{"origin": [-2.8, 34.2, 1], "size": [1.6, 1.9, 13], "uv": [20, 0]}
				]
			},
			{
				"name": "bone2",
				"parent": "gun",
				"pivot": [0, 31.04558, -5.02094],
				"rotation": [-2.5, 0, 0],
				"cubes": [
					{"origin": [-3.7, 26.1324, -9.32854], "size": [3.4, 5, 4.4], "uv": [0, 0]}
				]
			},
			{
				"name": "bone18",
				"parent": "gun",
				"pivot": [-1, 29.74027, -5.32844],
				"rotation": [-12.5, 0, 0]
			},
			{
				"name": "bone",
				"parent": "gun",
				"pivot": [-1, 30.17474, 6.923],
				"rotation": [7.5, 0, 0]
			},
			{
				"name": "bone7",
				"parent": "bone",
				"pivot": [-2, 26.17474, 10.923],
				"rotation": [-10, 0, 0]
			},
			{
				"name": "bone6",
				"parent": "gun",
				"pivot": [-1, 29, -2],
				"rotation": [2.5, 0, 0]
			},
			{
				"name": "bone8",
				"parent": "bone6",
				"pivot": [-2, 25, 2],
				"rotation": [-10, 0, 0]
			},
			{
				"name": "bone4",
				"parent": "gun",
				"pivot": [-1, 26.38796, 3.01769]
			},
			{
				"name": "bone5",
				"parent": "bone4",
				"pivot": [-1, 26.38796, 3.01769]
			},
			{
				"name": "bone3",
				"parent": "gun",
				"pivot": [0, 32.87857, -1.21765],
				"rotation": [12.5, 0, 0],
				"cubes": [
					{"origin": [-3.4, 25.87857, -1.21765], "size": [2.8, 7, 3], "uv": [18, 18]}
				]
			},
			{
				"name": "bone9",
				"parent": "gun",
				"pivot": [-1, 31.78397, 1.10622],
				"rotation": [150, 0, 0],
				"cubes": [
					{"origin": [-3.4, 28.15, 1.47225], "size": [2.8, 4, 2.8], "uv": [20, 0]}
				]
			},
			{
				"name": "rightItem5",
				"parent": "gun",
				"pivot": [-2, 31.86603, -2.5],
				"rotation": [-22.5, 0, 0],
				"cubes": [
					{"origin": [-2.5, 30.73205, -4], "size": [1, 3, 1], "uv": [0, 0]}
				]
			}
		]
	}
}