{
	"format_version": "1.10.0",
	"geometry.m110.i": {
		"texturewidth": 64,
		"textureheight": 64,
		"visible_bounds_width": 7,
		"visible_bounds_height": 2,
		"visible_bounds_offset": [0, 0, 0],
		"bones": [
			{
				"name": "root",
				"pivot": [0, 0, 0]
			},
			{
				"name": "waist",
				"parent": "root",
				"pivot": [0, 12, 0]
			},
			{
				"name": "body",
				"parent": "waist",
				"pivot": [0, 24, 0]
			},
			{
				"name": "rightArm",
				"parent": "body",
				"pivot": [-5, 22, 0]
			},
			{
				"name": "gun",
				"parent": "rightArm",
				"pivot": [3, -30, 6],
				"cubes": [
					{"origin": [-1.5, 5, -1], "size": [1, 1, 3], "uv": [5, 10]},
					{"origin": [-1.5, 6, 2], "size": [1, 2, 1], "uv": [10, 10]},
					{"origin": [-1.5, 10.1, -28.5], "size": [1, 1, 9], "uv": [44, 25]},
					{"origin": [-3, 8, -5.5], "size": [4, 4, 11], "uv": [0, 33]},
					{"origin": [-3, 5, -5.5], "size": [4, 3, 5], "uv": [44, 35]},
					{"origin": [-2, 11.6, -19.5], "size": [2, 1, 14], "uv": [18, 18]},
					{"origin": [-2, 11.3, -5.5], "size": [2, 1, 11], "uv": [35, 0]},
					{"origin": [-2, 11.6, 2.5], "size": [2, 2, 1], "uv": [8, 17]},
					{"origin": [-2, 15.6, -0.5], "size": [2, 2, 2], "uv": [0, 9]},
					{"origin": [-2, 11.6, -3.5], "size": [2, 2, 1], "uv": [0, 17]},
					{"origin": [-2.3, 13.6, -11.5], "size": [2.6, 2.5, 9], "uv": [36, 14]},
					{"origin": [-2, 13.6, -2.5], "size": [2, 2, 9], "uv": [19, 33]},
					{"origin": [-2, 8.5, -19.5], "size": [2, 1, 14], "uv": [0, 17]},
					{"origin": [-2.5, 9, -19.5], "size": [3, 3, 14], "uv": [0, 0]},
					{"origin": [-1.8, 9.2, 5], "size": [1.6, 2.8, 12], "uv": [30, 33]},
					{"origin": [-1.8, 7.3, 11], "size": [1.6, 2.7, 6], "uv": [0, 17]},
					{"origin": [-1.8, 5.3, 17], "size": [1.6, 6.7, 1], "uv": [20, 6]}
				]
			},
			{
				"name": "bone14",
				"parent": "gun",
				"pivot": [1, 10, 5],
				"rotation": [-17.5, 0, 0],
				"cubes": [
					{"origin": [-1.8, 9.2, 5], "size": [1.6, 1.9, 13], "uv": [20, 0]}
				]
			},
			{
				"name": "bone2",
				"parent": "gun",
				"pivot": [1, 6.04558, -1.02094],
				"rotation": [-2.5, 0, 0],
				"cubes": [
					{"origin": [-2.7, 1.1324, -5.32854], "size": [3.4, 5, 4.4], "uv": [0, 0]}
				]
			},
			{
				"name": "bone18",
				"parent": "gun",
				"pivot": [0, 4.74027, -1.32844],
				"rotation": [-12.5, 0, 0]
			},
			{
				"name": "bone",
				"parent": "gun",
				"pivot": [0, 5.17474, 10.923],
				"rotation": [7.5, 0, 0]
			},
			{
				"name": "bone7",
				"parent": "bone",
				"pivot": [-1, 1.17474, 14.923],
				"rotation": [-10, 0, 0]
			},
			{
				"name": "bone6",
				"parent": "gun",
				"pivot": [0, 4, 2],
				"rotation": [2.5, 0, 0]
			},
			{
				"name": "bone8",
				"parent": "bone6",
				"pivot": [-1, 0, 6],
				"rotation": [-10, 0, 0]
			},
			{
				"name": "bone4",
				"parent": "gun",
				"pivot": [0, 1.38796, 7.01769]
			},
			{
				"name": "bone5",
				"parent": "bone4",
				"pivot": [0, 1.38796, 7.01769]
			},
			{
				"name": "bone3",
				"parent": "gun",
				"pivot": [1, 7.87857, 2.78235],
				"rotation": [12.5, 0, 0],
				"cubes": [
					{"origin": [-2.4, 0.87857, 2.78235], "size": [2.8, 7, 3], "uv": [18, 18]}
				]
			},
			{
				"name": "bone9",
				"parent": "gun",
				"pivot": [0, 6.78397, 5.10622],
				"rotation": [150, 0, 0],
				"cubes": [
					{"origin": [-2.4, 3.15, 5.47225], "size": [2.8, 4, 2.8], "uv": [20, 0]}
				]
			},
			{
				"name": "rightItem5",
				"parent": "gun",
				"pivot": [-1, 6.86603, 1.5],
				"rotation": [-22.5, 0, 0],
				"cubes": [
					{"origin": [-1.5, 5.73205, 0], "size": [1, 3, 1], "uv": [0, 0]}
				]
			}
		]
	}
}