{
	"format_version": "1.10.0",
	"geometry.m40.i": {
		"texturewidth": 64,
		"textureheight": 64,
		"visible_bounds_width": 7,
		"visible_bounds_height": 3,
		"visible_bounds_offset": [0, 0, 0],
		"bones": [
			{
				"name": "root",
				"pivot": [0, 0, 0]
			},
			{
				"name": "waist",
				"parent": "root",
				"pivot": [0, 12, 0]
			},
			{
				"name": "body",
				"parent": "waist",
				"pivot": [0, 24, 0]
			},
			{
				"name": "rightArm",
				"parent": "body",
				"pivot": [-5, 22, 0]
			},
			{
				"name": "gun",
				"parent": "rightArm",
				"pivot": [3, -32, 5],
				"cubes": [
					{"origin": [-1.5, 3, -2], "size": [1, 1, 3], "uv": [0, 27]},
					{"origin": [-1.5, 4, 1], "size": [1, 2, 1], "uv": [12, 0]},
					{"origin": [-1.5, 4, -3], "size": [1, 2, 1], "uv": [12, 3]},
					{"origin": [-2.5, 6, -20.5], "size": [3, 3, 12], "uv": [22, 0]},
					{"origin": [-1.5, 7.5, -32.5], "size": [1, 1, 12], "uv": [20, 33]},
					{"origin": [-1.5, 7.5, -37.5], "size": [1, 1, 12], "uv": [20, 33]},
					{"origin": [-1.5, 8.5, -20.5], "size": [1, 1, 3], "uv": [22, 4]},
					{"origin": [-0.2, 8.1, -20.2], "size": [1, 1, 3], "uv": [22, 0]},
					{"origin": [-2.8, 8.1, -20.2], "size": [1, 1, 3], "uv": [7, 10]},
					{"origin": [-1.5, 8.5, -7.5], "size": [1, 1, 9], "uv": [40, 0]},
					{"origin": [-1.5, 9.5, -6.5], "size": [1, 1, 2], "uv": [27, 0]},
					{"origin": [-1.5, 9.5, -1.5], "size": [1, 1, 2], "uv": [5, 27]},
					{"origin": [-2, 10.5, -8], "size": [2, 2, 11], "uv": [19, 20]},
					{"origin": [-2.5, 10, -17], "size": [3, 3, 9], "uv": [0, 37]},
					{"origin": [-1.5, 12, -5], "size": [1, 2, 1], "uv": [10, 40]},
					{"origin": [-1.8, 7.2, -42.5], "size": [1.6, 1.6, 5], "uv": [0, 10]},
					{"origin": [-0.5, 7, -8.5], "size": [1, 1, 9], "uv": [0, 49]},
					{"origin": [-2.5, 7, -8.5], "size": [1, 1, 9], "uv": [28, 47]},
					{"origin": [-2.5, 7, -8.5], "size": [3, 2, 10], "uv": [34, 15]},
					{"origin": [-1.5, 8.5, -8.5], "size": [1, 0, 10], "uv": [0, 0]},
					{"origin": [-2.5, 6, -8.5], "size": [3, 1, 10], "uv": [34, 34]},
					{"origin": [-2.5, 2, -6.5], "size": [3, 4, 3], "uv": [0, 20]}
				]
			},
			{
				"name": "bone2",
				"parent": "gun",
				"pivot": [1, -3, 6],
				"rotation": [-2.5, 0, 0]
			},
			{
				"name": "bone9",
				"parent": "gun",
				"pivot": [-1, 5, -11],
				"rotation": [-45, 0, 0]
			},
			{
				"name": "bone",
				"parent": "gun",
				"pivot": [0, 3.17474, 9.923],
				"rotation": [7.5, 0, 0]
			},
			{
				"name": "bone7",
				"parent": "bone",
				"pivot": [-1, -0.82526, 13.923],
				"rotation": [-10, 0, 0]
			},
			{
				"name": "bone6",
				"parent": "gun",
				"pivot": [0, 2, 1],
				"rotation": [2.5, 0, 0]
			},
			{
				"name": "bone8",
				"parent": "bone6",
				"pivot": [-1, -2, 5],
				"rotation": [-10, 0, 0]
			},
			{
				"name": "bone4",
				"parent": "gun",
				"pivot": [0, -0.61204, 6.01769]
			},
			{
				"name": "bone5",
				"parent": "bone4",
				"pivot": [0, -0.61204, 6.01769]
			},
			{
				"name": "bone14",
				"parent": "gun",
				"pivot": [1, 6, -32.5],
				"rotation": [45, 0, 0]
			},
			{
				"name": "bone3",
				"parent": "gun",
				"pivot": [1, 2.11299, 3.46175],
				"rotation": [10, 0, 0],
				"cubes": [
					{"origin": [-2.4, 2.11299, 3.46175], "size": [2.8, 4, 2], "uv": [19, 20]}
				]
			},
			{
				"name": "bone15",
				"parent": "gun",
				"pivot": [1, 7.39472, 6.41095],
				"rotation": [-52.5, 0, 0],
				"cubes": [
					{"origin": [-2.4, 7.39472, 6.41095], "size": [2.8, 2, 2], "uv": [22, 8]}
				]
			},
			{
				"name": "bone10",
				"parent": "gun",
				"pivot": [-1, 9.15661, 0.9627],
				"rotation": [-17.5, 0, 0],
				"cubes": [
					{"origin": [-2.5, 6.21692, 0.9627], "size": [3, 3, 7], "uv": [17, 46]}
				]
			},
			{
				"name": "bone11",
				"parent": "gun",
				"pivot": [-1, 6.94788, 7.13816],
				"rotation": [-5, 0, 0]
			},
			{
				"name": "bone12",
				"parent": "gun",
				"pivot": [-1, 3.53526, 6.29292],
				"rotation": [-12.5, 0, 0],
				"cubes": [
					{"origin": [-2.5, 2.53526, 4.29292], "size": [3, 4, 16], "uv": [0, 0]}
				]
			},
			{
				"name": "bone16",
				"parent": "bone12",
				"pivot": [0, 8.4, 6.9],
				"rotation": [7.5, 0, 0],
				"cubes": [
					{"origin": [-2.5, 4.83526, 6.89292], "size": [3, 4, 13], "uv": [0, 20]}
				]
			},
			{
				"name": "bone13",
				"parent": "gun",
				"pivot": [-1, -2.62663, 18.79384],
				"rotation": [-2.5, 0, 0],
				"cubes": [
					{"origin": [-2.5, -0.4, 19.18384], "size": [3, 7, 2], "uv": [0, 0]},
					{"origin": [-2.5, 2.12492, 12.18384], "size": [3, 3, 7], "uv": [39, 45]},
					{"origin": [-2.5, 2.12492, 11.18384], "size": [3, 3, 1], "uv": [19, 26]}
				]
			},
			{
				"name": "rightItem5",
				"parent": "gun",
				"pivot": [-1, 4.86603, 0.5],
				"rotation": [-22.5, 0, 0],
				"cubes": [
					{"origin": [-1.5, 3.73205, 0], "size": [1, 3, 1], "uv": [0, 10]}
				]
			}
		]
	}
}