{
	"format_version": "1.10.0",
	"geometry.m40_empt": {
		"texturewidth": 64,
		"textureheight": 64,
		"visible_bounds_width": 7,
		"visible_bounds_height": 3,
		"visible_bounds_offset": [0, 0, 0],
		"bones": [
			{
				"name": "root",
				"pivot": [0, 0, 0]
			},
			{
				"name": "waist",
				"parent": "root",
				"pivot": [0, 12, 0]
			},
			{
				"name": "body",
				"parent": "waist",
				"pivot": [0, 24, 0]
			},
			{
				"name": "rightArm",
				"parent": "body",
				"pivot": [-5, 22, 0]
			},
			{
				"name": "gun",
				"parent": "rightArm",
				"pivot": [0, 22, -3],
				"rotation": [90, 0, 0],
				"cubes": [
					{"origin": [-2.5, 30, -5], "size": [1, 1, 3], "uv": [0, 27]},
					{"origin": [-2.5, 31, -2], "size": [1, 2, 1], "uv": [12, 0]},
					{"origin": [-2.5, 31, -6], "size": [1, 2, 1], "uv": [12, 3]},
					{"origin": [-3.5, 33, -23.5], "size": [3, 3, 12], "uv": [22, 0]},
					{"origin": [-2.5, 34.5, -35.5], "size": [1, 1, 12], "uv": [20, 33]},
					{"origin": [-2.5, 34.5, -40.5], "size": [1, 1, 12], "uv": [20, 33]},
					{"origin": [-2.5, 35.5, -23.5], "size": [1, 1, 3], "uv": [22, 4]},
					{"origin": [-1.2, 35.1, -23.2], "size": [1, 1, 3], "uv": [22, 0]},
					{"origin": [-3.8, 35.1, -23.2], "size": [1, 1, 3], "uv": [7, 10]},
					{"origin": [-2.5, 35.5, -10.5], "size": [1, 1, 9], "uv": [40, 0]},
					{"origin": [-2.5, 36.5, -9.5], "size": [1, 1, 2], "uv": [27, 0]},
					{"origin": [-2.5, 36.5, -4.5], "size": [1, 1, 2], "uv": [5, 27]},
					{"origin": [-3, 37.5, -11], "size": [2, 2, 11], "uv": [19, 20]},
					{"origin": [-3.5, 37, -20], "size": [3, 3, 9], "uv": [0, 37]},
					{"origin": [-2.5, 39, -8], "size": [1, 2, 1], "uv": [10, 40]},
					{"origin": [-2.8, 34.2, -45.5], "size": [1.6, 1.6, 5], "uv": [0, 10]},
					{"origin": [-1.5, 34, -11.5], "size": [1, 1, 9], "uv": [0, 49]},
					{"origin": [-3.5, 34, -11.5], "size": [1, 1, 9], "uv": [28, 47]},
					{"origin": [-3.5, 34, -11.5], "size": [3, 2, 10], "uv": [34, 15]},
					{"origin": [-2.5, 35.5, -11.5], "size": [1, 0, 10], "uv": [0, 0]},
					{"origin": [-3.5, 33, -11.5], "size": [3, 1, 10], "uv": [34, 34]}
				]
			},
			{
				"name": "bone2",
				"parent": "gun",
				"pivot": [0, 24, 3],
				"rotation": [-2.5, 0, 0]
			},
			{
				"name": "bone9",
				"parent": "gun",
				"pivot": [-2, 32, -14],
				"rotation": [-45, 0, 0]
			},
			{
				"name": "bone",
				"parent": "gun",
				"pivot": [-1, 30.17474, 6.923],
				"rotation": [7.5, 0, 0]
			},
			{
				"name": "bone7",
				"parent": "bone",
				"pivot": [-2, 26.17474, 10.923],
				"rotation": [-10, 0, 0]
			},
			{
				"name": "bone6",
				"parent": "gun",
				"pivot": [-1, 29, -2],
				"rotation": [2.5, 0, 0]
			},
			{
				"name": "bone8",
				"parent": "bone6",
				"pivot": [-2, 25, 2],
				"rotation": [-10, 0, 0]
			},
			{
				"name": "bone4",
				"parent": "gun",
				"pivot": [-1, 26.38796, 3.01769]
			},
			{
				"name": "bone5",
				"parent": "bone4",
				"pivot": [-1, 26.38796, 3.01769]
			},
			{
				"name": "bone14",
				"parent": "gun",
				"pivot": [0, 33, -35.5],
				"rotation": [45, 0, 0]
			},
			{
				"name": "bone3",
				"parent": "gun",
				"pivot": [0, 29.11299, 0.46175],
				"rotation": [10, 0, 0],
				"cubes": [
					{"origin": [-3.4, 29.11299, 0.46175], "size": [2.8, 4, 2], "uv": [19, 20]}
				]
			},
			{
				"name": "bone15",
				"parent": "gun",
				"pivot": [0, 34.39472, 3.41095],
				"rotation": [-52.5, 0, 0],
				"cubes": [
					{"origin": [-3.4, 34.39472, 3.41095], "size": [2.8, 2, 2], "uv": [22, 8]}
				]
			},
			{
				"name": "bone10",
				"parent": "gun",
				"pivot": [-2, 36.15661, -2.0373],
				"rotation": [-17.5, 0, 0],
				"cubes": [
					{"origin": [-3.5, 33.21692, -2.0373], "size": [3, 3, 7], "uv": [17, 46]}
				]
			},
			{
				"name": "bone11",
				"parent": "gun",
				"pivot": [-2, 33.94788, 4.13816],
				"rotation": [-5, 0, 0]
			},
			{
				"name": "bone12",
				"parent": "gun",
				"pivot": [-2, 30.53526, 3.29292],
				"rotation": [-12.5, 0, 0],
				"cubes": [
					{"origin": [-3.5, 29.53526, 1.29292], "size": [3, 4, 16], "uv": [0, 0]}
				]
			},
			{
				"name": "bone16",
				"parent": "bone12",
				"pivot": [-1, 35.4, 3.9],
				"rotation": [7.5, 0, 0],
				"cubes": [
					{"origin": [-3.5, 31.83526, 3.89292], "size": [3, 4, 13], "uv": [0, 20]}
				]
			},
			{
				"name": "bone13",
				"parent": "gun",
				"pivot": [-2, 24.37337, 15.79384],
				"rotation": [-2.5, 0, 0],
				"cubes": [
					{"origin": [-3.5, 26.6, 16.18384], "size": [3, 7, 2], "uv": [0, 0]},
					{"origin": [-3.5, 29.12492, 9.18384], "size": [3, 3, 7], "uv": [39, 45]},
					{"origin": [-3.5, 29.12492, 8.18384], "size": [3, 3, 1], "uv": [19, 26]}
				]
			},
			{
				"name": "rightItem5",
				"parent": "gun",
				"pivot": [-2, 31.86603, -2.5],
				"rotation": [-22.5, 0, 0],
				"cubes": [
					{"origin": [-2.5, 30.73205, -3], "size": [1, 3, 1], "uv": [0, 10]}
				]
			}
		]
	}
}