{
	"format_version": "1.10.0",
	"geometry.m4_empt.i": {
		"texturewidth": 64,
		"textureheight": 64,
		"visible_bounds_width": 7,
		"visible_bounds_height": 2,
		"visible_bounds_offset": [0, 0, 0],
		"bones": [
			{
				"name": "root",
				"pivot": [0, 0, 0]
			},
			{
				"name": "waist",
				"parent": "root",
				"pivot": [0, 12, 0]
			},
			{
				"name": "body",
				"parent": "waist",
				"pivot": [0, 24, 0]
			},
			{
				"name": "rightArm",
				"parent": "body",
				"pivot": [-5, 22, 0]
			},
			{
				"name": "gun",
				"parent": "rightArm",
				"pivot": [3, -27, 6],
				"cubes": [
					{"origin": [-1.5, 8, -1], "size": [1, 1, 3], "uv": [0, 32]},
					{"origin": [-1.5, 9, 2], "size": [1, 2, 1], "uv": [19, 25]},
					{"origin": [-1.5, 11.5, -28.5], "size": [1, 1, 10], "uv": [0, 0]},
					{"origin": [-1.7, 11.3, -30.5], "size": [1.4, 1.4, 3], "uv": [19, 30]},
					{"origin": [-1.5, 13.15, -20.5], "size": [1, 1, 2], "uv": [33, 5]},
					{"origin": [-1.5, 12, -20.5], "size": [1, 2, 1], "uv": [19, 0]},
					{"origin": [-3, 11, -5.5], "size": [4, 4, 11], "uv": [28, 0]},
					{"origin": [-2, 14.6, -18.5], "size": [2, 1, 24], "uv": [0, 0]},
					{"origin": [-2, 15.6, 2.5], "size": [2, 1, 2], "uv": [25, 25]},
					{"origin": [-0.5, 16.6, 2.5], "size": [1, 1, 2], "uv": [5, 32]},
					{"origin": [-2.5, 16.6, 2.5], "size": [1, 1, 2], "uv": [7, 25]},
					{"origin": [-2, 10.5, -18.5], "size": [2, 1, 14], "uv": [18, 28]},
					{"origin": [-2.5, 11, -18.5], "size": [3, 4, 13], "uv": [0, 25]},
					{"origin": [-1.8, 13.2, 5], "size": [1.6, 1.8, 4], "uv": [28, 0]},
					{"origin": [-2, 12.7, 9], "size": [2, 3, 8], "uv": [0, 11]},
					{"origin": [-1.5, 12, 10], "size": [1, 1, 4], "uv": [19, 25]},
					{"origin": [-2, 8.7, 17], "size": [2, 7, 1], "uv": [0, 11]},
					{"origin": [-1.5, 11.2, 15], "size": [1, 1, 2], "uv": [19, 34]},
					{"origin": [-1.5, 9.5, 15], "size": [1, 2, 2], "uv": [18, 20]},
					{"origin": [-1.5, 10.2, 12], "size": [1, 2, 3], "uv": [28, 5]}
				]
			},
			{
				"name": "bone12",
				"parent": "gun",
				"pivot": [1, 19, -23],
				"cubes": [
					{"origin": [-1.5, 10.5, -21.5], "size": [1, 9, 1], "uv": [36, 25]}
				]
			},
			{
				"name": "bone13",
				"parent": "gun",
				"pivot": [1, 19, -23],
				"rotation": [32.5, 0, 0],
				"cubes": [
					{"origin": [-1.5, 11.5, -21.5], "size": [1, 7, 1], "uv": [28, 29]}
				]
			},
			{
				"name": "bone10",
				"parent": "gun",
				"pivot": [1, 11, 0],
				"rotation": [-10, 0, 0],
				"cubes": [
					{"origin": [-2.5, 8, -4.5], "size": [3, 3, 4], "uv": [28, 15]}
				]
			},
			{
				"name": "bone18",
				"parent": "gun",
				"pivot": [0, 7.74027, -1.32844],
				"rotation": [-12.5, 0, 0]
			},
			{
				"name": "bone",
				"parent": "gun",
				"pivot": [0, 8.17474, 10.923],
				"rotation": [7.5, 0, 0]
			},
			{
				"name": "bone7",
				"parent": "bone",
				"pivot": [-1, 4.17474, 14.923],
				"rotation": [-10, 0, 0]
			},
			{
				"name": "bone6",
				"parent": "gun",
				"pivot": [0, 7, 2],
				"rotation": [2.5, 0, 0]
			},
			{
				"name": "bone8",
				"parent": "bone6",
				"pivot": [-1, 3, 6],
				"rotation": [-10, 0, 0]
			},
			{
				"name": "bone4",
				"parent": "gun",
				"pivot": [0, 4.38796, 7.01769]
			},
			{
				"name": "bone5",
				"parent": "bone4",
				"pivot": [0, 4.38796, 7.01769]
			},
			{
				"name": "bone3",
				"parent": "gun",
				"pivot": [1, 10.87857, 2.78235],
				"rotation": [12.5, 0, 0],
				"cubes": [
					{"origin": [-2.4, 3.87857, 2.78235], "size": [2.8, 7, 3], "uv": [0, 0]}
				]
			},
			{
				"name": "bone9",
				"parent": "gun",
				"pivot": [0, 9.78397, 5.10622],
				"rotation": [150, 0, 0],
				"cubes": [
					{"origin": [-2.4, 4.78397, 5.10622], "size": [2.8, 5, 3], "uv": [12, 0]}
				]
			},
			{
				"name": "rightItem5",
				"parent": "gun",
				"pivot": [-1, 9.86603, 1.5],
				"rotation": [-22.5, 0, 0],
				"cubes": [
					{"origin": [-1.5, 8.73205, 0], "size": [1, 3, 1], "uv": [19, 11]}
				]
			}
		]
	}
}