{
	"format_version": "1.10.0",
	"geometry.mp5": {
		"texturewidth": 128,
		"textureheight": 128,
		"visible_bounds_width": 7,
		"visible_bounds_height": 3,
		"visible_bounds_offset": [0, 0, 0],
		"bones": [
			{
				"name": "root",
				"pivot": [0, 0, 0]
			},
			{
				"name": "waist",
				"parent": "root",
				"pivot": [0, 12, 0]
			},
			{
				"name": "body",
				"parent": "waist",
				"pivot": [0, 24, 0]
			},
			{
				"name": "rightArm",
				"parent": "body",
				"pivot": [-5, 22, 0]
			},
			{
				"name": "gun",
				"parent": "rightArm",
				"pivot": [0, 22, -3],
				"rotation": [90, 0, 0],
				"cubes": [
					{"origin": [-2.5, 29, -6], "size": [1, 1, 5], "uv": [0, 21]},
					{"origin": [-3.5, 38.5, -25], "size": [1, 1, 1], "uv": [0, 21]},
					{"origin": [-2.5, 39.5, -25], "size": [1, 1, 1], "uv": [12, 10]},
					{"origin": [-2.5, 37.5, -25], "size": [1, 1, 1], "uv": [12, 12]},
					{"origin": [-1.5, 38.5, -25], "size": [1, 1, 1], "uv": [0, 14]},
					{"origin": [-3.5, 37, -1], "size": [1, 2, 2], "uv": [0, 10]},
					{"origin": [-1.5, 37, -1], "size": [1, 2, 2], "uv": [2, 4]},
					{"origin": [-2.5, 34, -28], "size": [1, 1, 13], "uv": [47, 27]},
					{"origin": [-3.5, 32, -7], "size": [3, 1, 9], "uv": [0, 0]},
					{"origin": [-3.5, 32, 2], "size": [3, 2, 4], "uv": [12, 10]},
					{"origin": [-3.5, 33, -24], "size": [3, 4, 27], "uv": [0, 0]},
					{"origin": [-2.5, 33.5, -25], "size": [1, 4, 26], "uv": [0, 31]},
					{"origin": [-3.5, 35, 6], "size": [3, 1, 12], "uv": [33, 14]},
					{"origin": [-3.5, 27, 16], "size": [3, 8, 2], "uv": [28, 31]},
					{"origin": [-3.5, 30, 10], "size": [3, 5, 6], "uv": [0, 10]},
					{"origin": [-3.5, 29, 12], "size": [3, 5, 2], "uv": [0, 38]},
					{"origin": [-3.5, 31, 8], "size": [3, 4, 2], "uv": [10, 42]},
					{"origin": [-3.5, 32, 6], "size": [3, 3, 2], "uv": [33, 21]},
					{"origin": [-3.5, 28, 14], "size": [3, 5, 2], "uv": [33, 14]}
				]
			},
			{
				"name": "bone7",
				"parent": "gun",
				"pivot": [0, 37, -24],
				"rotation": [-5, 0, 0],
				"cubes": [
					{"origin": [-3.5, 33, -24], "size": [3, 4, 13], "uv": [28, 31]}
				]
			},
			{
				"name": "bone2",
				"parent": "gun",
				"pivot": [0, 24, 3],
				"rotation": [-2.5, 0, 0]
			},
			{
				"name": "bone",
				"parent": "gun",
				"pivot": [-1, 29, -2],
				"rotation": [17.5, 0, 0],
				"cubes": [
					{"origin": [-3.4, 24, -1], "size": [2.8, 8, 3], "uv": [14, 31]}
				]
			},
			{
				"name": "bone5",
				"parent": "gun",
				"pivot": [-1, 35.14326, -6.63751],
				"rotation": [-7.5, 0, 0],
				"cubes": [
					{"origin": [-3.5, 30.14326, -10.63751], "size": [3, 3, 4], "uv": [0, 31]},
					{"origin": [-3.4, 24.14326, -10.53751], "size": [2.8, 6, 3.8], "uv": [33, 0]}
				]
			},
			{
				"name": "bone8",
				"parent": "bone5",
				"pivot": [0, 24.14326, -6.63751],
				"rotation": [-22.5, 0, 0],
				"cubes": [
					{"origin": [-3.4, 18.14326, -10.53751], "size": [2.8, 6, 3.8], "uv": [15, 0]}
				]
			},
			{
				"name": "bone4",
				"parent": "gun",
				"pivot": [-1, 26.38796, 3.01769]
			},
			{
				"name": "bone3",
				"parent": "gun",
				"pivot": [0, 37, 3],
				"rotation": [-15, 0, 0],
				"cubes": [
					{"origin": [-3.4, 34, 3], "size": [2.8, 3, 4], "uv": [14, 17]}
				]
			},
			{
				"name": "bone6",
				"parent": "gun",
				"pivot": [0, 32.93582, 5.57115],
				"rotation": [-25, 0, 0],
				"cubes": [
					{"origin": [-3.5, 31.93582, 5.57115], "size": [3, 2, 12], "uv": [33, 0]}
				]
			},
			{
				"name": "rightItem2",
				"parent": "gun",
				"pivot": [-2, 28, -5],
				"rotation": [12.5, 0, 0],
				"cubes": [
					{"origin": [-2.5, 28.9763, -5.78356], "size": [1, 5, 1], "uv": [0, 0]}
				]
			},
			{
				"name": "rightItem3",
				"parent": "gun",
				"pivot": [-2, 36, 1],
				"rotation": [-55, 0, 0]
			},
			{
				"name": "rightItem4",
				"parent": "gun",
				"pivot": [-2, 33, -18],
				"rotation": [62.5, 0, 0]
			},
			{
				"name": "rightItem5",
				"parent": "gun",
				"pivot": [-2, 31.86603, -2.5],
				"rotation": [-30, 0, 0],
				"cubes": [
					{"origin": [-2.5, 29.73205, -3], "size": [1, 3, 1], "uv": [4, 0]}
				]
			},
			{
				"name": "rightItem6",
				"parent": "gun",
				"pivot": [-2, 31, 1]
			}
		]
	}
}