{
	"format_version": "1.10.0",
	"geometry.mp5_empt.i": {
		"texturewidth": 128,
		"textureheight": 128,
		"visible_bounds_width": 7,
		"visible_bounds_height": 3,
		"visible_bounds_offset": [0, 0, 0],
		"bones": [
			{
				"name": "root",
				"pivot": [0, 0, 0]
			},
			{
				"name": "waist",
				"parent": "root",
				"pivot": [0, 12, 0]
			},
			{
				"name": "body",
				"parent": "waist",
				"pivot": [0, 24, 0]
			},
			{
				"name": "rightArm",
				"parent": "body",
				"pivot": [-5, 22, 0]
			},
			{
				"name": "gun",
				"parent": "rightArm",
				"pivot": [3, -24, 6],
				"cubes": [
					{"origin": [-1.5, 10, -2], "size": [1, 1, 5], "uv": [0, 21]},
					{"origin": [-2.5, 19.5, -21], "size": [1, 1, 1], "uv": [0, 21]},
					{"origin": [-1.5, 20.5, -21], "size": [1, 1, 1], "uv": [12, 10]},
					{"origin": [-1.5, 18.5, -21], "size": [1, 1, 1], "uv": [12, 12]},
					{"origin": [-0.5, 19.5, -21], "size": [1, 1, 1], "uv": [0, 14]},
					{"origin": [-2.5, 18, 3], "size": [1, 2, 2], "uv": [0, 10]},
					{"origin": [-0.5, 18, 3], "size": [1, 2, 2], "uv": [2, 4]},
					{"origin": [-1.5, 15, -24], "size": [1, 1, 13], "uv": [47, 27]},
					{"origin": [-2.5, 13, -3], "size": [3, 1, 9], "uv": [0, 0]},
					{"origin": [-2.5, 13, 6], "size": [3, 2, 4], "uv": [12, 10]},
					{"origin": [-2.5, 14, -20], "size": [3, 4, 27], "uv": [0, 0]},
					{"origin": [-1.5, 14.5, -21], "size": [1, 4, 26], "uv": [0, 31]},
					{"origin": [-2.5, 16, 10], "size": [3, 1, 12], "uv": [33, 14]},
					{"origin": [-2.5, 8, 20], "size": [3, 8, 2], "uv": [28, 31]},
					{"origin": [-2.5, 11, 14], "size": [3, 5, 6], "uv": [0, 10]},
					{"origin": [-2.5, 10, 16], "size": [3, 5, 2], "uv": [0, 38]},
					{"origin": [-2.5, 12, 12], "size": [3, 4, 2], "uv": [10, 42]},
					{"origin": [-2.5, 13, 10], "size": [3, 3, 2], "uv": [33, 21]},
					{"origin": [-2.5, 9, 18], "size": [3, 5, 2], "uv": [33, 14]}
				]
			},
			{
				"name": "bone7",
				"parent": "gun",
				"pivot": [1, 18, -20],
				"rotation": [-5, 0, 0],
				"cubes": [
					{"origin": [-2.5, 14, -20], "size": [3, 4, 13], "uv": [28, 31]}
				]
			},
			{
				"name": "bone2",
				"parent": "gun",
				"pivot": [1, 5, 7],
				"rotation": [-2.5, 0, 0]
			},
			{
				"name": "bone",
				"parent": "gun",
				"pivot": [0, 10, 2],
				"rotation": [17.5, 0, 0],
				"cubes": [
					{"origin": [-2.4, 5, 3], "size": [2.8, 8, 3], "uv": [14, 31]}
				]
			},
			{
				"name": "bone5",
				"parent": "gun",
				"pivot": [0, 16.14326, -2.63751],
				"rotation": [-7.5, 0, 0],
				"cubes": [
					{"origin": [-2.5, 11.14326, -6.63751], "size": [3, 3, 4], "uv": [0, 31]}
				]
			},
			{
				"name": "bone4",
				"parent": "gun",
				"pivot": [0, 7.38796, 7.01769]
			},
			{
				"name": "bone3",
				"parent": "gun",
				"pivot": [1, 18, 7],
				"rotation": [-15, 0, 0],
				"cubes": [
					{"origin": [-2.4, 15, 7], "size": [2.8, 3, 4], "uv": [14, 17]}
				]
			},
			{
				"name": "bone6",
				"parent": "gun",
				"pivot": [1, 13.93582, 9.57115],
				"rotation": [-25, 0, 0],
				"cubes": [
					{"origin": [-2.5, 12.93582, 9.57115], "size": [3, 2, 12], "uv": [33, 0]}
				]
			},
			{
				"name": "rightItem2",
				"parent": "gun",
				"pivot": [-1, 9, -1],
				"rotation": [12.5, 0, 0],
				"cubes": [
					{"origin": [-1.5, 9.9763, -1.78356], "size": [1, 5, 1], "uv": [0, 0]}
				]
			},
			{
				"name": "rightItem3",
				"parent": "gun",
				"pivot": [-1, 17, 5],
				"rotation": [-55, 0, 0]
			},
			{
				"name": "rightItem4",
				"parent": "gun",
				"pivot": [-1, 14, -14],
				"rotation": [62.5, 0, 0]
			},
			{
				"name": "rightItem5",
				"parent": "gun",
				"pivot": [-1, 12.86603, 1.5],
				"rotation": [-30, 0, 0],
				"cubes": [
					{"origin": [-1.5, 10.73205, 1], "size": [1, 3, 1], "uv": [4, 0]}
				]
			},
			{
				"name": "rightItem6",
				"parent": "gun",
				"pivot": [-1, 12, 5]
			}
		]
	}
}