{
	"format_version": "1.10.0",
	"geometry.mp7_empt": {
		"texturewidth": 64,
		"textureheight": 64,
		"visible_bounds_width": 7,
		"visible_bounds_height": 2,
		"visible_bounds_offset": [0, 0, 0],
		"bones": [
			{
				"name": "root",
				"pivot": [0, 0, 0]
			},
			{
				"name": "waist",
				"parent": "root",
				"pivot": [0, 12, 0]
			},
			{
				"name": "body",
				"parent": "waist",
				"pivot": [0, 24, 0]
			},
			{
				"name": "rightArm",
				"parent": "body",
				"pivot": [-5, 22, 0]
			},
			{
				"name": "gun",
				"parent": "rightArm",
				"pivot": [0, 22, -3],
				"rotation": [90, 0, 0],
				"cubes": [
					{"origin": [-2.5, 29, -6], "size": [1, 1, 5], "uv": [0, 14]},
					{"origin": [-3.5, 31, -14], "size": [3, 1, 2], "uv": [23, 24]},
					{"origin": [-2.5, 31, -16], "size": [1, 2, 1], "uv": [8, 0]},
					{"origin": [-2.5, 37, -15], "size": [1, 1, 4], "uv": [22, 15]},
					{"origin": [-2.5, 38, -13], "size": [1, 1, 2], "uv": [12, 6]},
					{"origin": [-3.5, 37, 6], "size": [1, 2, 2], "uv": [8, 28]},
					{"origin": [-1.5, 37, 6], "size": [1, 2, 2], "uv": [23, 27]},
					{"origin": [-2.5, 34, -19], "size": [1, 1, 3], "uv": [8, 24]},
					{"origin": [-3, 24, -14], "size": [2, 8, 2], "uv": [0, 24]},
					{"origin": [-3.5, 31, 1], "size": [3, 6, 9], "uv": [22, 0]},
					{"origin": [-3.5, 31, 10], "size": [3, 5, 1], "uv": [22, 0]},
					{"origin": [-3.5, 32, -16], "size": [3, 5, 17], "uv": [0, 24]},
					{"origin": [-2.5, 33.5, -11], "size": [1, 4, 20], "uv": [0, 0]}
				]
			},
			{
				"name": "bone3",
				"parent": "gun",
				"pivot": [0, 31, 10],
				"rotation": [5, 0, 0],
				"cubes": [
					{"origin": [-3.5, 26, 10], "size": [3, 5, 1], "uv": [12, 0]}
				]
			},
			{
				"name": "bone2",
				"parent": "gun",
				"pivot": [0, 24, 3],
				"rotation": [-2.5, 0, 0]
			},
			{
				"name": "bone5",
				"parent": "gun",
				"pivot": [-1, 33, 2],
				"rotation": [2.5, 0, 0],
				"cubes": [
					{"origin": [-3.4, 25, -2], "size": [2.8, 8, 4], "uv": [0, 0]}
				]
			},
			{
				"name": "bone",
				"parent": "bone5",
				"pivot": [0, 24, 2],
				"rotation": [-7.5, 0, 0]
			},
			{
				"name": "bone4",
				"parent": "gun",
				"pivot": [-1, 26.38796, 3.01769]
			},
			{
				"name": "rightItem2",
				"parent": "gun",
				"pivot": [-2, 28, -5],
				"rotation": [12.5, 0, 0],
				"cubes": [
					{"origin": [-2.5, 29.9763, -5.58356], "size": [1, 4, 1], "uv": [0, 12]}
				]
			},
			{
				"name": "rightItem3",
				"parent": "gun",
				"pivot": [-2, 36, 1],
				"rotation": [-55, 0, 0]
			},
			{
				"name": "rightItem4",
				"parent": "gun",
				"pivot": [-2, 33, -18],
				"rotation": [62.5, 0, 0]
			},
			{
				"name": "rightItem5",
				"parent": "gun",
				"pivot": [-2, 31.86603, -2.5],
				"rotation": [-30, 0, 0],
				"cubes": [
					{"origin": [-2.5, 29.73205, -3], "size": [1, 3, 1], "uv": [0, 0]}
				]
			},
			{
				"name": "rightItem6",
				"parent": "gun",
				"pivot": [-2, 31, 1]
			}
		]
	}
}