{
	"format_version": "1.10.0",
	"geometry.mp7_empt.i": {
		"texturewidth": 64,
		"textureheight": 64,
		"visible_bounds_width": 7,
		"visible_bounds_height": 2,
		"visible_bounds_offset": [0, 0, 0],
		"bones": [
			{
				"name": "root",
				"pivot": [0, 0, 0]
			},
			{
				"name": "waist",
				"parent": "root",
				"pivot": [0, 12, 0]
			},
			{
				"name": "body",
				"parent": "waist",
				"pivot": [0, 24, 0]
			},
			{
				"name": "rightArm",
				"parent": "body",
				"pivot": [-5, 22, 0]
			},
			{
				"name": "gun",
				"parent": "rightArm",
				"pivot": [3, -23, 4],
				"cubes": [
					{"origin": [-1.5, 11, -4], "size": [1, 1, 5], "uv": [0, 14]},
					{"origin": [-2.5, 13, -12], "size": [3, 1, 2], "uv": [23, 24]},
					{"origin": [-1.5, 13, -14], "size": [1, 2, 1], "uv": [8, 0]},
					{"origin": [-1.5, 19, -13], "size": [1, 1, 4], "uv": [22, 15]},
					{"origin": [-1.5, 20, -11], "size": [1, 1, 2], "uv": [12, 6]},
					{"origin": [-2.5, 19, 8], "size": [1, 2, 2], "uv": [8, 28]},
					{"origin": [-0.5, 19, 8], "size": [1, 2, 2], "uv": [23, 27]},
					{"origin": [-1.5, 16, -17], "size": [1, 1, 3], "uv": [8, 24]},
					{"origin": [-2, 6, -12], "size": [2, 8, 2], "uv": [0, 24]},
					{"origin": [-2.5, 13, 3], "size": [3, 6, 9], "uv": [22, 0]},
					{"origin": [-2.5, 13, 12], "size": [3, 5, 1], "uv": [22, 0]},
					{"origin": [-2.5, 14, -14], "size": [3, 5, 17], "uv": [0, 24]},
					{"origin": [-1.5, 15.5, -9], "size": [1, 4, 20], "uv": [0, 0]}
				]
			},
			{
				"name": "bone3",
				"parent": "gun",
				"pivot": [1, 13, 12],
				"rotation": [5, 0, 0],
				"cubes": [
					{"origin": [-2.5, 8, 12], "size": [3, 5, 1], "uv": [12, 0]}
				]
			},
			{
				"name": "bone2",
				"parent": "gun",
				"pivot": [1, 6, 5],
				"rotation": [-2.5, 0, 0]
			},
			{
				"name": "bone5",
				"parent": "gun",
				"pivot": [0, 15, 4],
				"rotation": [2.5, 0, 0],
				"cubes": [
					{"origin": [-2.4, 7, 0], "size": [2.8, 8, 4], "uv": [0, 0]}
				]
			},
			{
				"name": "bone",
				"parent": "bone5",
				"pivot": [1, 6, 4],
				"rotation": [-7.5, 0, 0]
			},
			{
				"name": "bone4",
				"parent": "gun",
				"pivot": [0, 8.38796, 5.01769]
			},
			{
				"name": "rightItem2",
				"parent": "gun",
				"pivot": [-1, 10, -3],
				"rotation": [12.5, 0, 0],
				"cubes": [
					{"origin": [-1.5, 11.9763, -3.58356], "size": [1, 4, 1], "uv": [0, 12]}
				]
			},
			{
				"name": "rightItem3",
				"parent": "gun",
				"pivot": [-1, 18, 3],
				"rotation": [-55, 0, 0]
			},
			{
				"name": "rightItem4",
				"parent": "gun",
				"pivot": [-1, 15, -16],
				"rotation": [62.5, 0, 0]
			},
			{
				"name": "rightItem5",
				"parent": "gun",
				"pivot": [-1, 13.86603, -0.5],
				"rotation": [-30, 0, 0],
				"cubes": [
					{"origin": [-1.5, 11.73205, -1], "size": [1, 3, 1], "uv": [0, 0]}
				]
			},
			{
				"name": "rightItem6",
				"parent": "gun",
				"pivot": [-1, 13, 3]
			}
		]
	}
}