{
	"format_version": "1.10.0",
	"geometry.p350": {
		"texturewidth": 64,
		"textureheight": 64,
		"visible_bounds_width": 7,
		"visible_bounds_height": 2,
		"visible_bounds_offset": [0, 0, 0],
		"bones": [
			{
				"name": "root",
				"pivot": [0, 0, 0]
			},
			{
				"name": "waist",
				"parent": "root",
				"pivot": [0, 12, 0]
			},
			{
				"name": "body",
				"parent": "waist",
				"pivot": [0, 24, 0]
			},
			{
				"name": "rightArm",
				"parent": "body",
				"pivot": [-5, 22, 0]
			},
			{
				"name": "gun",
				"parent": "rightArm",
				"pivot": [0, 22, -3],
				"rotation": [ 90, 0, 0],
				"cubes": [
					{"origin": [-2.5, 29, -6], "size": [1, 1, 4], "uv": [22, 0]},
					{"origin": [-2.5, 32, -14], "size": [1, 1, 7], "uv": [0, 0]},
					{"origin": [-3.5, 32, -7], "size": [3, 1, 9], "uv": [0, 35]},
					{"origin": [-3.5, 29, -2], "size": [3, 3, 4], "uv": [0, 17]},
					{"origin": [-2.5, 34, 0], "size": [1, 2, 2], "uv": [9, 0]},
					{"origin": [-1.5, 34, -14], "size": [1, 2, 16], "uv": [18, 19]},
					{"origin": [-3.5, 34, -14], "size": [1, 2, 16], "uv": [0, 17]},
					{"origin": [-2.5, 35, -14], "size": [1, 1, 14], "uv": [22, 0]},
					{"origin": [-2.5, 36, -14], "size": [1, 1, 1], "uv": [9, 4]},
					{"origin": [-3.5, 36, 1], "size": [1, 1, 1], "uv": [3, 5]},
					{"origin": [-1.5, 36, 1], "size": [1, 1, 1], "uv": [0, 4]},
					{"origin": [-3.5, 33, -14], "size": [3, 1, 16], "uv": [0, 0]}
				]
			},
			{
				"name": "bone2",
				"parent": "gun",
				"pivot": [0, 24, 3],
				"rotation": [-2.5, 0, 0]
			},
			{
				"name": "bone",
				"parent": "gun",
				"pivot": [-1, 29, -2],
				"rotation": [10, 0, 0],
				"cubes": [
					{"origin": [-3.5, 25, -2], "size": [3, 4, 4], "uv": [0, 8]}
				]
			},
			{
				"name": "bone7",
				"parent": "bone",
				"pivot": [-2, 25, 2],
				"rotation": [-10, 0, 0],
				"cubes": [
					{"origin": [-3.5, 24, -2], "size": [3, 1, 4], "uv": [18, 18]}
				]
			},
			{
				"name": "bone4",
				"parent": "gun",
				"pivot": [-1, 26.38796, 3.01769]
			},
			{
				"name": "bone5",
				"parent": "bone4",
				"pivot": [-1, 26.38796, 3.01769]
			},
			{
				"name": "bone3",
				"parent": "gun",
				"pivot": [0, 33, 3],
				"rotation": [-50, 0, 0],
				"cubes": [
					{"origin": [-3.4, 30, 2], "size": [2.8, 3, 1], "uv": [10, 8]}
				]
			},
			{
				"name": "bone6",
				"parent": "bone3",
				"pivot": [-1, 33, 2],
				"rotation": [60, 0, 0],
				"cubes": [
					{"origin": [-3.4, 32, 1], "size": [2.8, 3, 1], "uv": [0, 0]}
				]
			},
			{
				"name": "rightItem2",
				"parent": "gun",
				"pivot": [-2, 30, -5],
				"rotation": [2.5, 0, 0],
				"cubes": [
					{"origin": [-2.5, 30.0237, -6], "size": [1, 4, 1], "uv": [18, 17]}
				]
			},
			{
				"name": "rightItem5",
				"parent": "gun",
				"pivot": [-2, 31.86603, -2.5],
				"rotation": [-22.5, 0, 0],
				"cubes": [
					{"origin": [-2.5, 29.73205, -3], "size": [1, 3, 1], "uv": [0, 8]}
				]
			}
		]
	}
}