{
	"format_version": "1.10.0",
	"geometry.p90": {
		"texturewidth": 64,
		"textureheight": 64,
		"visible_bounds_width": 7,
		"visible_bounds_height": 2,
		"visible_bounds_offset": [0, 0, 0],
		"bones": [
			{
				"name": "root",
				"pivot": [0, 0, 0]
			},
			{
				"name": "waist",
				"parent": "root",
				"pivot": [0, 12, 0]
			},
			{
				"name": "body",
				"parent": "waist",
				"pivot": [0, 24, 0]
			},
			{
				"name": "rightArm",
				"parent": "body",
				"pivot": [-5, 22, 0]
			},
			{
				"name": "gun",
				"parent": "rightArm",
				"pivot": [0, 22, -3],
				"rotation": [90, 0, 0],
				"cubes": [
					{"origin": [-2.5, 29, -5], "size": [1, 1, 4], "uv": [10, 0]},
					{"origin": [-3.5, 28, -7], "size": [3, 2, 2], "uv": [33, 32]},
					{"origin": [-2.5, 33, -15], "size": [1, 1, 13], "uv": [18, 25]},
					{"origin": [-2.5, 39, -13], "size": [1, 2, 1], "uv": [10, 11]},
					{"origin": [-2.5, 39, 0], "size": [1, 2, 1], "uv": [7, 0]},
					{"origin": [-3.5, 32, -13], "size": [3, 4, 21], "uv": [0, 0]},
					{"origin": [-3, 34, -12.9], "size": [2, 4, 2], "uv": [27, 0]},
					{"origin": [-3, 38, -13], "size": [2, 1, 14], "uv": [0, 25]},
					{"origin": [-2.5, 37, -11], "size": [1, 1, 11], "uv": [33, 25]},
					{"origin": [-3.5, 29, 8], "size": [3, 7, 9], "uv": [27, 0]}
				]
			},
			{
				"name": "bone2",
				"parent": "gun",
				"pivot": [0, 28, -7],
				"rotation": [-32.5, 0, 0],
				"cubes": [
					{"origin": [-3.5, 28, -9], "size": [3, 2, 2], "uv": [0, 16]}
				]
			},
			{
				"name": "bone4",
				"parent": "gun",
				"pivot": [0, 30.76138, -7.61218],
				"rotation": [-72.5, 0, 0],
				"cubes": [
					{"origin": [-3.4, 30.76138, -9.61218], "size": [2.8, 3, 2], "uv": [30, 39]}
				]
			},
			{
				"name": "bone3",
				"parent": "gun",
				"pivot": [0, 29.0746, -8.68678],
				"rotation": [-90, 0, 0],
				"cubes": [
					{"origin": [-3.5, 29.0746, -11.68678], "size": [3, 2, 3], "uv": [27, 16]},
					{"origin": [-3.5, 26.0746, -12.68678], "size": [3, 3, 3], "uv": [0, 25]},
					{"origin": [-3.5, 25.0746, -12.68678], "size": [3, 1, 4], "uv": [0, 11]}
				]
			},
			{
				"name": "bone",
				"parent": "gun",
				"pivot": [-1, 32, -2],
				"rotation": [20, 0, 0],
				"cubes": [
					{"origin": [-3.4, 28, -2], "size": [2.8, 4, 3], "uv": [33, 25]}
				]
			},
			{
				"name": "bone8",
				"parent": "gun",
				"pivot": [-1, 30.20698, 1.84514],
				"rotation": [167.5, 0, 0],
				"cubes": [
					{"origin": [-3.4, 26.20698, 1.84514], "size": [2.8, 4, 3], "uv": [18, 25]}
				]
			},
			{
				"name": "bone5",
				"parent": "gun",
				"pivot": [-1, 28.24123, -0.63192],
				"rotation": [62.5, 0, 0],
				"cubes": [
					{"origin": [-3.4, 24.24123, -0.63192], "size": [2.8, 4, 3], "uv": [0, 31]}
				]
			},
			{
				"name": "bone6",
				"parent": "gun",
				"pivot": [-1, 26.39424, 2.91612],
				"rotation": [102.5, 0, 0],
				"cubes": [
					{"origin": [-3.4, 21.39424, 2.91612], "size": [2.8, 5, 3], "uv": [11, 13]}
				]
			},
			{
				"name": "bone7",
				"parent": "gun",
				"pivot": [-1, 27.47643, 7.7976],
				"rotation": [155, 0, 0],
				"cubes": [
					{"origin": [-3.4, 20.47643, 7.7976], "size": [2.8, 7, 3], "uv": [0, 0]}
				]
			},
			{
				"name": "bone9",
				"parent": "gun",
				"pivot": [-1, 31.46321, 6.34654],
				"rotation": [155, 0, 0],
				"cubes": [
					{"origin": [-3.4, 28.46321, 6.34654], "size": [2.8, 3, 3], "uv": [18, 32]}
				]
			},
			{
				"name": "bone10",
				"parent": "gun",
				"pivot": [-1, 34.11201, 2.37715],
				"rotation": [12.5, 0, 0],
				"cubes": [
					{"origin": [-3.8, 34.11201, 0.37715], "size": [0.8, 5, 2], "uv": [6, 45]},
					{"origin": [-1, 34.11201, 0.37715], "size": [0.8, 5, 2], "uv": [6, 45]}
				]
			},
			{
				"name": "rightItem5",
				"parent": "gun",
				"pivot": [-2, 31.86603, -2.5],
				"rotation": [-10, 0, 0],
				"cubes": [
					{"origin": [-2.5, 29.73205, -3], "size": [1, 3, 2], "uv": [38, 39]}
				]
			}
		]
	}
}