{
	"format_version": "1.10.0",
	"geometry.p90.i": {
		"texturewidth": 64,
		"textureheight": 64,
		"visible_bounds_width": 7,
		"visible_bounds_height": 2,
		"visible_bounds_offset": [0, 0, 0],
		"bones": [
			{
				"name": "root",
				"pivot": [0, 0, 0]
			},
			{
				"name": "waist",
				"parent": "root",
				"pivot": [0, 12, 0]
			},
			{
				"name": "body",
				"parent": "waist",
				"pivot": [0, 24, 0]
			},
			{
				"name": "rightArm",
				"parent": "body",
				"pivot": [-5, 22, 0]
			},
			{
				"name": "gun",
				"parent": "rightArm",
				"pivot": [3, -31, 2],
				"cubes": [
					{"origin": [-1.5, 3, -5], "size": [1, 1, 4], "uv": [10, 0]},
					{"origin": [-2.5, 2, -7], "size": [3, 2, 2], "uv": [33, 32]},
					{"origin": [-1.5, 7, -15], "size": [1, 1, 13], "uv": [18, 25]},
					{"origin": [-1.5, 13, -13], "size": [1, 2, 1], "uv": [10, 11]},
					{"origin": [-1.5, 13, 0], "size": [1, 2, 1], "uv": [7, 0]},
					{"origin": [-2.5, 6, -13], "size": [3, 4, 21], "uv": [0, 0]},
					{"origin": [-2, 8, -12.9], "size": [2, 4, 2], "uv": [27, 0]},
					{"origin": [-2, 12, -13], "size": [2, 1, 14], "uv": [0, 25]},
					{"origin": [-1.5, 11, -11], "size": [1, 1, 11], "uv": [33, 25]},
					{"origin": [-2.5, 3, 8], "size": [3, 7, 9], "uv": [27, 0]}
				]
			},
			{
				"name": "bone2",
				"parent": "gun",
				"pivot": [1, 2, -7],
				"rotation": [-32.5, 0, 0],
				"cubes": [
					{"origin": [-2.5, 2, -9], "size": [3, 2, 2], "uv": [0, 16]}
				]
			},
			{
				"name": "bone4",
				"parent": "gun",
				"pivot": [1, 4.76138, -7.61218],
				"rotation": [-72.5, 0, 0],
				"cubes": [
					{"origin": [-2.4, 4.76138, -9.61218], "size": [2.8, 3, 2], "uv": [30, 39]}
				]
			},
			{
				"name": "bone3",
				"parent": "gun",
				"pivot": [1, 3.0746, -8.68678],
				"rotation": [-90, 0, 0],
				"cubes": [
					{"origin": [-2.5, 3.0746, -11.68678], "size": [3, 2, 3], "uv": [27, 16]},
					{"origin": [-2.5, 0.0746, -12.68678], "size": [3, 3, 3], "uv": [0, 25]},
					{"origin": [-2.5, -0.9254, -12.68678], "size": [3, 1, 4], "uv": [0, 11]}
				]
			},
			{
				"name": "bone",
				"parent": "gun",
				"pivot": [0, 6, -2],
				"rotation": [20, 0, 0],
				"cubes": [
					{"origin": [-2.4, 2, -2], "size": [2.8, 4, 3], "uv": [33, 25]}
				]
			},
			{
				"name": "bone8",
				"parent": "gun",
				"pivot": [0, 4.20698, 1.84514],
				"rotation": [167.5, 0, 0],
				"cubes": [
					{"origin": [-2.4, 0.20698, 1.84514], "size": [2.8, 4, 3], "uv": [18, 25]}
				]
			},
			{
				"name": "bone5",
				"parent": "gun",
				"pivot": [0, 2.24123, -0.63192],
				"rotation": [62.5, 0, 0],
				"cubes": [
					{"origin": [-2.4, -1.75877, -0.63192], "size": [2.8, 4, 3], "uv": [0, 31]}
				]
			},
			{
				"name": "bone6",
				"parent": "gun",
				"pivot": [0, 0.39424, 2.91612],
				"rotation": [102.5, 0, 0],
				"cubes": [
					{"origin": [-2.4, -4.60576, 2.91612], "size": [2.8, 5, 3], "uv": [11, 13]}
				]
			},
			{
				"name": "bone7",
				"parent": "gun",
				"pivot": [0, 1.47643, 7.7976],
				"rotation": [155, 0, 0],
				"cubes": [
					{"origin": [-2.4, -5.52357, 7.7976], "size": [2.8, 7, 3], "uv": [0, 0]}
				]
			},
			{
				"name": "bone9",
				"parent": "gun",
				"pivot": [0, 5.46321, 6.34654],
				"rotation": [155, 0, 0],
				"cubes": [
					{"origin": [-2.4, 2.46321, 6.34654], "size": [2.8, 3, 3], "uv": [18, 32]}
				]
			},
			{
				"name": "bone10",
				"parent": "gun",
				"pivot": [0, 8.11201, 2.37715],
				"rotation": [12.5, 0, 0],
				"cubes": [
					{"origin": [-2.8, 8.11201, 0.37715], "size": [0.8, 5, 2], "uv": [6, 45]},
					{"origin": [0, 8.11201, 0.37715], "size": [0.8, 5, 2], "uv": [6, 45]}
				]
			},
			{
				"name": "rightItem5",
				"parent": "gun",
				"pivot": [-1, 5.86603, -2.5],
				"rotation": [-10, 0, 0],
				"cubes": [
					{"origin": [-1.5, 3.73205, -3], "size": [1, 3, 2], "uv": [38, 39]}
				]
			}
		]
	}
}