{
	"format_version": "1.10.0",
	"geometry.sm1014": {
		"texturewidth": 128,
		"textureheight": 128,
		"visible_bounds_width": 7,
		"visible_bounds_height": 3,
		"visible_bounds_offset": [0, 0, 0],
		"bones": [
			{
				"name": "root",
				"pivot": [0, 0, 0]
			},
			{
				"name": "waist",
				"parent": "root",
				"pivot": [0, 12, 0]
			},
			{
				"name": "body",
				"parent": "waist",
				"pivot": [0, 24, 0]
			},
			{
				"name": "rightArm",
				"parent": "body",
				"pivot": [-5, 22, 0]
			},
			{
				"name": "gun",
				"parent": "rightArm",
				"pivot": [0, 22, -3],
				"rotation": [ 90, 0, 0],
				"cubes": [
					{"origin": [-2.5, 30, -5], "size": [1, 1, 3], "uv": [12, 4]},
					{"origin": [-2.5, 31, -6], "size": [1, 2, 1], "uv": [13, 16]},
					{"origin": [-2.5, 33.5, -36.5], "size": [1, 1, 13], "uv": [25, 40]},
					{"origin": [-2.5, 35.5, -36.5], "size": [1, 1, 25], "uv": [0, 0]},
					{"origin": [-2.5, 36.5, -34.5], "size": [1, 1, 1], "uv": [6, 3]},
					{"origin": [-2.5, 34.5, -35.5], "size": [1, 1, 1], "uv": [0, 8]},
					{"origin": [-3.5, 33, -23.5], "size": [3, 3, 12], "uv": [27, 0]},
					{"origin": [-1.5, 34, -11.5], "size": [1, 1, 9], "uv": [0, 44]},
					{"origin": [-3.5, 34, -11.5], "size": [1, 1, 9], "uv": [27, 15]},
					{"origin": [-3.5, 34, -11.5], "size": [3, 3, 10], "uv": [40, 40]},
					{"origin": [-3.5, 37, -3.5], "size": [3, 1, 2], "uv": [0, 0]},
					{"origin": [-2.5, 35.5, -11.5], "size": [1, 2, 10], "uv": [0, 0]},
					{"origin": [-3.5, 38, -3.5], "size": [1, 1, 2], "uv": [13, 13]},
					{"origin": [-1.5, 38, -3.5], "size": [1, 1, 2], "uv": [0, 12]},
					{"origin": [-3.5, 33, -11.5], "size": [3, 1, 10], "uv": [41, 26]},
					{"origin": [-3.5, 31, -1.5], "size": [3, 3, 4], "uv": [11, 44]}
				]
			},
			{
				"name": "bone2",
				"parent": "gun",
				"pivot": [0, 24, 3],
				"rotation": [-2.5, 0, 0]
			},
			{
				"name": "bone9",
				"parent": "gun",
				"pivot": [-2, 32, -14],
				"rotation": [-45, 0, 0]
			},
			{
				"name": "bone",
				"parent": "gun",
				"pivot": [-1, 29, -2],
				"rotation": [7.5, 0, 0],
				"cubes": [
					{"origin": [-3.5, 24, -2], "size": [3, 7, 4], "uv": [0, 26]}
				]
			},
			{
				"name": "bone7",
				"parent": "bone",
				"pivot": [-2, 25, 2],
				"rotation": [-10, 0, 0]
			},
			{
				"name": "bone6",
				"parent": "gun",
				"pivot": [-1, 29, -2],
				"rotation": [2.5, 0, 0]
			},
			{
				"name": "bone8",
				"parent": "bone6",
				"pivot": [-2, 25, 2],
				"rotation": [-10, 0, 0]
			},
			{
				"name": "bone4",
				"parent": "gun",
				"pivot": [-1, 26.38796, 3.01769]
			},
			{
				"name": "bone5",
				"parent": "bone4",
				"pivot": [-1, 26.38796, 3.01769]
			},
			{
				"name": "bone14",
				"parent": "gun",
				"pivot": [0, 33, -35.5],
				"rotation": [45, 0, 0]
			},
			{
				"name": "bone3",
				"parent": "gun",
				"pivot": [0, 32.11299, 3.46175],
				"rotation": [-47.5, 0, 0],
				"cubes": [
					{"origin": [-3.4, 29.11299, 1.46175], "size": [2.8, 3, 2], "uv": [0, 3]}
				]
			},
			{
				"name": "bone10",
				"parent": "gun",
				"pivot": [-2, 37, -1.5],
				"rotation": [-32.5, 0, 0],
				"cubes": [
					{"origin": [-3.5, 34.06031, -1.5], "size": [3, 3, 6], "uv": [38, 15]}
				]
			},
			{
				"name": "bone11",
				"parent": "gun",
				"pivot": [-2, 33.94788, 4.13816],
				"rotation": [-5, 0, 0],
				"cubes": [
					{"origin": [-3.5, 32.94788, 6.13816], "size": [3, 1, 13], "uv": [22, 26]}
				]
			},
			{
				"name": "bone12",
				"parent": "gun",
				"pivot": [-2, 32.13526, 3.29292],
				"rotation": [-25, 0, 0],
				"cubes": [
					{"origin": [-3.5, 31.13526, 2.29292], "size": [3, 2, 16], "uv": [0, 26]}
				]
			},
			{
				"name": "bone13",
				"parent": "gun",
				"pivot": [-2, 24.37337, 15.79384],
				"rotation": [-2.5, 0, 0],
				"cubes": [
					{"origin": [-3.5, 24, 16.18384], "size": [3, 9, 3], "uv": [22, 26]},
					{"origin": [-3.5, 29.12492, 9.18384], "size": [3, 3, 7], "uv": [0, 12]},
					{"origin": [-3.5, 29.12492, 8.18384], "size": [3, 3, 1], "uv": [12, 0]}
				]
			},
			{
				"name": "rightItem5",
				"parent": "gun",
				"pivot": [-2, 31.86603, -2.5],
				"rotation": [-22.5, 0, 0],
				"cubes": [
					{"origin": [-2.5, 30.73205, -3], "size": [1, 3, 1], "uv": [0, 15]}
				]
			}
		]
	}
}