{
	"format_version": "1.10.0",
	"geometry.tec9_empt.i": {
		"texturewidth": 64,
		"textureheight": 64,
		"visible_bounds_width": 7,
		"visible_bounds_height": 2,
		"visible_bounds_offset": [0, 0, 0],
		"bones": [
			{
				"name": "root",
				"pivot": [0, 0, 0]
			},
			{
				"name": "waist",
				"parent": "root",
				"pivot": [0, 12, 0]
			},
			{
				"name": "body",
				"parent": "waist",
				"pivot": [0, 24, 0]
			},
			{
				"name": "rightArm",
				"parent": "body",
				"pivot": [-5, 22, 0]
			},
			{
				"name": "gun",
				"parent": "rightArm",
				"pivot": [3, -22, 5],
				"cubes": [
					{"origin": [-1.5, 12, -3], "size": [1, 1, 4], "uv": [20, 0]},
					{"origin": [-2.5, 11, -6], "size": [3, 5, 3], "uv": [30, 33]},
					{"origin": [0.5, 17, -4], "size": [2, 1, 1], "uv": [0, 11]},
					{"origin": [-1.5, 15, -8], "size": [1, 1, 2], "uv": [6, 11]},
					{"origin": [-2.5, 15, -3], "size": [3, 1, 8], "uv": [0, 31]},
					{"origin": [-1.5, 17, 3], "size": [1, 2, 3], "uv": [20, 5]},
					{"origin": [-0.5, 17, -8], "size": [1, 2, 14], "uv": [16, 17]},
					{"origin": [-1.5, 17, -15], "size": [1, 1, 7], "uv": [32, 21]},
					{"origin": [-2.5, 17, -8], "size": [1, 2, 14], "uv": [0, 15]},
					{"origin": [-1.5, 18, -8], "size": [1, 1, 11], "uv": [20, 0]},
					{"origin": [-2.5, 16, -8], "size": [3, 1, 14], "uv": [0, 0]}
				]
			},
			{
				"name": "bone2",
				"parent": "gun",
				"pivot": [1, 7, 6],
				"rotation": [-2.5, 0, 0]
			},
			{
				"name": "bone",
				"parent": "gun",
				"pivot": [0, 12, 1],
				"rotation": [10, 0, 0],
				"cubes": [
					{"origin": [-2.5, 6, 1], "size": [3, 7, 4], "uv": [0, 0]},
					{"origin": [-2.5, 5, 0], "size": [3, 1, 5], "uv": [14, 33]}
				]
			},
			{
				"name": "bone7",
				"parent": "bone",
				"pivot": [-1, 8, 5],
				"rotation": [-10, 0, 0]
			},
			{
				"name": "bone6",
				"parent": "gun",
				"pivot": [0, 12, 1],
				"rotation": [2.5, 0, 0],
				"cubes": [
					{"origin": [-2.5, 12, 1], "size": [3, 3, 4], "uv": [16, 16]}
				]
			},
			{
				"name": "bone8",
				"parent": "bone6",
				"pivot": [-1, 8, 5],
				"rotation": [-10, 0, 0]
			},
			{
				"name": "bone4",
				"parent": "gun",
				"pivot": [0, 9.38796, 6.01769]
			},
			{
				"name": "bone5",
				"parent": "bone4",
				"pivot": [0, 9.38796, 6.01769]
			},
			{
				"name": "bone3",
				"parent": "gun",
				"pivot": [1, 16, 6],
				"rotation": [-50, 0, 0],
				"cubes": [
					{"origin": [-2.4, 13, 5], "size": [2.8, 3, 1], "uv": [8, 15]}
				]
			},
			{
				"name": "bone9",
				"parent": "gun",
				"pivot": [-1, 17.5, -8],
				"rotation": [0, 0, -45],
				"cubes": [
					{"origin": [-2.5, 16, -14], "size": [3, 3, 6], "uv": [32, 12]}
				]
			},
			{
				"name": "rightItem2",
				"parent": "gun",
				"pivot": [-1, 13, -2],
				"rotation": [2.5, 0, 0]
			},
			{
				"name": "rightItem5",
				"parent": "gun",
				"pivot": [-1, 14.86603, 0.5],
				"rotation": [-22.5, 0, 0],
				"cubes": [
					{"origin": [-1.5, 12.73205, -1], "size": [1, 2, 1], "uv": [0, 0]}
				]
			}
		]
	}
}