{
	"format_version": "1.10.0",
	"geometry.ump45.i": {
		"texturewidth": 64,
		"textureheight": 64,
		"visible_bounds_width": 7,
		"visible_bounds_height": 3,
		"visible_bounds_offset": [0, 0, 0],
		"bones": [
			{
				"name": "root",
				"pivot": [0, 0, 0]
			},
			{
				"name": "waist",
				"parent": "root",
				"pivot": [0, 12, 0]
			},
			{
				"name": "body",
				"parent": "waist",
				"pivot": [0, 24, 0]
			},
			{
				"name": "rightArm",
				"parent": "body",
				"pivot": [-5, 22, 0]
			},
			{
				"name": "gun",
				"parent": "rightArm",
				"pivot": [3, -21, 6],
				"cubes": [
					{"origin": [-1.5, 13, -2], "size": [1, 1, 5], "uv": [31, 16]},
					{"origin": [-1.5, 16, -19], "size": [1, 1, 25], "uv": [0, 29]},
					{"origin": [-2.5, 16, -15], "size": [3, 1, 2], "uv": [15, 15]},
					{"origin": [-1.5, 15, -20], "size": [1, 2, 1], "uv": [5, 15]},
					{"origin": [-1.5, 21, -20], "size": [1, 2, 3], "uv": [0, 15]},
					{"origin": [-2.5, 21, 3], "size": [1, 2, 2], "uv": [0, 20]},
					{"origin": [-0.5, 21, 3], "size": [1, 2, 2], "uv": [19, 19]},
					{"origin": [-1.5, 18, -22], "size": [1, 1, 11], "uv": [0, 29]},
					{"origin": [-2, 8, -15], "size": [2, 8, 2], "uv": [0, 0]},
					{"origin": [-2.5, 16, -3], "size": [3, 1, 9], "uv": [0, 15]},
					{"origin": [-2.5, 17, -20], "size": [3, 4, 25], "uv": [0, 0]},
					{"origin": [-1.5, 17.5, -6], "size": [1, 4, 11], "uv": [0, 0]},
					{"origin": [-1.5, 19, 5], "size": [1, 1, 17], "uv": [27, 29]},
					{"origin": [-1.5, 11, 20], "size": [1, 8, 2], "uv": [0, 29]},
					{"origin": [-1.5, 14, 13], "size": [1, 5, 1], "uv": [15, 18]}
				]
			},
			{
				"name": "bone2",
				"parent": "gun",
				"pivot": [1, 8, 7],
				"rotation": [-2.5, 0, 0]
			},
			{
				"name": "bone",
				"parent": "gun",
				"pivot": [0, 13, 2],
				"rotation": [17.5, 0, 0],
				"cubes": [
					{"origin": [-2.4, 8, 3], "size": [2.8, 8, 3], "uv": [13, 0]}
				]
			},
			{
				"name": "bone5",
				"parent": "gun",
				"pivot": [0, 17, -2],
				"rotation": [-10, 0, 0],
				"cubes": [
					{"origin": [-2.5, 12, -6], "size": [3, 5, 4], "uv": [31, 0]},
					{"origin": [-2.4, 0, -5.9], "size": [2.8, 12, 3.8], "uv": [27, 29]}
				]
			},
			{
				"name": "bone4",
				"parent": "gun",
				"pivot": [0, 10.38796, 7.01769]
			},
			{
				"name": "bone3",
				"parent": "gun",
				"pivot": [1, 17, 7],
				"rotation": [-50, 0, 0],
				"cubes": [
					{"origin": [-2.3, 14, 3], "size": [2.6, 3, 4], "uv": [31, 9]},
					{"origin": [-2.4, 15, 2], "size": [2.8, 3, 4], "uv": [13, 29]}
				]
			},
			{
				"name": "bone6",
				"parent": "gun",
				"pivot": [1, 16.93582, 5.57115],
				"rotation": [-17.5, 0, 0],
				"cubes": [
					{"origin": [-1.6, 15.93582, 5.57115], "size": [1, 1, 16], "uv": [28, 30]}
				]
			},
			{
				"name": "rightItem2",
				"parent": "gun",
				"pivot": [-1, 12, -1],
				"rotation": [12.5, 0, 0],
				"cubes": [
					{"origin": [-1.5, 12.9763, -1.78356], "size": [1, 5, 1], "uv": [6, 29]}
				]
			},
			{
				"name": "rightItem3",
				"parent": "gun",
				"pivot": [-1, 20, 5],
				"rotation": [-55, 0, 0]
			},
			{
				"name": "rightItem4",
				"parent": "gun",
				"pivot": [-1, 17, -14],
				"rotation": [62.5, 0, 0]
			},
			{
				"name": "rightItem5",
				"parent": "gun",
				"pivot": [-1, 15.86603, 1.5],
				"rotation": [-30, 0, 0],
				"cubes": [
					{"origin": [-1.5, 13.73205, 1], "size": [1, 3, 1], "uv": [13, 29]}
				]
			},
			{
				"name": "rightItem6",
				"parent": "gun",
				"pivot": [-1, 15, 5]
			}
		]
	}
}