{
	"format_version": "1.10.0",
	"geometry.usp": {
		"texturewidth": 64,
		"textureheight": 64,
		"visible_bounds_width": 7,
		"visible_bounds_height": 2,
		"visible_bounds_offset": [0, 0, 0],
		"bones": [
			{
				"name": "root",
				"pivot": [0, 0, 0]
			},
			{
				"name": "waist",
				"parent": "root",
				"pivot": [0, 12, 0]
			},
			{
				"name": "body",
				"parent": "waist",
				"pivot": [0, 24, 0]
			},
			{
				"name": "rightArm",
				"parent": "body",
				"pivot": [-5, 22, 0]
			},
			{
				"name": "gun",
				"parent": "rightArm",
				"pivot": [0, 22, -3],
				"rotation": [ 90, 0, 0],
				"cubes": [
					{"origin": [-2.5, 29, -6], "size": [1, 1, 4], "uv": [21, 9]},
					{"origin": [-2.5, 29, -7], "size": [1, 3, 1], "uv": [0, 0]},
					{"origin": [-3.5, 32.5, -25.5], "size": [3, 4, 14], "uv": [0, 17]},
					{"origin": [-1.5, 34, -11.5], "size": [1, 1, 8], "uv": [26, 29]},
					{"origin": [-3.5, 34, -11.5], "size": [1, 1, 8], "uv": [28, 9]},
					{"origin": [-3.5, 35, -11.5], "size": [3, 1, 8], "uv": [20, 20]},
					{"origin": [-3.5, 32, -11.5], "size": [3, 2, 15], "uv": [0, 0]},
					{"origin": [-3.5, 34, -3.5], "size": [3, 2, 7], "uv": [21, 0]}
				]
			},
			{
				"name": "bone2",
				"parent": "gun",
				"pivot": [0, 24, 3],
				"rotation": [-2.5, 0, 0]
			},
			{
				"name": "bone9",
				"parent": "gun",
				"pivot": [-2, 32, -14],
				"rotation": [-45, 0, 0]
			},
			{
				"name": "bone",
				"parent": "gun",
				"pivot": [-1, 29, -2],
				"rotation": [7.5, 0, 0],
				"cubes": [
					{"origin": [-3.5, 24, -2], "size": [3, 6, 4], "uv": [0, 0]}
				]
			},
			{
				"name": "bone10",
				"parent": "bone",
				"pivot": [0, 24, -2],
				"rotation": [10, 0, 0],
				"cubes": [
					{"origin": [-3.5, 23, -2], "size": [3, 1, 4], "uv": [0, 10]}
				]
			},
			{
				"name": "bone7",
				"parent": "bone",
				"pivot": [-2, 25, 2],
				"rotation": [-10, 0, 0]
			},
			{
				"name": "bone6",
				"parent": "gun",
				"pivot": [-1, 29, -2],
				"rotation": [2.5, 0, 0],
				"cubes": [
					{"origin": [-3.5, 29, -2], "size": [3, 3, 4], "uv": [0, 17]}
				]
			},
			{
				"name": "bone8",
				"parent": "bone6",
				"pivot": [-2, 25, 2],
				"rotation": [-10, 0, 0]
			},
			{
				"name": "bone4",
				"parent": "gun",
				"pivot": [-1, 26.38796, 3.01769]
			},
			{
				"name": "bone5",
				"parent": "bone4",
				"pivot": [-1, 26.38796, 3.01769]
			},
			{
				"name": "bone3",
				"parent": "gun",
				"pivot": [0, 32.11299, 3.46175],
				"rotation": [-47.5, 0, 0],
				"cubes": [
					{"origin": [-3.4, 29.11299, 1.46175], "size": [2.8, 3, 2], "uv": [20, 20]}
				]
			},
			{
				"name": "rightItem2",
				"parent": "gun",
				"pivot": [-2, 30, -5],
				"rotation": [2.5, 0, 0]
			},
			{
				"name": "rightItem5",
				"parent": "gun",
				"pivot": [-2, 31.86603, -2.5],
				"rotation": [-22.5, 0, 0],
				"cubes": [
					{"origin": [-2.5, 29.73205, -3], "size": [1, 3, 1], "uv": [0, 10]}
				]
			}
		]
	}
}