{
	"format_version": "1.10.0",
	"geometry.usp.i": {
		"texturewidth": 64,
		"textureheight": 64,
		"visible_bounds_width": 7,
		"visible_bounds_height": 2,
		"visible_bounds_offset": [0, 0, 0],
		"bones": [
			{
				"name": "root",
				"pivot": [0, 0, 0]
			},
			{
				"name": "waist",
				"parent": "root",
				"pivot": [0, 12, 0]
			},
			{
				"name": "body",
				"parent": "waist",
				"pivot": [0, 24, 0]
			},
			{
				"name": "rightArm",
				"parent": "body",
				"pivot": [-5, 22, 0]
			},
			{
				"name": "gun",
				"parent": "rightArm",
				"pivot": [3, -28, 7],
				"cubes": [
					{"origin": [-1.5, 6, -1], "size": [1, 1, 4], "uv": [21, 9]},
					{"origin": [-1.5, 6, -2], "size": [1, 3, 1], "uv": [0, 0]},
					{"origin": [-2.5, 9.5, -20.5], "size": [3, 4, 14], "uv": [0, 17]},
					{"origin": [-0.5, 11, -6.5], "size": [1, 1, 8], "uv": [26, 29]},
					{"origin": [-2.5, 11, -6.5], "size": [1, 1, 8], "uv": [28, 9]},
					{"origin": [-2.5, 12, -6.5], "size": [3, 1, 8], "uv": [20, 20]},
					{"origin": [-2.5, 9, -6.5], "size": [3, 2, 15], "uv": [0, 0]},
					{"origin": [-2.5, 11, 1.5], "size": [3, 2, 7], "uv": [21, 0]}
				]
			},
			{
				"name": "bone2",
				"parent": "gun",
				"pivot": [1, 1, 8],
				"rotation": [-2.5, 0, 0]
			},
			{
				"name": "bone9",
				"parent": "gun",
				"pivot": [-1, 9, -9],
				"rotation": [-45, 0, 0]
			},
			{
				"name": "bone",
				"parent": "gun",
				"pivot": [0, 6, 3],
				"rotation": [7.5, 0, 0],
				"cubes": [
					{"origin": [-2.5, 1, 3], "size": [3, 6, 4], "uv": [0, 0]}
				]
			},
			{
				"name": "bone10",
				"parent": "bone",
				"pivot": [1, 1, 3],
				"rotation": [10, 0, 0],
				"cubes": [
					{"origin": [-2.5, 0, 3], "size": [3, 1, 4], "uv": [0, 10]}
				]
			},
			{
				"name": "bone7",
				"parent": "bone",
				"pivot": [-1, 2, 7],
				"rotation": [-10, 0, 0]
			},
			{
				"name": "bone6",
				"parent": "gun",
				"pivot": [0, 6, 3],
				"rotation": [2.5, 0, 0],
				"cubes": [
					{"origin": [-2.5, 6, 3], "size": [3, 3, 4], "uv": [0, 17]}
				]
			},
			{
				"name": "bone8",
				"parent": "bone6",
				"pivot": [-1, 2, 7],
				"rotation": [-10, 0, 0]
			},
			{
				"name": "bone4",
				"parent": "gun",
				"pivot": [0, 3.38796, 8.01769]
			},
			{
				"name": "bone5",
				"parent": "bone4",
				"pivot": [0, 3.38796, 8.01769]
			},
			{
				"name": "bone3",
				"parent": "gun",
				"pivot": [1, 9.11299, 8.46175],
				"rotation": [-47.5, 0, 0],
				"cubes": [
					{"origin": [-2.4, 6.11299, 6.46175], "size": [2.8, 3, 2], "uv": [20, 20]}
				]
			},
			{
				"name": "rightItem2",
				"parent": "gun",
				"pivot": [-1, 7, 0],
				"rotation": [2.5, 0, 0]
			},
			{
				"name": "rightItem5",
				"parent": "gun",
				"pivot": [-1, 8.86603, 2.5],
				"rotation": [-22.5, 0, 0],
				"cubes": [
					{"origin": [-1.5, 6.73205, 2], "size": [1, 3, 1], "uv": [0, 10]}
				]
			}
		]
	}
}