{
	"format_version": "1.8.0",
	"animations": {
		"animation.third_person.ak74u": {
			"loop": true,
			"bones": {
				"leftArm": {
					"rotation": [-90, 15, 0],
					"position": [-1, 0, -2]
				},
				"rightArm": {
					"rotation": [-75, -30, 0],
					"position": [0, 0, 1.5]
				},
				"body": {
					"rotation": [0, 30, 0]
				},
				"head": {
					"rotation": [0, -30, 0]
				}
			}
		},
		"animation.third_person.ak74u_aim": {
			"loop": true,
			"bones": {
				"leftArm": {
					"rotation": [-90, 15, 0],
					"position": [-1, 0, -2]
				},
				"rightArm": {
					"rotation": [-75, -30, 0],
					"position": [0, 0, 1.5]
				},
				"body": {
					"rotation": [0, 30, 0]
				},
				"head": {
					"rotation": [0, 0, -10]
				}
			}
		},
		"animation.third_person.ak74u_sprint": {
			"loop": true,
			"bones": {
				"leftArm": {
					"rotation": [-60, 15, 0],
					"position": [-1, 0, -2]
				},
				"rightArm": {
					"rotation": [-55, -30, 0],
					"position": [0, 0, 1.5]
				},
				"body": {
					"rotation": [0, 0, 0]
				}
			}
		},
		"animation.third_person.ak74u_shoot": {
			"loop": "hold_on_last_frame",
			"animation_length": 1,
			"anim_time_update": "query.anim_time + query.delta_time * 15.0",
			"bones": {
				"leftArm": {
					"rotation": {
						"0.0": [-90, 15, 0],
						"0.5": [-90, 15, 0],
						"1.0": [-90, 15, 0]
					},
					"position": {
						"0.0": [-1, 0, -2],
						"0.5": [-1.5, 0, -1],
						"1.0": [-1, 0, -2]
					}
				},
				"rightArm": {
					"rotation": {
						"0.0": [-75, -30, 0],
						"0.5": [-77.5, -30, 0],
						"1.0": [-75, -30, 0]
					},
					"position": {
						"0.0": [0, 0, 1.5],
						"0.5": [-0.5, -0.5, 2.5],
						"1.0": [0, 0, 1.5]
					}
				},
				"head": {
					"rotation": [0, -30, 0]
				},
				"body": {
					"rotation": [0, 30, 0]
				}
			}
		},
		"animation.third_person.ak74u_aim_shoot": {
			"loop": "hold_on_last_frame",
			"animation_length": 1,
			"anim_time_update": "query.anim_time + query.delta_time * 15.0",
			"bones": {
				"leftArm": {
					"rotation": {
						"0.0": [-90, 15, 0],
						"1.0": [-90, 15, 0]
					},
					"position": {
						"0.0": [-1, 0, -2],
						"0.5": [-1.5, 0, -1],
						"1.0": [-1, 0, -2]
					}
				},
				"rightArm": {
					"rotation": {
						"0.0": [-75, -30, 0],
						"1.0": [-75, -30, 0]
					},
					"position": {
						"0.0": [0, 0, 1.5],
						"0.5": [-0.5, 0, 2.5],
						"1.0": [0, 0, 1.5]
					}
				},
				"body": {
					"rotation": [0, 30, 0]
				},
				"head": {
					"rotation": [0, 0, -10]
				}
			}
		}
	}
}
