{
	"format_version": "1.8.0",
	"animations": {
		"animation.third_person.m1911": {
			"loop": true,
			"bones": {
				"leftArm": {
					"rotation": [-87.5, 37.5, 0],
					"position": [-1, 0, -1]
				},
				"rightArm": {
					"rotation": [-75, -15, 0],
					"position": [1, 0, 0]
				},
				"m1911": {
					"rotation": [0, 0, 15],
					"position": [1, -1, -0.3],
					"scale": [0.6, 0.6, 0.7]
				}
			}
		},
		"animation.third_person.m1911_aim": {
			"loop": true,
			"bones": {
				"leftArm": {
					"rotation": [-87.5, 20, 0],
					"position": [-1, 0, 0]
				},
				"rightArm": {
					"rotation": [-75, -20, 0],
					"position": [1, 0, 0]
				},
				"m1911": {
					"rotation": [0, 0, 20],
					"position": [1.4, -1, -0.3],
					"scale": [0.6, 0.6, 0.7]
				}
			}
		},
		"animation.third_person.m1911_sprint": {
			"loop": true,
			"bones": {
				"leftArm": {
					"rotation": [-42.5, 37.5, 0],
					"position": [-1, 0, -1]
				},
				"rightArm": {
					"rotation": [-30, -15, -5],
					"position": [1, 0, -1]
				},
				"m1911": {
					"rotation": [0, 0, 15],
					"position": [1, -1, -0.3],
					"scale": [0.6, 0.6, 0.7]
				}
			}
		},
		"animation.third_person.m1911_shoot": {
			"loop": "hold_on_last_frame",
			"animation_length": 1,
			"anim_time_update": "query.anim_time + query.delta_time * 3.0",
			"bones": {
				"leftArm": {
					"rotation": {
						"0.0": [-87.5, 37.5, 0],
						"0.5": [-92.5, 37.5, 0],
						"1.0": [-87.5, 37.5, 0]
					},
					"position": {
						"0.0": [-1, 0, -1],
						"0.5": [-1, 0, -1],
						"1.0": [-1, 0, -1]
					}
				},
				"rightArm": {
					"rotation": {
						"0.0": [-75, -15, 0],
						"0.5": [-80, -15, 0],
						"1.0": [-75, -15, 0]
					},
					"position": {
						"0.0": [1, 0, 0],
						"0.5": [1, 0, 0],
						"1.0": [1, 0, 0]
					}
				},
				"m1911": {
					"rotation": [0, 0, 15],
					"position": [1, -1, -0.3],
					"scale": [0.6, 0.6, 0.7]
				},
				"slidebody": {
					"position": {
						"0.0": [0, 0, 0],
						"0.5": [0, 0, 3],
						"1.0": [0, 0, 0]
					}
				},
				"slidebodyA": {
					"position": {
						"0.0": [0, 0, 0],
						"0.5": [0, 0, -3],
						"1.0": [0, 0, 0]
					}
				}
			}
		},
		"animation.third_person.m1911_aim_shoot": {
			"animation_length": 1,
			"anim_time_update": "query.anim_time + query.delta_time * 3.0",
			"bones": {
				"leftArm": {
					"rotation": {
						"0.0": [-87.5, 20, 0],
						"0.5": [-90, 20, 0],
						"1.0": [-87.5, 20, 0]
					},
					"position": {
						"0.0": [-1, 0, 0],
						"1.0": [-1, 0, 0]
					}
				},
				"rightArm": {
					"rotation": {
						"0.0": [-75, -20, 0],
						"0.5": [-77.5, -20, 0],
						"1.0": [-75, -20, 0]
					},
					"position": {
						"0.0": [1, 0, 0],
						"1.0": [1, 0, 0]
					}
				},
				"m1911": {
					"rotation": [0, 0, 20],
					"position": [1.4, -1, -0.3],
					"scale": [0.6, 0.6, 0.7]
				},
				"slidebody": {
					"position": {
						"0.0": [0, 0, 0],
						"0.5": [0, 0, 3],
						"1.0": [0, 0, 0]
					}
				},
				"slidebodyA": {
					"position": {
						"0.0": [0, 0, 0],
						"0.5": [0, 0, -3],
						"1.0": [0, 0, 0]
					}
				}
			}
		}
	}
}
