{
	"format_version": "1.8.0",
	"animations": {
		"animation.third_person.spas12": {
			"loop": true,
			"bones": {
				"body": {
					"rotation": [0, 40, 0]
				},
				"head": {
					"rotation": [0, -40, 0]
				},
				"leftArm": {
					"rotation": [-52.5, 2.5, 0],
					"position": [0, 0, -1]
				},
				"rightArm": {
					"rotation": [-5, -55, 0],
					"position": [1, 0, -2]
				},
				"spas12": {
					"rotation": [12.5, 12.5, 7.5],
					"position": [1, -2, 2],
					"scale": 0.8
				},
				"spas12_ammo": {
					"rotation": [0, 0, 0],
					"position": [0, 0, 2],
					"scale": 0
				}
			}
		},
		"animation.third_person.spas12_aim": {
			"loop": true,
			"bones": {
				"body": {
					"rotation": [0, 40, 0]
				},
				"head": {
					"rotation": [10, -40, -10]
				},
				"leftArm": {
					"rotation": [-90, 2.5, 0],
					"position": [0, 0, -1]
				},
				"rightArm": {
					"rotation": [-75, -40, 0],
					"position": [1, 0, 0]
				},
				"spas12": {
					"rotation": [90, 0, 0],
					"position": [1, -1, 0],
					"scale": 0.8
				}
			}
		},
		"animation.third_person.spas12_sprint": {
			"loop": true,
			"bones": {
				"body": {
					"rotation": [0, 0, 0]
				},
				"head": {
					"rotation": [0, 0, 0]
				},
				"leftArm": {
					"rotation": [-20, 2.5, 0],
					"position": [0, 0, -1]
				},
				"rightArm": {
					"rotation": [-5, -55, 0],
					"position": [0, 0, -1]
				},
				"spas12": {
					"rotation": [30, -7.5, 7.5],
					"position": [1, -2, 2],
					"scale": 0.8
				}
			}
		},
		"animation.third_person.spas12_shoot": {
			"loop": "hold_on_last_frame",
			"animation_length": 1,
			"anim_time_update": "query.anim_time + query.delta_time * 15.0",
			"bones": {
				"body": {
					"rotation": [0, 40, 0]
				},
				"head": {
					"rotation": [0, -40, 0]
				},
				"leftArm": {
					"rotation": {
						"0.0": [-52.5, 2.5, 0],
						"0.5": [-65, 2.5, 0],
						"1.0": [-52.5, 2.5, 0]
					},
					"position": [0, 0, -1]
				},
				"rightArm": {
					"rotation": {
						"0.0": [-5, -55, 0],
						"0.5": [-15, -55, 0],
						"1.0": [-5, -55, 0]
					},
					"position": [1, 0, -2]
				},
				"spas12": {
					"rotation": [12.5, 12.5, 7.5],
					"position": [1, -2, 2],
					"scale": 0.8
				}
			}
		},
		"animation.third_person.spas12_aim_shoot": {
			"loop": "hold_on_last_frame",
			"animation_length": 1,
			"anim_time_update": "query.anim_time + query.delta_time * 15.0",
			"bones": {
				"body": {
					"rotation": {
						"0.0": [0, 40, 0],
						"0.5": [0, 42.5, 0],
						"1.0": [0, 40, 0]
					}
				},
				"head": {
					"rotation": [10, -40, -10]
				},
				"leftArm": {
					"rotation": {
						"0.0": [-90, 2.5, 0],
						"1.0": [-90, 2.5, 0]
					},
					"position": {
						"0.0": [0, 0, -1],
						"0.5": [-1, 0, 0],
						"1.0": [0, 0, -1]
					}
				},
				"rightArm": {
					"rotation": {
						"0.0": [-75, -40, 0],
						"1.0": [-75, -40, 0]
					},
					"position": {
						"0.0": [1, 0, 0],
						"0.5": [0, 0, 1],
						"1.0": [1, 0, 0]
					}
				},
				"spas12": {
					"rotation": [90, 0, 0],
					"position": [1, -1, 0],
					"scale": 0.8
				}
			}
		}
	}
}
