{
  "xm4_fire": {
    "category": "neutral",
    "sounds": [
      "sounds/guns/xm4/xm4_fire"
    ]
  },
  "xm4_mag_out": {
    "category": "neutral",
    "sounds": [
      "sounds/guns/xm4/xm4_mag_out"
    ]
  },
  "xm4_mag_in": {
    "category": "neutral",
    "sounds": [
      "sounds/guns/xm4/xm4_mag_in"
    ]
  },
  "xm4_button": {
    "category": "neutral",
    "sounds": [
      "sounds/guns/xm4/xm4_button"
    ]
  },
  "m16_fire": {
    "category": "neutral",
    "sounds": [
      "sounds/guns/m16/m16_fire"
    ]
  },
  "m16_mag_out": {
    "category": "neutral",
    "sounds": [
      "sounds/guns/m16/m16_mag_out"
    ]
  },
  "m16_futz": {
    "category": "neutral",
    "sounds": [
      "sounds/guns/m16/m16_futz"
    ]
  },
  "m16_mag_in": {
    "category": "neutral",
    "sounds": [
      "sounds/guns/m16/m16_mag_in"
    ]
  },
  "m16_button": {
    "category": "neutral",
    "sounds": [
      "sounds/guns/m16/m16_button"
    ]
  },
  "aug_fire": {
    "category": "neutral",
    "sounds": [
      "sounds/guns/aug/aug_fire"
    ]
  },
  "aug_mag_out": {
    "category": "neutral",
    "sounds": [
      "sounds/guns/aug/aug_mag_out"
    ]
  },
  "aug_mag_in": {
    "category": "neutral",
    "sounds": [
      "sounds/guns/aug/aug_mag_in"
    ]
  },
  "aug_bolt_back": {
    "category": "neutral",
    "sounds": [
      "sounds/guns/aug/aug_bolt_back"
    ]
  },
  "aug_bolt_forward": {
    "category": "neutral",
    "sounds": [
      "sounds/guns/aug/aug_bolt_forward"
    ]
  },
  "mp5k_fire": {
    "category": "neutral",
    "sounds": [
      "sounds/guns/mp5k/mp5k_fire"
    ]
  },
  "mp5k_mag_out": {
    "category": "neutral",
    "sounds": [
      "sounds/guns/mp5k/mp5k_mag_out"
    ]
  },
  "mp5k_futz": {
    "category": "neutral",
    "sounds": [
      "sounds/guns/mp5k/mp5k_futz"
    ]
  },
  "mp5k_mag_in": {
    "category": "neutral",
    "sounds": [
      "sounds/guns/mp5k/mp5k_mag_in"
    ]
  },
  "mp5k_pull_charge": {
    "category": "neutral",
    "sounds": [
      "sounds/guns/mp5k/mp5k_pull_charge"
    ]
  },
  "mp5k_charge": {
    "category": "neutral",
    "sounds": [
      "sounds/guns/mp5k/mp5k_charge"
    ]
  },
  "ak74u_fire": {
    "category": "neutral",
    "sounds": [
      "sounds/guns/ak74u/ak74u_fire"
    ]
  },
  "ak74u_mag_out": {
    "category": "neutral",
    "sounds": [
      "sounds/guns/ak74u/ak74u_mag_out"
    ]
  },
  "ak74u_mag_in": {
    "category": "neutral",
    "sounds": [
      "sounds/guns/ak74u/ak74u_mag_in"
    ]
  },
  "ak74u_pull": {
    "category": "neutral",
    "sounds": [
      "sounds/guns/ak74u/ak74u_pull"
    ]
  },
  "ak74u_release": {
    "category": "neutral",
    "sounds": [
      "sounds/guns/ak74u/ak74u_release"
    ]
  },
  "spas12_fire": {
    "category": "neutral",
    "sounds": [
      "sounds/guns/spas12/spas12_fire"
    ]
  },
  "spas12_shell_in": {
    "category": "neutral",
    "sounds": [
      "sounds/guns/spas12/spas12_shell_in"
    ]
  },
  "spas12_pull": {
    "category": "neutral",
    "sounds": [
      "sounds/guns/spas12/spas12_pull"
    ]
  },
  "spas12_push": {
    "category": "neutral",
    "sounds": [
      "sounds/guns/spas12/spas12_push"
    ]
  },
  "dragunov_fire": {
    "category": "neutral",
    "sounds": [
      "sounds/guns/dragunov/dragunov_fire"
    ]
  },
  "dragunov_mag_out": {
    "category": "neutral",
    "sounds": [
      "sounds/guns/dragunov/dragunov_mag_out"
    ]
  },
  "dragunov_mag_in": {
    "category": "neutral",
    "sounds": [
      "sounds/guns/dragunov/dragunov_mag_in"
    ]
  },
  "dragunov_pull": {
    "category": "neutral",
    "sounds": [
      "sounds/guns/dragunov/dragunov_pull"
    ]
  },
  "dragunov_release": {
    "category": "neutral",
    "sounds": [
      "sounds/guns/dragunov/dragunov_release"
    ]
  },
  "rpk_fire": {
    "category": "neutral",
    "sounds": [
      "sounds/guns/rpk/rpk_fire"
    ]
  },
  "rpk_mag_out": {
    "category": "neutral",
    "sounds": [
      "sounds/guns/rpk/rpk_mag_out"
    ]
  },
  "rpk_mag_in": {
    "category": "neutral",
    "sounds": [
      "sounds/guns/rpk/rpk_mag_in"
    ]
  },
  "rpk_pull": {
    "category": "neutral",
    "sounds": [
      "sounds/guns/rpk/rpk_pull"
    ]
  },
  "rpk_release": {
    "category": "neutral",
    "sounds": [
      "sounds/guns/rpk/rpk_release"
    ]
  },
  "m1911_fire": {
    "category": "neutral",
    "sounds": [
      "sounds/guns/m1911/m1911_fire"
    ]
  },
  "m1911_mag_out": {
    "category": "neutral",
    "sounds": [
      "sounds/guns/m1911/m1911_mag_out"
    ]
  },
  "m1911_futz": {
    "category": "neutral",
    "sounds": [
      "sounds/guns/m1911/m1911_futz"
    ]
  },
  "m1911_mag_in": {
    "category": "neutral",
    "sounds": [
      "sounds/guns/m1911/m1911_mag_in"
    ]
  },
  "m1911_slide_back": {
    "category": "neutral",
    "sounds": [
      "sounds/guns/m1911/m1911_slide_back"
    ]
  },
  "m1911_slide_forward": {
    "category": "neutral",
    "sounds": [
      "sounds/guns/m1911/m1911_slide_forward"
    ]
  },
  "makarov_fire": {
    "category": "neutral",
    "sounds": [
      "sounds/guns/makarov/makarov_fire"
    ]
  },
  "makarov_mag_out": {
    "category": "neutral",
    "sounds": [
      "sounds/guns/makarov/makarov_mag_out"
    ]
  },
  "makarov_futz": {
    "category": "neutral",
    "sounds": [
      "sounds/guns/makarov/makarov_futz"
    ]
  },
  "makarov_mag_in": {
    "category": "neutral",
    "sounds": [
      "sounds/guns/makarov/makarov_mag_in"
    ]
  },
  "makarov_slide_back": {
    "category": "neutral",
    "sounds": [
      "sounds/guns/makarov/makarov_slide_back"
    ]
  },
  "makarov_slide_forward": {
    "category": "neutral",
    "sounds": [
      "sounds/guns/makarov/makarov_slide_forward"
    ]
  }
}
