{
  "format_version": "1.10.0",
  "minecraft:client_entity": {
    "description": {
      "identifier": "minecraft:player",
      "materials": {
        "default": "entity_alphatest",
        "cape": "entity_alphatest",
        "animated": "player_animated",
				"gun": "entity_alphatest"
      },
      "textures": {
        "default": "textures/entity/steve",
        "cape": "textures/entity/cape_invisible",
//xm4
        "xm4": "textures/entity/guns/xm4",
        "xm4_ammo": "textures/entity/guns/xm4_ammo",
        "xm4_emp": "textures/entity/guns/xm4",
//m16
        "m16": "textures/entity/guns/m16",
        "m16_ammo": "textures/entity/guns/m16_ammo",
        "m16_emp": "textures/entity/guns/m16_emp",
//aug
        "aug": "textures/entity/guns/aug",
        "aug_ammo": "textures/entity/guns/aug_ammo",
        "aug_emp": "textures/entity/guns/aug_emp",
//mp5k
        "mp5k": "textures/entity/guns/mp5k",
        "mp5k_ammo": "textures/entity/guns/mp5k_ammo",
        "mp5k_emp": "textures/entity/guns/mp5k",
//ak74u
        "ak74u": "textures/entity/guns/ak74u",
        "ak74u_ammo": "textures/entity/guns/ak74u_ammo",
        "ak74u_emp": "textures/entity/guns/ak74u",
//spas12
        "spas12": "textures/entity/guns/spas12",
        "spas12_ammo": "textures/entity/guns/spas12_ammo",
        "spas12_emp": "textures/entity/guns/spas12_emp",
//rpk
        "rpk": "textures/entity/guns/rpk",
        "rpk_ammo": "textures/entity/guns/rpk_ammo",
        "rpk_emp": "textures/entity/guns/rpk",
//dragunov
        "dragunov": "textures/entity/guns/dragunov",
        "dragunov_ammo": "textures/entity/guns/dragunov_ammo",
        "dragunov_emp": "textures/entity/guns/dragunov",
//m1911
        "m1911": "textures/entity/guns/m1911",
        "m1911_ammo": "textures/entity/guns/m1911_ammo",
        "m1911_emp": "textures/entity/guns/m1911_emp",
//makarov
        "makarov": "textures/entity/guns/makarov",
        "makarov_ammo": "textures/entity/guns/makarov_ammo",
        "makarov_emp": "textures/entity/guns/makarov_emp"
      },
      "geometry": {
        "default": "geometry.blockops_dummy",
        "cape": "geometry.cape",
//xm4
        "xm4": "geometry.xm4",
        "xm4_ammo": "geometry.xm4_ammo",
        "xm4_emp": "geometry.xm4_emp",
//m16
        "m16": "geometry.m16",
        "m16_ammo": "geometry.m16_ammo",
        "m16_emp": "geometry.m16_emp",
//aug
        "aug": "geometry.aug",
        "aug_ammo": "geometry.aug_ammo",
        "aug_emp": "geometry.aug_emp",
//mp5k
        "mp5k": "geometry.mp5k",
        "mp5k_ammo": "geometry.mp5k_ammo",
        "mp5k_emp": "geometry.mp5k_emp",
//ak74u
        "ak74u": "geometry.ak74u",
        "ak74u_ammo": "geometry.ak74u_ammo",
        "ak74u_emp": "geometry.ak74u_emp",
//spas12
        "spas12": "geometry.spas12",
        "spas12_ammo": "geometry.spas12_ammo",
        "spas12_emp": "geometry.spas12_emp",
//rpk
        "rpk": "geometry.rpk",
        "rpk_ammo": "geometry.rpk_ammo",
        "rpk_emp": "geometry.rpk_emp",
//dragunov
        "dragunov": "geometry.dragunov",
        "dragunov_ammo": "geometry.dragunov_ammo",
        "dragunov_emp": "geometry.dragunov_emp",
//m1911
        "m1911": "geometry.m1911",
        "m1911_ammo": "geometry.m1911_ammo",
        "m1911_emp": "geometry.m1911_emp",
//makarov
        "makarov": "geometry.makarov",
        "makarov_ammo": "geometry.makarov_ammo",
        "makarov_emp": "geometry.makarov_emp"
      },
      "scripts": {
        "scale": "0.9375",
        "initialize": [
          "variable.is_holding_right = 0.0;",
          "variable.is_blinking = 0.0;",
          "variable.last_blink_time = 0.0;",
          "variable.hand_bob = 0.0;"
        ],
        "pre_animation": [
          "variable.helmet_layer_visible = 1.0;",
          "variable.leg_layer_visible = 1.0;",
          "variable.boot_layer_visible = 1.0;",
          "variable.chest_layer_visible = 1.0;",
          "variable.attack_body_rot_y = Math.sin(360*Math.sqrt(variable.attack_time)) * 5.0;",
          "variable.tcos0 = (math.cos(query.modified_distance_moved * 38.17) * query.modified_move_speed / variable.gliding_speed_value) * 57.3;",
          "variable.first_person_rotation_factor = math.sin((1 - variable.attack_time) * 180.0);",
          "variable.hand_bob = query.life_time < 0.01 ? 0.0 : variable.hand_bob + ((query.is_on_ground && query.is_alive ? math.clamp(math.sqrt(math.pow(query.position_delta(0), 2.0) + math.pow(query.position_delta(2), 2.0)), 0.0, 0.1) : 0.0) - variable.hand_bob) * 0.02;",
          "variable.map_angle = math.clamp(1 - variable.player_x_rotation / 45.1, 0.0, 1.0);",
          "variable.item_use_normalized = query.main_hand_item_use_duration / query.main_hand_item_max_duration;",

//xm4
          "variable.xm4 = query.get_equipped_item_name('main_hand') == 'xm4';",
          "variable.xm4_ammo = query.get_equipped_item_name('main_hand') == 'xm4_ammo';",
          "variable.xm4_emp = query.get_equipped_item_name('main_hand') == 'xm4_emp';",
//m16
          "variable.m16 = query.get_equipped_item_name('main_hand') == 'm16';",
          "variable.m16_ammo = query.get_equipped_item_name('main_hand') == 'm16_ammo';",
          "variable.m16_emp = query.get_equipped_item_name('main_hand') == 'm16_emp';",
//aug
          "variable.aug = query.get_equipped_item_name('main_hand') == 'aug';",
          "variable.aug_ammo = query.get_equipped_item_name('main_hand') == 'aug_ammo';",
          "variable.aug_emp = query.get_equipped_item_name('main_hand') == 'aug_emp';",
//mp5k
          "variable.mp5k = query.get_equipped_item_name('main_hand') == 'mp5k';",
          "variable.mp5k_ammo = query.get_equipped_item_name('main_hand') == 'mp5k_ammo';",
          "variable.mp5k_emp = query.get_equipped_item_name('main_hand') == 'mp5k_emp';",
//ak74u
          "variable.ak74u = query.get_equipped_item_name('main_hand') == 'ak74u';",
          "variable.ak74u_ammo = query.get_equipped_item_name('main_hand') == 'ak74u_ammo';",
          "variable.ak74u_emp = query.get_equipped_item_name('main_hand') == 'ak74u_emp';",
//spas12
          "variable.spas12 = query.get_equipped_item_name('main_hand') == 'spas12';",
          "variable.spas12_ammo = query.get_equipped_item_name('main_hand') == 'spas12_ammo';",
          "variable.spas12_emp = query.get_equipped_item_name('main_hand') == 'spas12_emp';",
//rpk
          "variable.rpk = query.get_equipped_item_name('main_hand') == 'rpk';",
          "variable.rpk_ammo = query.get_equipped_item_name('main_hand') == 'rpk_ammo';",
          "variable.rpk_emp = query.get_equipped_item_name('main_hand') == 'rpk_emp';",
//dragunov
          "variable.dragunov = query.get_equipped_item_name('main_hand') == 'dragunov';",
          "variable.dragunov_ammo = query.get_equipped_item_name('main_hand') == 'dragunov_ammo';",
          "variable.dragunov_emp = query.get_equipped_item_name('main_hand') == 'dragunov_emp';",
//m1911
          "variable.m1911 = query.get_equipped_item_name('main_hand') == 'm1911';",
          "variable.m1911_ammo = query.get_equipped_item_name('main_hand') == 'm1911_ammo';",
          "variable.m1911_emp = query.get_equipped_item_name('main_hand') == 'm1911_emp';",
//makarov
          "variable.makarov = query.get_equipped_item_name('main_hand') == 'makarov';",
          "variable.makarov_ammo = query.get_equipped_item_name('main_hand') == 'makarov_ammo';",
          "variable.makarov_emp = query.get_equipped_item_name('main_hand') == 'makarov_emp';",

//guns
          "variable.guns = query.get_equipped_item_name('main_hand') == 'mp5k' || query.get_equipped_item_name('main_hand') == 'mp5k_emp' || query.get_equipped_item_name('main_hand') == 'mp5k_ammo' ||query.get_equipped_item_name('main_hand') == 'ak74u' || query.get_equipped_item_name('main_hand') == 'ak74u_emp' || query.get_equipped_item_name('main_hand') == 'ak74u_ammo' || query.get_equipped_item_name('main_hand') == 'xm4' || query.get_equipped_item_name('main_hand') == 'xm4_ammo' || query.get_equipped_item_name('main_hand') == 'xm4_emp' || query.get_equipped_item_name('main_hand') == 'rpk' || query.get_equipped_item_name('main_hand') == 'rpk_ammo' || query.get_equipped_item_name('main_hand') == 'rpk_emp' || query.get_equipped_item_name('main_hand') == 'dragunov' || query.get_equipped_item_name('main_hand') == 'dragunov_ammo' || query.get_equipped_item_name('main_hand') == 'dragunov_emp' || query.get_equipped_item_name('main_hand') == 'm16' || query.get_equipped_item_name('main_hand') == 'm16_ammo' || query.get_equipped_item_name('main_hand') == 'm16_emp' || query.get_equipped_item_name('main_hand') == 'aug' || query.get_equipped_item_name('main_hand') == 'aug_ammo' || query.get_equipped_item_name('main_hand') == 'aug_emp' || query.get_equipped_item_name('main_hand') == 'm1911' || query.get_equipped_item_name('main_hand') == 'm1911_ammo' || query.get_equipped_item_name('main_hand') == 'm1911_emp' || query.get_equipped_item_name('main_hand') == 'makarov' || query.get_equipped_item_name('main_hand') == 'makarov_ammo' || query.get_equipped_item_name('main_hand') == 'makarov_emp' || query.get_equipped_item_name('main_hand') == 'spas12' || query.get_equipped_item_name('main_hand') == 'spas12_ammo' || query.get_equipped_item_name('main_hand') == 'spas12_emp';",

          "variable.right_hand = query.get_equipped_item_name('main_hand') != 'mp5k' && query.get_equipped_item_name('main_hand') != 'mp5k_ammo' && query.get_equipped_item_name('main_hand') != 'mp5k_emp' && query.get_equipped_item_name('main_hand') != 'ak74u' && query.get_equipped_item_name('main_hand') != 'ak74u_ammo' && query.get_equipped_item_name('main_hand') != 'ak74u_emp' && query.get_equipped_item_name('main_hand') != 'xm4' && query.get_equipped_item_name('main_hand') != 'xm4_ammo' && query.get_equipped_item_name('main_hand') != 'xm4_emp' && query.get_equipped_item_name('main_hand') != 'rpk' && query.get_equipped_item_name('main_hand') != 'rpk_ammo' && query.get_equipped_item_name('main_hand') != 'rpk_emp' && query.get_equipped_item_name('main_hand') != 'dragunov' && query.get_equipped_item_name('main_hand') != 'dragunov_ammo' && query.get_equipped_item_name('main_hand') != 'dragunov_emp' && query.get_equipped_item_name('main_hand') != 'm16' && query.get_equipped_item_name('main_hand') != 'm16_ammo' && query.get_equipped_item_name('main_hand') != 'm16_emp' && query.get_equipped_item_name('main_hand') != 'aug' && query.get_equipped_item_name('main_hand') != 'aug_ammo' && query.get_equipped_item_name('main_hand') != 'aug_emp' && query.get_equipped_item_name('main_hand') != 'm1911' && query.get_equipped_item_name('main_hand') != 'm1911_ammo' && query.get_equipped_item_name('main_hand') != 'm1911_emp' && query.get_equipped_item_name('main_hand') != 'makarov' && query.get_equipped_item_name('main_hand') != 'makarov_ammo' && query.get_equipped_item_name('main_hand') != 'makarov_emp' && query.get_equipped_item_name('main_hand') != 'spas12' && query.get_equipped_item_name('main_hand') != 'spas12_ammo' && query.get_equipped_item_name('main_hand') != 'spas12_emp';"
        ],
        "animate": [
        "root",
        { "third_person_guns": "variable.guns && !variable.is_first_person" },
//first_person
        //xm4
        { "xm4_hold_system": "variable.is_first_person" },
        //m16
        { "m16_hold_system": "variable.is_first_person" },
        //aug
        { "aug_hold_system": "variable.is_first_person" },
        //mp5k
        { "mp5k_hold_system": "variable.is_first_person" },
        //ak74u
        { "ak74u_hold_system": "variable.is_first_person" },
        //spas12
        { "spas12_hold_system": "variable.is_first_person" },
        //rpk
        { "rpk_hold_system": "variable.is_first_person" },
        //dragunov
        { "dragunov_hold_system": "variable.is_first_person" },
        //m1911
        { "m1911_hold_system": "variable.is_first_person" },
        //makarov
        { "makarov_hold_system": "variable.is_first_person" },
//third_person
        //xm4_tpp
        { "xm4_hold_system_tpp": "!variable.is_first_person" },
        //m16_tpp
        { "m16_hold_system_tpp": "!variable.is_first_person" },
        //aug_tpp
        { "aug_hold_system_tpp": "!variable.is_first_person" },
        //mp5k_tpp
        { "mp5k_hold_system_tpp": "!variable.is_first_person" },
        //ak74u_tpp
        { "ak74u_hold_system_tpp": "!variable.is_first_person" },
        //spas12_tpp
        { "spas12_hold_system_tpp": "!variable.is_first_person" },
        //rpk_tpp
        { "rpk_hold_system_tpp": "!variable.is_first_person" },
        //dragunov_tpp
        { "dragunov_hold_system_tpp": "!variable.is_first_person" },
        //m1911_tpp
        { "m1911_hold_system_tpp": "!variable.is_first_person" },
        //makarov_tpp
        { "makarov_hold_system_tpp": "!variable.is_first_person" }
        ]
      },
      "animations": {
        "root": "controller.animation.player.root",
        "third_person_hold": "controller.animation.player.third_person",
        "base_controller": "controller.animation.player.base",
        "hudplayer": "controller.animation.player.hudplayer",
        "humanoid_base_pose": "animation.humanoid.base_pose",
        "look_at_target": "controller.animation.humanoid.look_at_target",
        "look_at_target_ui": "animation.player.look_at_target.ui",
        "look_at_target_default": "animation.humanoid.look_at_target.default",
        "look_at_target_gliding": "animation.humanoid.look_at_target.gliding",
        "look_at_target_swimming": "animation.humanoid.look_at_target.swimming",
        "look_at_target_inverted": "animation.player.look_at_target.inverted",
        "cape": "animation.player.cape",
        "move.arms": "animation.player.move.arms",
        "move.legs": "animation.player.move.legs",
        "swimming": "animation.player.swim",
        "swimming.legs": "animation.player.swim.legs",
        "in_moving_tractor": "animation.player.in_moving_tractor",
        "riding.arms": "animation.player.riding.arms",
        "riding.legs": "animation.player.riding.legs",
        "riding.tractor": "animation.player.riding.tractor",
        "ride_tractor": "controller.animation.player.ride_tractor",
        "holding": "animation.player.holding",
        "brandish_spear": "animation.humanoid.brandish_spear",
        "charging": "animation.humanoid.charging",
        "attack.positions": "animation.player.attack.positions",
        "attack.rotations": "animation.player.attack.rotations",
        "sneaking": "animation.player.sneaking",
        "bob": "animation.player.bob",
        "damage_nearby_mobs": "animation.humanoid.damage_nearby_mobs",
        "bow_and_arrow": "animation.humanoid.bow_and_arrow",
        "use_item_progress": "animation.humanoid.use_item_progress",
        "skeleton_attack": "animation.skeleton.attack",
        "sleeping": "animation.player.sleeping",
        "first_person_base_pose": "animation.player.first_person.base_pose",
        "first_person_empty_hand": "animation.player.first_person.empty_hand",
        "first_person_swap_item": "animation.player.first_person.swap_item",
        "first_person_attack_controller": "controller.animation.player.first_person_attack",
        "first_person_attack_rotation": "animation.player.first_person.attack_rotation",
        "first_person_vr_attack_rotation": "animation.player.first_person.vr_attack_rotation",
        "first_person_walk": "animation.player.first_person.walk",
        "first_person_map_controller": "controller.animation.player.first_person_map",
        "first_person_map_hold": "animation.player.first_person.map_hold",
        "first_person_map_hold_attack": "animation.player.first_person.map_hold_attack",
        "first_person_map_hold_off_hand": "animation.player.first_person.map_hold_off_hand",
        "first_person_map_hold_main_hand": "animation.player.first_person.map_hold_main_hand",
        "first_person_crossbow_equipped": "animation.player.first_person.crossbow_equipped",
        "third_person_crossbow_equipped": "animation.player.crossbow_equipped",
        "third_person_bow_equipped": "animation.player.bow_equipped",
        "crossbow_hold": "animation.player.crossbow_hold",
        "crossbow_controller": "controller.animation.player.crossbow",
        "shield_block_main_hand": "animation.player.shield_block_main_hand",
        "shield_block_off_hand": "animation.player.shield_block_off_hand",
        "blink": "controller.animation.persona.blink",
//first_person
//xm4
        "xm4_hold": "animation.first_person.xm4",
        "xm4_reload": "animation.xm4_reload",
        "xm4_sneak_reload": "animation.xm4_reload",
        "xm4_hold_system": "controller.animation.xm4",
        "xm4_emp": "animation.first_person.xm4",
        "xm4_ammo": "animation.first_person.xm4_ammo",
        "xm4_aim": "animation.first_person.xm4_aim",
        "xm4_aim_shoot": "animation.first_person.xm4_aim_shoot",
        "xm4_shoot": "animation.first_person.xm4_shoot",
        "xm4_sprint": "animation.first_person.xm4_sprint",
//m16
        "m16_hold": "animation.first_person.m16",
        "m16_reload": "animation.m16_reload",
        "m16_sneak_reload": "animation.m16_reload",
        "m16_aim_reload": "animation.m16_reload",
        "m16_hold_system": "controller.animation.m16",
        "m16_emp": "animation.first_person.m16",
        "m16_ammo": "animation.first_person.m16_ammo",
        "m16_aim": "animation.first_person.m16_aim",
        "m16_aim_shoot": "animation.first_person.m16_aim_shoot",
        "m16_shoot": "animation.first_person.m16_shoot",
        "m16_sprint": "animation.first_person.m16_sprint",
//aug
        "aug_hold": "animation.first_person.aug",
        "aug_reload": "animation.aug_reload",
        "aug_sneak_reload": "animation.aug_reload",
        "aug_hold_system": "controller.animation.aug",
        "aug_emp": "animation.first_person.aug",
        "aug_ammo": "animation.first_person.aug_ammo",
        "aug_aim": "animation.first_person.aug_aim",
        "aug_aim_shoot": "animation.first_person.aug_aim_shoot",
        "aug_shoot": "animation.first_person.aug_shoot",
        "aug_sprint": "animation.first_person.aug_sprint",
//mp5k
        "mp5k_hold": "animation.first_person.mp5k",
        "mp5k_reload": "animation.mp5k_reload",
        "mp5k_sneak_reload": "animation.mp5k_reload",
        "mp5k_hold_system": "controller.animation.mp5k",
        "mp5k_emp": "animation.first_person.mp5k",
        "mp5k_ammo": "animation.first_person.mp5k_ammo",
        "mp5k_aim": "animation.first_person.mp5k_aim",
        "mp5k_aim_shoot": "animation.first_person.mp5k_shoot",
        "mp5k_shoot": "animation.first_person.mp5k_aim_shoot",
        "mp5k_aim_shoot": "animation.first_person.mp5k_shoot",
        "mp5k_sprint": "animation.first_person.mp5k_sprint",
//ak74u
        "ak74u_hold": "animation.first_person.ak74u",
        "ak74u_reload": "animation.ak74u_reload",
        "ak74u_sneak_reload": "animation.ak74u_sneak_reload",
        "ak74u_hold_system": "controller.animation.ak74u",
        "ak74u_emp": "animation.first_person.ak74u",
        "ak74u_ammo": "animation.first_person.ak74u_ammo",
        "ak74u_aim": "animation.first_person.ak74u_aim",
        "ak74u_aim_shoot": "animation.first_person.ak74u_shoot",
        "ak74u_shoot": "animation.first_person.ak74u_aim_shoot",
        "ak74u_aim_shoot": "animation.first_person.ak74u_shoot",
        "ak74u_sprint": "animation.first_person.ak74u_sprint",
//spas12
        "spas12_hold": "animation.first_person.spas12",
        "spas12_reload": "animation.spas12_reload",
        "spas12_sneak_reload": "animation.spas12_reload",
        "spas12_hold_system": "controller.animation.spas12",
        "spas12_emp": "animation.first_person.spas12",
        "spas12_ammo": "animation.first_person.spas12_ammo",
        "spas12_aim": "animation.first_person.spas12_aim",
        "spas12_aim_shoot": "animation.first_person.spas12_aim_shoot",
        "spas12_shoot": "animation.first_person.spas12_shoot",
        "spas12_sprint": "animation.first_person.spas12_sprint",
//rpk
        "rpk_hold": "animation.first_person.rpk",
        "rpk_reload": "animation.rpk_reload",
        "rpk_sneak_reload": "animation.rpk_reload",
        "rpk_hold_system": "controller.animation.rpk",
        "rpk_emp": "animation.first_person.rpk",
        "rpk_ammo": "animation.first_person.rpk_ammo",
        "rpk_aim": "animation.first_person.rpk_aim",
        "rpk_aim_shoot": "animation.first_person.rpk_aim_shoot",
        "rpk_shoot": "animation.first_person.rpk_shoot",
        "rpk_sprint": "animation.first_person.rpk_sprint",
//dragunov
        "dragunov_hold": "animation.first_person.dragunov",
        "dragunov_reload": "animation.dragunov_reload",
        "dragunov_sneak_reload": "animation.dragunov_reload",
        "dragunov_hold_system": "controller.animation.dragunov",
        "dragunov_emp": "animation.first_person.dragunov",
        "dragunov_ammo": "animation.first_person.dragunov_ammo",
        "dragunov_aim": "animation.first_person.dragunov_aim",
        "dragunov_aim_shoot": "animation.first_person.dragunov_aim_shoot",
        "dragunov_shoot": "animation.first_person.dragunov_shoot",
        "dragunov_sprint": "animation.first_person.dragunov_sprint",
//m1911
        "m1911_hold": "animation.first_person.m1911",
        "m1911_reload": "animation.m1911_reload",
        "m1911_sneak_reload": "animation.m1911_reload",
        "m1911_hold_system": "controller.animation.m1911",
        "m1911_emp": "animation.first_person.m1911",
        "m1911_ammo": "animation.first_person.m1911_ammo",
        "m1911_aim": "animation.first_person.m1911_aim",
        "m1911_aim_shoot": "animation.first_person.m1911_aim_shoot",
        "m1911_shoot": "animation.first_person.m1911_shoot",
        "m1911_sprint": "animation.first_person.m1911_sprint",
//makarov
        "makarov_hold": "animation.first_person.makarov",
        "makarov_reload": "animation.makarov_reload",
        "makarov_sneak_reload": "animation.makarov_reload",
        "makarov_hold_system": "controller.animation.makarov",
        "makarov_emp": "animation.first_person.makarov",
        "makarov_ammo": "animation.first_person.makarov_ammo",
        "makarov_aim": "animation.first_person.makarov_aim",
        "makarov_aim_shoot": "animation.first_person.makarov_aim_shoot",
        "makarov_shoot": "animation.first_person.makarov_shoot",
        "makarov_sprint": "animation.first_person.makarov_sprint",

//third_person
//xm4
        "xm4_hold_tpp": "animation.third_person.xm4",
        "xm4_reload_tpp": "animation.third_person.xm4_reload",
        "xm4_sneak_reload_tpp": "animation.third_person.xm4_reload",
        "xm4_hold_system_tpp": "controller.animation.xm4_tpp",
        "xm4_aim_tpp": "animation.third_person.xm4_aim",
        "xm4_aim_shoot_tpp": "animation.third_person.xm4_aim_shoot",
        "xm4_shoot_tpp": "animation.third_person.xm4_shoot",
        "xm4_sprint_tpp": "animation.third_person.xm4_sprint",
//m16
        "m16_hold_tpp": "animation.third_person.m16",
        "m16_reload_tpp": "animation.third_person.m16_reload",
        "m16_sneak_reload_tpp": "animation.third_person.m16_reload",
        "m16_hold_system_tpp": "controller.animation.m16_tpp",
        "m16_aim_tpp": "animation.third_person.m16_aim",
        "m16_aim_shoot_tpp": "animation.third_person.m16_aim_shoot",
        "m16_shoot_tpp": "animation.third_person.m16_shoot",
        "m16_sprint_tpp": "animation.third_person.m16_sprint",
//aug
        "aug_hold_tpp": "animation.third_person.aug",
        "aug_reload_tpp": "animation.third_person.aug_reload",
        "aug_sneak_reload_tpp": "animation.third_person.aug_reload",
        "aug_hold_system_tpp": "controller.animation.aug_tpp",
        "aug_aim_tpp": "animation.third_person.aug_aim",
        "aug_aim_shoot_tpp": "animation.third_person.aug_aim_shoot",
        "aug_shoot_tpp": "animation.third_person.aug_shoot",
        "aug_sprint_tpp": "animation.third_person.aug_sprint",
//mp5k
        "mp5k_hold_tpp": "animation.third_person.mp5k",
        "mp5k_reload_tpp": "animation.third_person.mp5k_reload",
        "mp5k_sneak_reload_tpp": "animation.third_person.mp5k_reload",
        "mp5k_hold_system_tpp": "controller.animation.mp5k_tpp",
        "mp5k_aim_tpp": "animation.third_person.mp5k_aim",
        "mp5k_aim_shoot_tpp": "animation.third_person.mp5k_aim_shoot",
        "mp5k_shoot_tpp": "animation.third_person.mp5k_shoot",
        "mp5k_sprint_tpp": "animation.third_person.mp5k_sprint",
//ak74u
        "ak74u_hold_tpp": "animation.third_person.ak74u",
        "ak74u_reload_tpp": "animation.third_person.ak74u_reload",
        "ak74u_sneak_reload_tpp": "animation.third_person.ak74u_sneak_reload",
        "ak74u_hold_system_tpp": "controller.animation.ak74u_tpp",
        "ak74u_aim_tpp": "animation.third_person.ak74u_aim",
        "ak74u_aim_shoot_tpp": "animation.third_person.ak74u_aim_shoot",
        "ak74u_shoot_tpp": "animation.third_person.ak74u_shoot",
        "ak74u_sprint_tpp": "animation.third_person.ak74u_sprint",
//spas12
        "spas12_hold_tpp": "animation.third_person.spas12",
        "spas12_reload_tpp": "animation.third_person.spas12_reload",
        "spas12_sneak_reload_tpp": "animation.third_person.spas12_reload",
        "spas12_hold_system_tpp": "controller.animation.spas12_tpp",
        "spas12_aim_tpp": "animation.third_person.spas12_aim",
        "spas12_aim_shoot_tpp": "animation.third_person.spas12_aim_shoot",
        "spas12_shoot_tpp": "animation.third_person.spas12_shoot",
        "spas12_sprint_tpp": "animation.third_person.spas12_sprint",
//rpk
        "rpk_hold_tpp": "animation.third_person.rpk",
        "rpk_reload_tpp": "animation.third_person.rpk_reload",
        "rpk_sneak_reload_tpp": "animation.third_person.rpk_reload",
        "rpk_hold_system_tpp": "controller.animation.rpk_tpp",
        "rpk_aim_tpp": "animation.third_person.rpk_aim",
        "rpk_aim_shoot_tpp": "animation.third_person.rpk_aim_shoot",
        "rpk_shoot_tpp": "animation.third_person.rpk_shoot",
        "rpk_sprint_tpp": "animation.third_person.rpk_sprint",
//dragunov
        "dragunov_hold_tpp": "animation.third_person.dragunov",
        "dragunov_reload_tpp": "animation.third_person.dragunov_reload",
        "dragunov_sneak_reload_tpp": "animation.third_person.dragunov_reload",
        "dragunov_hold_system_tpp": "controller.animation.dragunov_tpp",
        "dragunov_aim_tpp": "animation.third_person.dragunov_aim",
        "dragunov_aim_shoot_tpp": "animation.third_person.dragunov_aim_shoot",
        "dragunov_shoot_tpp": "animation.third_person.dragunov_shoot",
        "dragunov_sprint_tpp": "animation.third_person.dragunov_sprint",
//m1911
        "m1911_hold_tpp": "animation.third_person.m1911",
        "m1911_reload_tpp": "animation.third_person.m1911_reload",
        "m1911_sneak_reload_tpp": "animation.third_person.m1911_reload",
        "m1911_hold_system_tpp": "controller.animation.m1911_tpp",
        "m1911_aim_tpp": "animation.third_person.m1911_aim",
        "m1911_aim_shoot_tpp": "animation.third_person.m1911_aim_shoot",
        "m1911_shoot_tpp": "animation.third_person.m1911_shoot",
        "m1911_sprint_tpp": "animation.third_person.m1911_sprint",
//makarov
        "makarov_hold_tpp": "animation.third_person.makarov",
        "makarov_reload_tpp": "animation.third_person.makarov_reload",
        "makarov_sneak_reload_tpp": "animation.third_person.makarov_reload",
        "makarov_hold_system_tpp": "controller.animation.makarov_tpp",
        "makarov_aim_tpp": "animation.third_person.makarov_aim",
        "makarov_aim_shoot_tpp": "animation.third_person.makarov_aim_shoot",
        "makarov_shoot_tpp": "animation.third_person.makarov_shoot",
        "makarov_sprint_tpp": "animation.third_person.makarov_sprint",
//etc
        "running": "animation.player.first_person.running"
      },
      "render_controllers": [
        { "controller.render.player.first_person": "variable.is_first_person" },
        { "controller.render.player.third_person": "!variable.is_first_person && !variable.map_face_icon" },
        { "controller.render.map": "variable.map_face_icon" },
//xm4
        { "controller.render.xm4": "variable.xm4" },
        { "controller.render.xm4_ammo": "variable.xm4_ammo" },
        { "controller.render.xm4_emp": "variable.xm4_emp" },
//m16
        { "controller.render.m16": "variable.m16" },
        { "controller.render.m16_ammo": "variable.m16_ammo" },
        { "controller.render.m16_emp": "variable.m16_emp" },
//aug
        { "controller.render.aug": "variable.aug" },
        { "controller.render.aug_ammo": "variable.aug_ammo" },
        { "controller.render.aug_emp": "variable.aug_emp" },
//mp5k
        { "controller.render.mp5k": "variable.mp5k" },
        { "controller.render.mp5k_ammo": "variable.mp5k_ammo" },
        { "controller.render.mp5k_emp": "variable.mp5k_emp" },
//ak74u
        { "controller.render.ak74u": "variable.ak74u" },
        { "controller.render.ak74u_ammo": "variable.ak74u_ammo" },
        { "controller.render.ak74u_emp": "variable.ak74u_emp" },
//spas12
        { "controller.render.spas12": "variable.spas12" },
        { "controller.render.spas12_ammo": "variable.spas12_ammo" },
        { "controller.render.spas12_emp": "variable.spas12_emp" },
//rpk
        { "controller.render.rpk": "variable.rpk" },
        { "controller.render.rpk_ammo": "variable.rpk_ammo" },
        { "controller.render.rpk_emp": "variable.rpk_emp" },
//dragunov
        { "controller.render.dragunov": "variable.dragunov" },
        { "controller.render.dragunov_ammo": "variable.dragunov_ammo" },
        { "controller.render.dragunov_emp": "variable.dragunov_emp" },
//m1911
        { "controller.render.m1911": "variable.m1911" },
        { "controller.render.m1911_ammo": "variable.m1911_ammo" },
        { "controller.render.m1911_emp": "variable.m1911_emp" },
//makarov
        { "controller.render.makarov": "variable.makarov" },
        { "controller.render.makarov_ammo": "variable.makarov_ammo" },
        { "controller.render.makarov_emp": "variable.makarov_emp" }
      ],
      "sound_effects": {
        "xm4.mag.out": "xm4_mag_out",
        "xm4.mag.in": "xm4_mag_in",
        "xm4.button": "xm4_button",

        "m16.mag.out": "m16_mag_out",
        "m16.futz": "m16_futz",
        "m16.mag.in": "m16_mag_in",
        "m16.button": "m16_button",

        "aug.mag.out": "aug_mag_out",
        "aug.bolt.back": "aug_bolt_back",
        "aug.mag.in": "aug_mag_in",
        "aug.bolt.forward": "aug_bolt_forward",

        "mp5k.mag.out": "mp5k_mag_out",
        "mp5k.futz": "mp5k_futz",
        "mp5k.mag.in": "mp5k_mag_in",
        "mp5k.pull.charge": "mp5k_pull_charge",
        "mp5k.charge": "mp5k_charge",

        "ak74u.mag.out": "ak74u_mag_out",
        "ak74u.mag.in": "ak74u_mag_in",
        "ak74u.pull": "ak74u_pull",
        "ak74u.release": "ak74u_release",

        "spas12.shell.in": "spas12_shell_in",
        "spas12.pull": "spas12_pull",
        "spas12.push": "spas12_push",

        "rpk.mag.out": "rpk_mag_out",
        "rpk.mag.in": "rpk_mag_in",
        "rpk.pull": "rpk_pull",
        "rpk.release": "rpk_release",

        "dragunov.mag.out": "dragunov_mag_out",
        "dragunov.mag.in": "dragunov_mag_in",
        "dragunov.pull": "dragunov_pull",
        "dragunov.release": "dragunov_release",

        "m1911.mag.out": "m1911_mag_out",
        "m1911.futz": "m1911_futz",
        "m1911.mag.in": "m1911_mag_in",
        "m1911.slide.back": "m1911_slide_back",
        "m1911.slide.forward": "m1911_slide_forward",

        "makarov.mag.out": "makarov_mag_out",
        "makarov.futz": "makarov_futz",
        "makarov.mag.in": "makarov_mag_in",
        "makarov.slide.back": "makarov_slide_back",
        "makarov.slide.forward": "makarov_slide_forward"
      },
      "enable_attachables": true
    }
  }
}
