{
	"format_version": "1.8.0",
	"minecraft:attachable": {
		"description": {
			"identifier": "addon:nv_goggles",
			"materials": {
				"default": "armor",
				"enchanted": "armor_enchanted"
			},
			"textures": {
				"default": "textures/models/nv_goggles",
				"enchanted": "textures/misc/enchanted_item_glint"
			},
           "geometry": {
           "default": "geometry.player.nv_goggles"
            },
			"scripts": {
				"parent_setup": "variable.helmet_layer_visible = 0.0;"
			},
			"render_controllers": [
				"controller.render.armor"
			]
		}
	}
}