{
    "format_version": "1.8.0",
    "animations": {
        "animation.92reload": {
            "loop":"hold_on_last_frame",
            "animation_length": 2.6,
            "timeline": {
                "0.010": "/clear @s addon:92 0 1",
                "0.011": "/clear @s addon:92_empty 0 1",
                "0.012": "/clear @s addon:92_ammo 0 1",
                "0.013": "/replaceitem entity @s slot.weapon.mainhand 0 addon:b92_reload",
                "0.0783": "/playsound addon.pm_1 @a[r=10] ~~1.6~0.4 ",
                "1.1783": "/playsound addon.pm_2 @a[r=10] ~~1.6~0.4 ",
                "1.5833": "/playsound addon.pm_3 @a[r=10] ~~1.6~0.4 ",
                "1.999999":"/scoreboard players set @s 92 0",
                "2.0": "/clear @s addon:92_reload 0 1",
                "2.01": "/replaceitem entity @s slot.weapon.mainhand 0 addon:b92"
            }
        }
    }
}