{
    "format_version": "1.8.0",
    "animations": {
        "animation.aks74reload": {
            "loop":"hold_on_last_frame",
            "animation_length": 3.172,
            "timeline": {
                "0.010": "/clear @s addon:aks74 0 1",
                "0.011": "/clear @s addon:aks74_empty 0 1",
                "0.012": "/clear @s addon:aks74_ammo 0 1",
                "0.013": "/replaceitem entity @s slot.weapon.mainhand 0 addon:aks74_reload",
                "0.478": "/playsound addon.vihod @a[r=10] ~~1.6~0.4 ",
                "1.96": "/playsound addon.vhod @a[r=10] ~~1.6~0.4 ",
                "3.1": "/playsound addon.zatvor@a[r=10] ~~1.6~0.4 ",
                "3.1717":"/scoreboard players set @s aks74 0",
                "3.1718": "/clear @s addon:aks74_reload 0 1",
                "3.1719": "/replaceitem entity @s slot.weapon.mainhand 0 addon:aks74"
            }
        }
    }
}