{
    "format_version": "1.8.0",
    "animations": {
        "animation.m24reload": {
            "loop":"hold_on_last_frame",
            "animation_length": 2.72,
            "timeline": {
                "0.010": "/clear @s addon:m24 0 1",
                "0.011": "/clear @s addon:m24_empty 0 1",
                "0.012": "/clear @s addon:m24_ammo 0 1",
                "0.013": "/replaceitem entity @s slot.weapon.mainhand 0 addon:m24_reload",
                "0.3617": "/playsound addon.open @a[r=10] ~~1.6~0.4 ",
                "0.8583": "/playsound addon.vihod @a[r=10] ~~1.6~0.4 ",
                "2.0667": "/playsound addon.vhod @a[r=10] ~~1.6~0.4 ",
                "2.0": "/playsound addon.close @a[r=10] ~~1.6~0.4 ",
                "2.71":"/scoreboard players set @s m24 0",
                "2.711": "/clear @s addon:m24_reload 0 1",
                "2.7111": "/replaceitem entity @s slot.weapon.mainhand 0 addon:m24"
            }
        }
    }
}