{
    "format_version": "1.8.0",
    "animations": {
        "animation.mp5reload": {
            "loop":"hold_on_last_frame",
            "animation_length": 3.11,
            "timeline": {
                "0.010": "/clear @s addon:mp5 0 1",
                "0.011": "/clear @s addon:mp5_empty 0 1",
                "0.012": "/clear @s addon:mp5_ammo 0 1",
                "0.013": "/replaceitem entity @s slot.weapon.mainhand 0 addon:mp5_reload",
                "0.25": "/playsound addon.mp5_1 @a[r=10] ~~1.6~0.4 ",
                "0.5": "/playsound addon.vihod @a[r=10] ~~1.6~0.4 ",
                "2.0": "/playsound addon.vhod @a[r=10] ~~1.6~0.4 ",
                "2.65": "/playsound addon.mp5_2 @a[r=10] ~~1.6~0.4 ",
                "2.999999":"/scoreboard players set @s mp5 0",
                "3.0": "/clear @s addon:mp5_reload 0 1",
                "3.01": "/replaceitem entity @s slot.weapon.mainhand 0 addon:mp5"
            }
        }
    }
}