{
  "format_version": "1.10.0",
  "animation_controllers": {
    "controller.animation.m1a2_weapon": {
      "states": {
        "default": {
          "transitions": [
            {
              "shoot": "query.get_equipped_item_name=='120mm"
            },
            {
              "machinegun": "query.get_equipped_item_name=='12.7x108ammo'"
            }
          ]
        },
        "shoot": {
          "transitions": [
            {
              "default": "1.0"
            }
          ],
          "on_entry": ["@s m1a2:shoot"],
          "on_exit": [
            "/execute @e[type=tank:m1a2, tag=riding] ~ ~ ~ replaceitem entity @s slot.weapon.mainhand 0 air"
          ]
        },
        "machinegun": {
          "transitions": [
            {
              "default": "1.0"
            }
          ],
          "on_entry": ["@s m1a2:machinegun"],
          "on_exit": [
            "/execute @e[type=tank:m1a2, tag=riding] ~ ~ ~ replaceitem entity @s slot.weapon.mainhand 0 air"
          ]
        }
      }
    },
    "controller.animation.m1a2_mechanic": {
      "states": {
        "default": {
          "transitions": [
            {
              "working": "query.has_rider"
            },
            {
              "remove": "!query.has_rider"
            }
          ]
        },
        "working": {
          "on_entry": ["/execute @s ~ ~ ~ tag @s add riding"],
          "transitions": [
            {
              "default": "1.0"
            }
          ]
        },
        "remove": {
          "on_entry": ["/execute @s ~ ~ ~ tag @s remove riding"],
          "transitions": [
            {
              "default": "1.0"
            }
          ]
        }
      }
    }
  }
}
