{
	"pools": [
		{
			"rolls": 1,
			"entries": [
				{
					"type": "item",
					"name": "bridge:baseball_bat"
				},
				{
					"type": "item",
					"name": "bridge:baseball_bat_nailed"
				},
				{
					"type": "item",
					"name": "bridge:lead_tube"
				},
				{
					"type": "item",
					"name": "bridge:hammer"
				},
				{
					"type": "item",
					"name": "bridge:sledgehammer"
				},
				{
					"type": "item",
					"name": "bridge:tire_iron"
				},
				{
					"type": "item",
					"name": "bridge:screwdriver"
				},
				{
					"type": "item",
					"name": "bridge:wrench"
				},
				{
					"type": "item",
					"name": "bridge:crowbar"
				},
				{
					"type": "item",
					"name": "bridge:shovel"
				},
				{
					"type": "item",
					"name": "bridge:hatchet"
				},
				{
					"type": "item",
					"name": "bridge:splitting_axe"
				},
				{
					"type": "item",
					"name": "bridge:firefighter_axe"
				},
				{
					"type": "item",
					"name": "bridge:kitchen_knife"
				},
				{
					"type": "item",
					"name": "bridge:machete"
				},
				{
					"type": "item",
					"name": "bridge:canned_bacon"
				},
				{
					"type": "item",
					"name": "bridge:canned_baked_beans"
				},
				{
					"type": "item",
					"name": "bridge:canned_peaches"
				},
				{
					"type": "item",
					"name": "bridge:canned_sardines"
				},
				{
					"type": "item",
					"name": "bridge:canned_spaghetti"
				},
				{
					"type": "item",
					"name": "bridge:canned_tuna"
				},
				{
					"type": "item",
					"name": "bridge:cereals"
				},
				{
					"type": "item",
					"name": "bridge:powdered_milk"
				},
				{
					"type": "item",
					"name": "bridge:rice"
				},
				{
					"type": "item",
					"name": "bridge:strawberry_jam"
				},
				{
					"type": "item",
					"name": "bridge:machete"
				},
				{
					"type": "item",
					"name": "bridge:machete"
				},
				{
					"type": "item",
					"name": "bridge:machete"
				},
				{
					"type": "item",
					"name": "bridge:capacete_moto",
					"functions": [
						{
							"function": "random_dye"
						}
					]
				},
				{
					"type": "item",
					"name": "bridge:hat_christmas"
				},
				{
					"type": "item",
					"name": "bridge:colhete_policia_transito"
				},
				{
					"type": "item",
					"name": "bridge:spit"
				},
				{
					"type": "item",
					"name": "bridge:pipsi"
				},
				{
					"type": "item",
					"name": "bridge:nota_cola"
				},
				{
					"type": "item",
					"name": "bridge:kvas"
				},
				{
					"type": "item",
					"name": "bridge:bottle_of_water"
				}
			]
		}
	]
}