{
	"format_version": "1.8.0",
	"animations": {
		"animation.item.svd_reload": {
			"loop": true,
			"animation_length": 3.0417,
			"bones": {
				"body": {
					"position": [0, 0, 0]
				},
				"leftArm": {
					"rotation": {
						"0.0": [0, 0, 0],
						"0.5": [-15, 0, 0],
						"2.0833": [-12.5, 0, 0],
						"2.375": [2.5, 0, 0],
						"2.8333": [-65, 0, 0],
						"3.0417": [0, 0, 0]
					},
					"position": {
						"0.0": [0, 0, -7.7],
						"0.25": [0, 0, -3.5],
						"0.375": [0, 0, -3.9],
						"0.5": [0, -2.375, -4.8],
						"0.8333": [0, -20.37, -6.8],
						"1.5833": [0, -20.37, -6.8],
						"1.8333": [2.5, -5.37, -6.8],
						"1.9167": [2.5, -5.37, -6.8],
						"2.3333": [-0.3, 2.08, -6.8],
						"2.375": [-1.615, 2.37, -6.95],
						"2.5833": [-0.05, -9.28, -7.725],
						"2.7083": [-0.05, -9.28, -4.02],
						"2.8333": [-0.05, -9.28, -7.02],
						"3.0417": [-1.05, 0.28, -7.02]
					}
				},
				"rightArm": {
					"rotation": {
						"0.0": [0, 0, 0],
						"0.5833": [0, 0, 12.5],
						"1.625": [0, 0, 12.5],
						"2.125": [0, 5, -40],
						"2.7917": [0, 5, -40],
						"3.0417": [0, 7.5, 0]
					}
				},
				"gun": {
					"rotation": {
						"0.0": [0, 0, 0],
						"0.2083": [0, 0, 0],
						"0.3333": [-2.5, 0, 0],
						"0.4167": [-7.5, 0, 0],
						"0.75": [0, 0, 0],
						"1.6667": [0, 0, 0],
						"1.7917": [2.5, 0, 0],
						"1.9167": [0, 0, 0],
						"2.125": [0, 0, 0],
						"2.375": [0, 0, 0],
						"2.625": [5, 0, 0],
						"2.8333": [0, 0, 0]
					}
				},
				"zatvor": {
					"position": {
						"2.5833": [0, 0, 0],
						"2.7083": [0, 0, 3],
						"2.8333": [0, 0, 0]
					}
				},
				"ammo": {
					"rotation": {
						"0.25": [0, 0, 0],
						"0.375": [15, 0, 0],
						"1.7917": [12.86, 0, 0],
						"1.8333": [2.5, 0, 0]
					},
					"position": {
						"0.375": [0, -0.45, 0.2],
						"0.8333": [0, -0.45, -8.8],
						"1.5833": [0, -0.45, -8.8],
						"1.8333": [0, -0.45, 0.2]
					}
				},
				"gilza": {
					"rotation": [-15, 0, 0],
					"position": {
						"0.0": [0, 1, 108],
						"1.5833": [-2.9, -10.425, -3.3],
						"1.8333": [0.075, -1.42, -3.3]
					}
				}
			}
		}
	}
}