{
	"format_version": "1.8.0",
	"animations": {
		"animation.item.svd_1_aim": {
			"loop": true,
			"animation_length": 0.04,
			"bones": {
				"leftArm": {
					"rotation": [0, 0, 0],
					"position": [-6.5, 3.5, -8]
				},
				"rightArm": {
					"rotation": [3, -7, 5],
					"position": [-6.25, 3, -8]
				},
				"gun": {
					"rotation": [0, 0, 0],
					"position": [0, 0, 0]
				}
			}
		},
		"animation.item.svd_aim": {
			"loop": true,
			"animation_length": 0.04,
			"bones": {
				"leftArm": {
				"rotation": [0, 0, 0],
				"position": [-7.1, 1.5, -8]
				},
				"rightArm": {
				"rotation": [3, -7, 5],
				"position": [-6.38, 1.85, -7]
				},
				"gun": {
					"rotation": [0, 0, 0],
					"position": [0, 0, 0]
					},
				"base": {
					"rotation": [0, 0, 0],
					"position": [0, 0, -400]
					},
				"bone4": {
				"rotation": [0, 0, 0],
				"position": [48, 0, 0],
				"scale": [0, 1, 1]
					}
				}
			}
		}
	}
}