{
	"format_version": "1.8.0",
	"animations": {
		"animation.item.svd_shoot": {
			"loop": true,
			"animation_length": 0.08333,
			"bones": {
				"body": {
					"position": {
						"0.0": [0, 0, 0],
						"0.0417": [0, 0, 3],
						"0.0833": [0, 0, 0]
					}
				},
				"gun": {
					"position": [0, 0, 0]
				},
				"bone": {
					"position": {
						"0.0": [0, 0, 0],
						"0.0417": [3, 0, 0],
						"0.0833": [0, 0, 0]
					}
				},
				"patron": {
					"position": {
						"0.0": [0, 0, 0],
						"0.0417": [0, -4, 2],
						"0.0833": [0, -21, -3]
					}
				}
			}
		}
	}
}