{
  "format_version": "1.16.0",
  "minecraft:entity": {
    "description": {
      "identifier": "addon:rocket_rpg",
      "is_spawnable": false,
      "is_summonable": false,
      "is_experimental": false,
      "runtime_identifier": "minecraft:egg"
    },
    "component_groups": {
      "addon:rocket": {
				"minecraft:projectile": {
					"onHit": {
						"definition_event": {
							"affectProjectile": true,
							"eventTrigger": {
								"event": "minecraft:explode",
								"target": "self"
							}
						}
					},
					"power": 1.5,
					"anchor": 1,
					"offset": [
						0,
						0,
						0
					],
					"liquid_inertia": 1.5,
					"gravity": 0,
					"angleoffset": 0
				}
      },
      "minecraft:exploding": {
        "minecraft:is_baby": {},
        "minecraft:explode": {
          "fuseLength": 0,
          "fuseLit": true,
          "power": 5
        }
      }
    },
    "components": {
      "minecraft:type_family": {
        "family": [
          "rocket"
        ]
      },
      "minecraft:collision_box": {
        "width": 0.01,
        "height": 0.01
      },
      "minecraft:explode": {
        "fuseLength": 3,
        "fuseLit": true,
        "power": 5
      },
      "minecraft:spawn_entity": {
        "entities": [
          {
            "min_wait_time": 0,
            "max_wait_time": 0,
            "single_use": true,
            "spawn_entity": "xx:xx",
            "spawn_sound": "purr",
            "num_to_spawn": 1
          }
        ]
      },
      "minecraft:projectile": {
        "onHit": {
          "definition_event": {
            "affectProjectile": true,
            "eventTrigger": {
              "event": "minecraft:explode",
              "target": "self"
            }
          }
        },
        "power": 1.5,
				"liquid_inertia": 1.5,
        "gravity": 0,
        "angleoffset": 0
      },
      "minecraft:pushable": {
        "is_pushable": false,
        "is_pushable_by_piston": true
      },
      "minecraft:physics": {}
    },
    "events": {
      "minecraft:explode": {
        "add": {
          "component_groups": [
            "minecraft:exploding"
          ]
        }
      },
      "minecraft:entity_spawned": {
        "sequence": [
          {
            "filters": {
							"test": "is_family",
							"subject": "other",
							"value": "rocket"
						},
            "add": {
              "component_groups": [
                "addon:rocket"
              ]
            }
          }
        ]
      }
    }
  }
}