{
  "format_version": "1.16.0",
  "minecraft:entity": {
    "description": {
      "identifier": "drop:m4",
      "is_spawnable": false,
      "is_summonable": true,
      "is_experimental": false
    },
    "component_groups": {
      "dead": {
        "minecraft:transformation": {
          "into": "drop:get_m4",
          "delay": 0.0
        }
      }
    },
    "components": {
      "minecraft:variant": {
        "value": 0
      },
      "minecraft:knockback_resistance": {
        "value": 1.0
      },
      "minecraft:health": {
        "value": 1,
        "max": 1
      },
      "minecraft:collision_box": {
        "width": 0.85,
        "height": 1.5
      },
      "minecraft:type_family": {
        "family": [ "drops", "alive" ]
      },
      "minecraft:movement": {
        "value": 0.0
      },
      "minecraft:navigation.walk": {
        "can_path_over_water": true,
        "avoid_damage_blocks": true
      },
      "minecraft:movement.basic": {
      },
      "minecraft:jump.static": {
      },
      "minecraft:can_climb": {
      },
      "minecraft:behavior.random_stroll": {
        "priority": 6,
        "speed_multiplier": 1.0
      },
      "minecraft:physics": {
      },
      "minecraft:damage_sensor": {
        "triggers": [
          {
            "on_damage": {
              "filters": {
                "any_of": [
                  {"test": "is_family", "subject": "other", "value": "player"},
                  {"test": "has_ability", "subject": "other", "value": "instabuild"}
                ],
                "all_of": [
                  {"test": "has_damage", "value": "fatal"}
                ]
              },
              "event": "dead"
            }
          }
        ]
      },
      "minecraft:pushable": {
        "is_pushable": false,
        "is_pushable_by_piston": false
      }
    },
    "events": {
      "dead": {
        "add": {
          "component_groups": [
            "dead"
          ]
        }
      }
    }
  }
}
