{
	"format_version": "1.8.0",
	"animations": {
		"animation.item.as" : {
			"loop" : true,
			"bones" : {
				"rightItem" : {
					"position": [ 0, -800, 0]
				},
				"rightArm": {
				    "position" : ["variable.is_first_person?-1:0", "variable.is_first_person?7:0", "variable.is_first_person?-7:0"],
					"rotation": ["variable.is_first_person?-10:0", "variable.is_first_person?60:0", "variable.is_first_person?60:0"]
				},
				"leftArm": {
				    "position" : ["variable.is_first_person?-3.5:0", "variable.is_first_person?-1.5:0", "variable.is_first_person?10:0"],
					"rotation": ["variable.is_first_person?90:0", "variable.is_first_person?-10:0", "variable.is_first_person?180:0"],
				    "scale": ["variable.is_first_person?1:0", "variable.is_first_person?2:0", "variable.is_first_person?1:0"]
				},
				"gun" : {
				    "position" : ["variable.is_first_person?-1:0", "variable.is_first_person?3:0", "variable.is_first_person?1:0"],
				    "rotation": ["variable.is_first_person?0:0", "variable.is_first_person?0:0", "variable.is_first_person?7.5:0"],
				    "scale" : 1.4
				}
			}
		}
	}
}
