{
	"format_version": "1.8.0",
	"animations": {
		"animation.item.as_shoot": {
			"loop": true,
			"animation_length": 0.125,
			"bones": {
				"body": {
					"position": {
						"0.0": [0, 0, 0],
						"0.0417": [0, 0, 2],
						"0.125": [0, 0, 0]
					}
				},
				"zatvor": {
					"position": {
						"0.0": [0, 0, 0],
						"0.0833": [-1.6, 0, 0],
						"0.125": [0, 0, 0]
					}
				},
				"patron": {
					"position": {
						"0.0": [0, 0, 0],
						"0.0833": [0, 0, -1.4],
						"0.125": [0, -8, -8.4]
					}
				}
			}
		}
	}
}