{
	"format_version": "1.8.0",
	"animations": {
		"animation.item.vss_aim": {
			"loop": true,
			"animation_length": 0.04,
			"bones": {
			"body": {
			"position": [0.75, 1.65, -3.5]
			},
				"leftArm": {
			"rotation": [0, 0, 0],
			"position": [-6.8, -1.5, -6]
				},
				"rightArm": {
				"rotation": [3, -7, 5],
				"position": [-6.665, 1.5, -4]
				},
				"gun": {
			"rotation": [0, 0, 0],
			"position": [0, 0, 0]
			},
				"bone4": {
			"rotation": [0, 0, 0],
			"position": [0, 0, 400]
			},
				"base": {
			"rotation": [0, 0, 0],
			"position": [0, 0, 400]
			}
			}
		},
			"animation.item.vss_1_aim": {
			"loop": true,
			"animation_length": 0.04,
			"bones": {
			"body": {
			"position": [1.3, 1.7, -3.5]
			},
				"leftArm": {
					"rotation": [0, 0, 0],
					"position": [-8, 2.5, -8]
				},
				"rightArm": {
			"rotation": [3, -7, 5],
			"position": [-7.05, 1.85, -8]
				},
				"gun": {
					"rotation": [0, 0, 0],
					"position": [0.35, 0, 0]
					}
				}
			}
		}
	}
}