{
  "format_version": "1.10.0",
  "animation_controllers": {
	"controller.animation.item.shoot": {
    "states": {
    "default": {
    "transitions": [
		{ "rem_acr": "query.get_equipped_item_name('main_hand') == 'rem_acr' && query.is_using_item && variable.is_first_person" },
		{ "akm": "query.get_equipped_item_name('main_hand') == 'akm' && query.is_using_item && variable.is_first_person" },
		{ "akmt": "query.get_equipped_item_name('main_hand') == 'akmt' && query.is_using_item && variable.is_first_person" },
		{ "as_val": "query.get_equipped_item_name('main_hand') == 'as_val' && query.is_using_item && variable.is_first_person" },
		{ "ar15": "query.get_equipped_item_name('main_hand') == 'ar15' && query.is_using_item && variable.is_first_person" },
		{ "awm": "query.get_equipped_item_name('main_hand') == 'awm' && !query.is_sneaking && query.is_using_item && variable.is_first_person" },
		{ "awm_aim": "query.get_equipped_item_name('main_hand') == 'awm' && query.is_sneaking && query.is_using_item && variable.is_first_person" },
		{ "bizon": "query.get_equipped_item_name('main_hand') == 'bizon' && query.is_using_item && variable.is_first_person" },
		{ "deagle": "query.get_equipped_item_name('main_hand') == 'deagle' && !query.is_sneaking && query.is_using_item && variable.is_first_person" },
		{ "deagle_aim": "query.get_equipped_item_name('main_hand') == 'deagle' && query.is_sneaking && query.is_using_item && variable.is_first_person" },
		{ "famas": "query.get_equipped_item_name('main_hand') == 'famas' && query.is_using_item && variable.is_first_person" },
		{ "glock": "query.get_equipped_item_name('main_hand') == 'glock' && !query.is_sneaking && query.is_using_item && variable.is_first_person" },
		{ "glock_aim": "query.get_equipped_item_name('main_hand') == 'glock' && query.is_sneaking && query.is_using_item && variable.is_first_person" },
		{ "kar98k": "query.get_equipped_item_name('main_hand') == 'kar98k' && !query.is_sneaking && query.is_using_item && variable.is_first_person" },
		{ "kar98k_aim": "query.get_equipped_item_name('main_hand') == 'kar98k' && query.is_sneaking && query.is_using_item && variable.is_first_person" },
		{ "ks23": "query.get_equipped_item_name('main_hand') == 'ks23' && !query.is_sneaking && query.is_using_item && variable.is_first_person" },
		{ "ks23_aim": "query.get_equipped_item_name('main_hand') == 'ks23' && query.is_sneaking && query.is_using_item && variable.is_first_person" },
		{ "m4a1": "query.get_equipped_item_name('main_hand') == 'm4a1' && query.is_using_item && variable.is_first_person" },
		{ "m4a4": "query.get_equipped_item_name('main_hand') == 'm4a4' && query.is_using_item && variable.is_first_person" },
		{ "m16a1": "query.get_equipped_item_name('main_hand') == 'm16a1' && query.is_using_item && variable.is_first_person" },
		{ "m24": "query.get_equipped_item_name('main_hand') == 'm24' && !query.is_sneaking && query.is_using_item && variable.is_first_person" },
		{ "m24_aim": "query.get_equipped_item_name('main_hand') == 'm24' && query.is_sneaking && query.is_using_item && variable.is_first_person" },
		{ "m249": "query.get_equipped_item_name('main_hand') == 'm249' && query.is_using_item && variable.is_first_person" },
		{ "m357": "query.get_equipped_item_name('main_hand') == 'm357' && !query.is_sneaking && query.is_using_item && variable.is_first_person" },
		{ "m357_aim": "query.get_equipped_item_name('main_hand') == 'm357' && query.is_sneaking && query.is_using_item && variable.is_first_person" },
		{ "mac10": "query.get_equipped_item_name('main_hand') == 'mac10' && query.is_using_item && variable.is_first_person" },
		{ "mk18": "query.get_equipped_item_name('main_hand') == 'mk18' && query.is_using_item && variable.is_first_person" },
		{ "p90": "query.get_equipped_item_name('main_hand') == 'p90' && query.is_using_item && variable.is_first_person" },
		{ "remington700": "query.get_equipped_item_name('main_hand') == 'remington700' && !query.is_sneaking && query.is_using_item && variable.is_first_person" },
		{ "remington700_aim": "query.get_equipped_item_name('main_hand') == 'remington700' && query.is_sneaking && query.is_using_item && variable.is_first_person" },
		{ "s686": "query.get_equipped_item_name('main_hand') == 's686' && !query.is_sneaking && query.is_using_item && variable.is_first_person" },
		{ "s686_aim": "query.get_equipped_item_name('main_hand') == 's686' && query.is_sneaking && query.is_using_item && variable.is_first_person" },
		{ "sawedoff": "query.get_equipped_item_name('main_hand') == 'sawedoff' && !query.is_sneaking && query.is_using_item && variable.is_first_person" },
		{ "sawedoff_aim": "query.get_equipped_item_name('main_hand') == 'sawedoff' && query.is_sneaking && query.is_using_item && variable.is_first_person" },
		{ "scar": "query.get_equipped_item_name('main_hand') == 'scar' && query.is_using_item && variable.is_first_person" },
		{ "shotgun": "query.get_equipped_item_name('main_hand') == 'shotgun' && !query.is_sneaking && query.is_using_item && variable.is_first_person" },
		{ "shotgun_aim": "query.get_equipped_item_name('main_hand') == 'shotgun' && query.is_sneaking && query.is_using_item && variable.is_first_person" },
		{ "tec9": "query.get_equipped_item_name('main_hand') == 'tec9' && !query.is_sneaking && query.is_using_item && variable.is_first_person" },
		{ "tec9_aim": "query.get_equipped_item_name('main_hand') == 'tec9' && query.is_sneaking && query.is_using_item && variable.is_first_person" },
		{ "ump45": "query.get_equipped_item_name('main_hand') == 'ump45' && query.is_using_item && variable.is_first_person" },
		{ "usp": "query.get_equipped_item_name('main_hand') == 'usp' && !query.is_sneaking && query.is_using_item && variable.is_first_person" },
		{ "usp_aim": "query.get_equipped_item_name('main_hand') == 'usp' && query.is_sneaking && query.is_using_item && variable.is_first_person" },
		{ "vector": "query.get_equipped_item_name('main_hand') == 'vector' && query.is_using_item && variable.is_first_person" }
		  ]
        },
        "rem_acr": {
        "animations": [ "rem_acr_shoot" ],
        "transitions": [
        { "default": "query.any_animation_finished" }
        ],
	"blend_transition": 0.1
        },
        "akm": {
        "animations": [ "akm_shoot" ],
        "transitions": [
        { "default": "query.any_animation_finished" }
        ],
	"blend_transition": 0.1
        },
        "akmt": {
        "animations": [ "akmt_shoot" ],
        "transitions": [
        { "default": "query.any_animation_finished" }
        ],
	"blend_transition": 0.1
        },
        "as_val": {
        "animations": [ "as_val_shoot" ],
        "transitions": [
        { "default": "query.any_animation_finished" }
        ],
	"blend_transition": 0.1
        },
        "ar15": {
        "animations": [ "ar15_shoot" ],
        "transitions": [
        { "default": "query.any_animation_finished" }
        ],
	"blend_transition": 0.1
        },
        "awm": {
        "animations": [ "awm_shoot" ],
        "transitions": [
        { "default": "query.any_animation_finished" }
        ],
	"blend_transition": 0.1
        },
        "awm_aim": {
        "animations": [ "awm_shoot_aim" ],
        "transitions": [
        { "default": "query.any_animation_finished" }
        ],
	"blend_transition": 0.1
        },
        "bizon": {
        "animations": [ "bizon_shoot" ],
        "transitions": [
        { "default": "query.any_animation_finished" }
        ],
	"blend_transition": 0.1
        },
        "deagle": {
        "animations": [ "deagle_shoot" ],
        "transitions": [
        { "default": "query.any_animation_finished" }
        ],
	"blend_transition": 0.1
        },
        "deagle_aim": {
        "animations": [ "deagle_shoot_aim" ],
        "transitions": [
        { "default": "query.any_animation_finished" }
        ],
	"blend_transition": 0.1
        },
        "famas": {
        "animations": [ "famas_shoot" ],
        "transitions": [
        { "default": "query.any_animation_finished" }
        ],
	"blend_transition": 0.1
        },
        "glock": {
        "animations": [ "glock_shoot" ],
        "transitions": [
        { "default": "query.any_animation_finished" }
        ],
	"blend_transition": 0.1
        },
        "glock_aim": {
        "animations": [ "glock_shoot_aim" ],
        "transitions": [
        { "default": "query.any_animation_finished" }
        ],
	"blend_transition": 0.1
        },
        "kar98k": {
        "animations": [ "kar98k_shoot" ],
        "transitions": [
        { "default": "query.any_animation_finished" }
        ],
	"blend_transition": 0.1
        },
        "kar98k_aim": {
        "animations": [ "kar98k_shoot_aim" ],
        "transitions": [
        { "default": "query.any_animation_finished" }
        ],
	"blend_transition": 0.1
        },
        "ks23": {
        "animations": [ "ks23_shoot" ],
        "transitions": [
        { "default": "query.any_animation_finished" }
        ],
	"blend_transition": 0.1
        },
        "ks23_aim": {
        "animations": [ "ks23_shoot_aim" ],
        "transitions": [
        { "default": "query.any_animation_finished" }
        ],
	"blend_transition": 0.1
        },
        "m4a1": {
        "animations": [ "m4a1_shoot" ],
        "transitions": [
        { "default": "query.any_animation_finished" }
        ],
	"blend_transition": 0.1
        },
        "m4a4": {
        "animations": [ "m4a4_shoot" ],
        "transitions": [
        { "default": "query.any_animation_finished" }
        ],
	"blend_transition": 0.1
        },
        "m16a1": {
        "animations": [ "m16a1_shoot" ],
        "transitions": [
        { "default": "query.any_animation_finished" }
        ],
	"blend_transition": 0.1
        },
        "m24": {
        "animations": [ "m24_shoot" ],
        "transitions": [
        { "default": "query.any_animation_finished" }
        ],
	"blend_transition": 0.1
        },
        "m24_aim": {
        "animations": [ "m24_shoot_aim" ],
        "transitions": [
        { "default": "query.any_animation_finished" }
        ],
	"blend_transition": 0.1
        },
        "m249": {
        "animations": [ "m249_shoot" ],
        "transitions": [
        { "default": "query.any_animation_finished" }
        ],
	"blend_transition": 0.1
        },
        "mac10": {
        "animations": [ "mac10_shoot" ],
        "transitions": [
        { "default": "query.any_animation_finished" }
        ],
	"blend_transition": 0.1
        },
        "m357": {
        "animations": [ "m357_shoot" ],
        "transitions": [
        { "default": "query.any_animation_finished" }
        ],
	"blend_transition": 0.1
        },
        "m357_aim": {
        "animations": [ "m357_shoot_aim" ],
        "transitions": [
        { "default": "query.any_animation_finished" }
        ],
	"blend_transition": 0.1
        },
        "p90": {
        "animations": [ "p90_shoot" ],
        "transitions": [
        { "default": "query.any_animation_finished" }
        ],
	"blend_transition": 0.1
        },
        "remington700": {
        "animations": [ "remington700_shoot" ],
        "transitions": [
        { "default": "query.any_animation_finished" }
        ],
	"blend_transition": 0.1
        },
        "remington700_aim": {
        "animations": [ "remington700_shoot_aim" ],
        "transitions": [
        { "default": "query.any_animation_finished" }
        ],
	"blend_transition": 0.1
        },
        "s686": {
        "animations": [ "s686_shoot" ],
        "transitions": [
        { "default": "query.any_animation_finished" }
        ],
	"blend_transition": 0.1
        },
        "s686_aim": {
        "animations": [ "s686_shoot_aim" ],
        "transitions": [
        { "default": "query.any_animation_finished" }
        ],
	"blend_transition": 0.1
        },
        "sawedoff": {
        "animations": [ "sawedoff_shoot" ],
        "transitions": [
        { "default": "query.any_animation_finished" }
        ],
	"blend_transition": 0.1
        },
        "sawedoff_aim": {
        "animations": [ "sawedoff_shoot_aim" ],
        "transitions": [
        { "default": "query.any_animation_finished" }
        ],
	"blend_transition": 0.1
        },
        "scar": {
        "animations": [ "scar_shoot" ],
        "transitions": [
        { "default": "query.any_animation_finished" }
        ],
	"blend_transition": 0.1
        },
        "shotgun": {
        "animations": [ "shotgun_shoot" ],
        "transitions": [
        { "default": "query.any_animation_finished" }
        ],
	"blend_transition": 0.1
        },
        "shotgun_aim": {
        "animations": [ "shotgun_shoot_aim" ],
        "transitions": [
        { "default": "query.any_animation_finished" }
        ],
	"blend_transition": 0.1
        },
        "tec9": {
        "animations": [ "tec9_shoot" ],
        "transitions": [
        { "default": "query.any_animation_finished" }
        ],
	"blend_transition": 0.1
        },
        "tec9_aim": {
        "animations": [ "tec9_shoot_aim" ],
        "transitions": [
        { "default": "query.any_animation_finished" }
        ],
	"blend_transition": 0.1
        },
        "ump45": {
        "animations": [ "ump45_shoot" ],
        "transitions": [
        { "default": "query.any_animation_finished" }
        ],
	"blend_transition": 0.1
        },
        "usp": {
        "animations": [ "usp_shoot" ],
        "transitions": [
        { "default": "query.any_animation_finished" }
        ],
	"blend_transition": 0.1
        },
        "usp_aim": {
        "animations": [ "usp_shoot_aim" ],
        "transitions": [
        { "default": "query.any_animation_finished" }
        ],
	"blend_transition": 0.1
        },
        "vector": {
        "animations": [ "vector_shoot" ],
        "transitions": [
        { "default": "query.any_animation_finished" }
        ],
	"blend_transition": 0.1
        }
      }
    }
  }
}
