{
  "format_version": "1.10.0",
  "animation_controllers": {
    "controller.animation.rpk_empty": {
      "initial_state": "default",
      "states": {
        "default": {
          "transitions": [
            {
              "eq": "query.get_equipped_item_name == 'rpk_emp'"
            }
          ]
        },
        "eq": {
          "transitions": [
            {
              "default": "query.get_equipped_item_name == 'rpk_emp'"
            }
          ],
          "on_entry": [
            "/function ammo/rpk_empty"
          ]
        }
      }
    }
  }
}
