
{
    "format_version": "1.10.0",
    "animation_controllers": {
        "controller.animation.rpk_reload": {
            "initial_state": "default",
            "states": {
                "default": {
                    "transitions": [
                        {
                            "rpk_reload": "query.get_equipped_item_name == 'rpk_ammo' && query.is_using_item"
                        }
                    ]
                },
                "rpk_reload": {
                    "animations":["rpk_reload"],
                    "transitions": [
                        {
                           "default":"query.all_animations_finished"
                        }
                     ]
                }
            }
        }
    }
}
