{
	"format_version": "1.8.0",
	"animations": {
		"animation.third_person.aug_reload": {
			"loop": "hold_on_last_frame",
			"animation_length": 4.5,
			"bones": {
				"leftArm": {
					"rotation": {
						"0.0": [-80, 25, 0],
						"0.4167": [-75, 65, 0],
						"0.6667": [-75, 65, 0],
						"0.75": [-80, 65, 0],
						"0.9167": [-60, 65, 0],
						"1.1667": [-60, -45, -10],
						"1.25": [-60, -30, -10],
						"1.3333": [-60, -32.5, -10],
						"1.8333": [20, 2.5, 2.5],
						"2.25": [25, 2.5, 2.5],
						"2.5": [-80, 65, 0],
						"2.5833": [-75, 65, 0],
						"3.5": [-75, 35, 0],
						"3.6667": [-80, 35, 0],
						"3.8333": [-75, 35, 0],
						"4.5": [-80, 25, 0]
					},
					"position": {
						"0.0": [-1, 0, -2],
						"0.4167": [-1, 0, -2],
						"0.75": [-1, 0, -2],
						"0.9167": [-1, 0, -2],
						"1.1667": [0.5, 0, -1.5],
						"1.8333": [0, 0, 0.5],
						"2.25": [0, 0.5, 0],
						"2.5": [-1, 0, -2],
						"3.5": [-1, 0, -2.5],
						"3.6667": [-1, 0, 0],
						"3.8333": [-1, 0, -2.5],
						"4.5": [-1, 0, -2]
					}
				},
				"rightArm": {
					"rotation": {
						"0.0": [-70, -30, 0],
						"0.4167": [-97.5, 15, -12.5],
						"0.75": [-97.5, 15, -12.5],
						"0.7917": [-100, 15, -10],
						"0.9167": [-97.5, 15, -12.5],
						"2.5": [-97.5, 15, -12.5],
						"3.5": [-55, 2.5, 0],
						"3.8333": [-55, 2.5, 0],
						"4.5": [-70, -30, 0]
					},
					"position": {
						"0.0": [0, 0, 1.5],
						"0.4167": [0.5, 0, -1.5],
						"0.75": [0.5, 0, -1.5],
						"0.7917": [0.5, 0, -1.5],
						"0.9167": [0.5, 0, -1.5],
						"2.5": [0.5, 0, -1.5],
						"2.5833": [0.5, 0, -1.5],
						"3.5": [0.5, -0.5, 2],
						"3.8333": [0.5, -0.5, 2],
						"4.5": [0, 0, 1.5]
					}
				},
				"aug": {
					"rotation": {
						"0.0": [0, 0, 0],
						"0.4167": [0, 0, 0],
						"2.4583": [0, 0, 0],
						"2.5417": [5, 0, 0],
						"2.625": [0, 0, 0],
						"3.5833": [0, 0, 0],
						"4.5": [0, 0, 0]
					},
					"position": {
						"0.0": [0, 1, -0.1],
						"0.4167": [2, 1, -0.1],
						"3.5833": [2, 1, -0.1],
						"3.6667": [2, 1.5, -0.1],
						"3.8333": [2, 1, -0.1],
						"4.5": [0, 1, -0.1]
					},
					"scale": 0.8
				},
				"body": {
					"rotation": {
						"0.0": [0, 30, 0],
						"0.4167": [0, 0, 0],
						"3.8333": [0, 0, 0],
						"4.5": [0, 30, 0]
					}
				},
				"ammo": {
					"rotation": {
						"0.0": [0, 0, 0],
						"0.75": [0, 0, 0],
						"0.8333": [27.5, 5, 0],
						"0.9167": [50, 0, 0],
						"1.1667": [50, 0, -47.5],
						"1.25": [50, -90, -47.5],
						"1.3333": [50, -182.5, -47.5],
						"1.8333": [-30, -12.5, -12.5],
						"2.25": [143.75, -12.5, -10.94],
						"2.4167": [81.88, -18.75, 24.53],
						"2.4583": [50, 0, 0],
						"2.5": [0, 0, 0]
					},
					"position": {
						"0.0": [0, 0, 0],
						"0.75": [0, 0, 0],
						"0.9167": [0, -2, 5.5],
						"0.9583": [3.5, -4.25, 5.92],
						"1.0417": [10.5, -4.05, 7.75],
						"1.0833": [14, -2.87, 7.83],
						"1.1667": [21, 2.5, 8],
						"1.25": [58, 2.5, 8],
						"1.3333": [75.5, 2.5, 45.5],
						"1.8333": [6.5, 18, 9],
						"2.25": [6.5, 16, 15],
						"2.2917": [7.25, 11.17, 15.83],
						"2.375": [5.08, 2.22, 13.39],
						"2.4167": [2.5, -0.75, 9.92],
						"2.4583": [0, -2, 5.5],
						"2.5": [0, 0, 0]
					},
					"scale": {
						"1.1667": [1, 1, 1],
						"1.3333": [0, 0, 0],
						"1.8333": [0, 0, 0],
						"2.2083": [0, 0, 0],
						"2.25": [1, 1, 1]
					}
				},
				"hole9": {
					"position": {
						"3.5": [0, 0, 0],
						"3.6667": [0, 0, 3.5],
						"3.8333": [0, 0, 0]
					}
				},
				"bullet": {
					"scale": {
						"0.7083": [1, 1, 1],
						"0.75": [0, 0, 0],
						"2.2083": [0, 0, 0]
					}
				},
				"head": {
					"rotation": {
						"0.0": [0, -30, 0],
						"0.4167": [0, 0, 0],
						"3.8333": [0, 0, 0],
						"4.5": [0, -30, 0]
					}
				}
			},
			"sound_effects": {
				"0.8333": {
					"effect": "aug.mag.out"
				},
				"2.5": {
					"effect": "aug.mag.in"
				},
				"3.5417": {
					"effect": "aug.bolt.back"
				},
				"3.7083": {
					"effect": "aug.bolt.forward"
				}
			}
		}
	}
}