{
	"format_version": "1.8.0",
	"animations": {
		"animation.third_person.makarov_reload": {
			"loop": "hold_on_last_frame",
			"animation_length": 2,
			"bones": {
				"leftArm": {
					"rotation": {
						"0.0": [-87.5, 37.5, 0],
						"0.2917": [12.5, 0, 0],
						"0.625": [20, 0, 10],
						"0.875": [10, 0, 2.5],
						"1.0833": [20, 0, 10],
						"1.3333": [-87.5, 37.5, -20],
						"1.7083": [-87.5, 37.5, -20],
						"2.0": [-87.5, 37.5, 0]
					},
					"position": {
						"0.0": [-1, 0, -1],
						"0.2917": [0, 0, 0],
						"0.625": [0, 0, 0],
						"1.0833": [0, 0, 0],
						"1.3333": [-2, 0, -2],
						"1.7083": [-2, 0, -2],
						"2.0": [-1, 0, -1]
					}
				},
				"rightArm": {
					"rotation": {
						"0.0": [-75, -15, 0],
						"0.2917": [-77.5, -15, -5],
						"0.5": [-82.5, -15, -5],
						"0.625": [-77.5, -15, -5],
						"0.8333": [-77.5, -15, -15],
						"1.3333": [-77.5, -15, -15],
						"1.4167": [-80, -15, -15],
						"1.5": [-73.75, -15, -15],
						"1.7083": [-77.5, -15, -5],
						"2.0": [-75, -15, 0]
					},
					"position": {
						"0.0": [1, 0, 0],
						"0.2917": [1, 0, -1],
						"1.7083": [1, 0, -1],
						"2.0": [1, 0, 0]
					}
				},
				"makarov": {
					"rotation": {
						"0.0": [0, 0, 15],
						"0.2917": [0, 0, 2.5],
						"1.5": [0, 0, 2.5],
						"1.7083": [0, 0, 15]
					},
					"position": [1, -1, -0.3],
					"scale": [0.7, 0.7, 0.7]
				},
				"slidebody": {
					"position": {
						"1.5833": [0, 0, 0],
						"1.7083": [0, 0, -3]
					}
				},
				"slidebodyA": {
					"position": {
						"1.5833": [0, 0, 0],
						"1.7083": [0, 0, 3]
					}
				},
				"ammo": {
					"rotation": {
						"0.5": [0, 0, 0],
						"0.625": [-20, 0, 7.5],
						"0.75": [-20, 0, 5],
						"1.0833": [100, 10, 25],
						"1.2083": [40, 35, 10],
						"1.25": [22.5, 47.5, 15],
						"1.3333": [0, 0, 0]
					},
					"position": {
						"0.5": [0, 0, 0],
						"0.75": [-8, -47, 0],
						"1.0833": [12, -12, 13],
						"1.1667": [10, -14.33, 5.67],
						"1.2083": [9, -14, 2],
						"1.25": [7, -12.33, -1.67],
						"1.2917": [1.5, -8.16, -0.83],
						"1.3333": [0, 0, 0]
					},
					"scale": {
						"0.7083": [1, 1, 1],
						"0.75": [0, 0, 0],
						"1.0417": [0, 0, 0],
						"1.0833": [1, 1, 1]
					}
				},
				"bullet": {
					"position": {
						"1.0417": [0, 0, 0],
						"1.0833": [0, 0.7, -0.3]
					}
				}
			},
			"sound_effects": {
				"0.625": {
					"effect": "makarov.mag.out"
				},
				"1.2917": {
					"effect": "makarov.futz"
				},
				"1.375": {
					"effect": "makarov.mag.in"
				},
				"1.7083": {
					"effect": "makarov.slide.forward"
				}
			}
		}
	}
}
