{
	"format_version": "1.8.0",
	"animations": {
		"animation.third_person.mp5k_reload": {
			"loop": true,
			"animation_length": 4.75,
			"bones": {
				"leftArm": {
					"rotation": {
						"0.0": [-90, 17.5, 0],
						"0.2083": [-115, 17.5, 0],
						"0.4167": [-115, 10, -12.5],
						"0.625": [-115, 25, -12.5],
						"0.75": [-120, 30, -2.5],
						"1.0": [-85, 40, -2.5],
						"1.3333": [-85, 40, -2.5],
						"1.7083": [-85, 52.5, -2.5],
						"2.0": [-85, 52.5, -47.5],
						"2.1667": [-85, -25, 2.5],
						"2.25": [-85, -17.5, 2.5],
						"2.3333": [-85, -26.25, 2.5],
						"2.4167": [-85, -25, 2.5],
						"2.75": [10, -10, 0],
						"2.9167": [10, -10, 0],
						"3.125": [-85, 52.5, -2.5],
						"3.6667": [-120, 45, 22.5],
						"3.7917": [-120, 22.5, -30],
						"4.2083": [-90, 22.5, -10],
						"4.75": [-90, 17.5, 0]
					},
					"position": {
						"0.0": [-1, 0, -2],
						"0.4167": [-1, 0, -2],
						"0.625": [0, 0, -1],
						"1.0": [-1, 0, -2],
						"1.3333": [-1, 0, -2],
						"1.7083": [-2, 0, -3],
						"2.0": [0, 0, -3],
						"2.1667": [0, 0, -2],
						"2.4167": [0, 0, -2],
						"2.75": [0, 0, 0],
						"2.9167": [0, 0, 0],
						"3.125": [-2, 0, -3],
						"3.5": [-1, 0, -2],
						"3.9167": [-1, 0, -3],
						"4.75": [-1, 0, -2]
					}
				},
				"rightArm": {
					"rotation": {
						"0.0": [-75, -30, 0],
						"0.2083": [-75, -30, -5],
						"0.75": [-75, -30, -5],
						"1.0": [-75, 0, -5],
						"1.3333": [-75, -7.5, -15],
						"1.7083": [-75, -10, -15],
						"1.7917": [-72.5, -10, -15],
						"1.875": [-75, -10, -15],
						"3.125": [-75, -10, -15],
						"3.2083": [-77.5, -10, -15],
						"3.2917": [-75, -10, -15],
						"3.6667": [-75, -10, 17.5],
						"3.75": [-75, -10, 17.5],
						"3.8333": [-75, -10, 20],
						"4.2083": [-75, -10, 0],
						"4.75": [-75, -30, 0]
					},
					"position": {
						"0.0": [0, 0, 1.5],
						"0.2083": [-1, 0, 2.5],
						"0.75": [-1, 0, 2.5],
						"1.0": [1, 0, 2.5],
						"1.3333": [0, 0, 2.5],
						"1.7083": [0, 0, 2.5],
						"3.125": [0, 0, 2.5],
						"3.6667": [0, 0, 3.5],
						"4.2083": [0, 0, 3.5],
						"4.75": [0, 0, 1.5]
					}
				},
				"body": {
					"rotation": {
						"0.0": [0, 30, 0],
						"0.75": [0, 30, 0],
						"1.0": [0, 0, 0],
						"4.2083": [0, 0, 0],
						"4.75": [0, 30, 0]
					}
				},
				"head": {
					"rotation": {
						"0.0": [0, -30, 0],
						"0.75": [0, -30, 0],
						"1.0": [0, 0, 0],
						"4.2083": [0, 0, 0],
						"4.75": [0, -30, 0]
					}
				},
				"mp5k": {
					"rotation": [90, 0, 0],
					"position": [0, 0, 0],
					"scale": 0.8
				},
				"bolt": {
					"rotation": [0, 0, 0],
					"position": {
						"0.4167": [0, 0, 0],
						"0.625": [0, 0, 2.5],
						"3.6667": [0, 0, 2.5],
						"3.7917": [0, 0, 0]
					}
				},
				"charginghandle": {
					"rotation": {
						"0.625": [0, 0, 0],
						"0.75": [0, 0, -30],
						"3.6667": [0, 0, -30],
						"3.7917": [0, 0, 0]
					}
				},
				"mp5k_ammo": {
					"rotation": {
						"0.0": [0, 0, 0],
						"1.7083": [0, 0, 0],
						"1.75": [0, 0, -18.21],
						"1.7917": [-2.5, 0, -21.84],
						"1.875": [1, 0, -29.1],
						"2.0": [0, 0, -40],
						"2.1667": [15, -15, 17.5],
						"2.4167": [15, -15, 287.5],
						"2.7083": [15, -15, 287.5],
						"2.75": [12.5, 0, 0],
						"2.9167": [112.5, 0, 20],
						"2.9583": [90, 15, 16],
						"3.0": [57.5, 36.25, 12],
						"3.0833": [0, 0, -18.21],
						"3.125": [0, 0, 0]
					},
					"position": {
						"0.0": [0, 0, 0],
						"1.7083": [0, 0, 0],
						"1.75": [0.57, -2.14, 0],
						"2.0": [3, -8, 0],
						"2.0417": [4, -5, -2],
						"2.0833": [7.67, -3.67, -3.67],
						"2.125": [11.34, -2.83, -3.83],
						"2.1667": [15.34, -3.83, -3.83],
						"2.4167": [45, -60, -33],
						"2.7083": [45, -60, -33],
						"2.75": [12, -8, 12],
						"2.9167": [11, -13, 4],
						"2.9583": [9.8, -11.4, 1.2],
						"3.0": [8.35, -10.55, -0.1],
						"3.0417": [5.57, -7.03, -1.07],
						"3.0833": [1.57, -5.14, 0],
						"3.125": [0, 0, 0]
					},
					"scale": {
						"2.1667": [1, 1, 1],
						"2.4167": [0, 0, 0],
						"2.875": [0, 0, 0],
						"2.9167": [1, 1, 1]
					}
				},
				"bullet": {
					"rotation": {
						"1.7083": [0, 0, 0],
						"2.9167": [0, 0, 0]
					},
					"position": {
						"1.7083": [0, 0, 0],
						"2.9167": [0, 0, 0]
					},
					"scale": {
						"1.7083": [1, 1, 1],
						"1.75": [0, 0, 0],
						"2.875": [0, 0, 0],
						"2.9167": [1, 1, 1]
					}
				}
			},
			"sound_effects": {
				"0.4583": {
					"effect": "mp5k.pull.charge"
				},
				"0.625": {
					"effect": "mp5k.futz"
				},
				"1.875": {
					"effect": "mp5k.mag.out"
				},
				"3.1667": {
					"effect": "mp5k.mag.in"
				},
				"3.9583": {
					"effect": "mp5k.charge"
				}
			}
		}
	}
}
