{
	"format_version": "1.8.0",
	"animations": {
		"animation.third_person.spas12_reload": {
			"loop": "hold_on_last_frame",
			"animation_length": 7.5,
			"bones": {
				"body": {
					"rotation": {
						"0.0": [0, 40, 0],
						"0.4167": [0, 0, 0],
						"6.1667": [0, 0, 0],
						"6.5833": [0, 40, 0],
						"7.5": [0, 40, 0]
					}
				},
				"head": {
					"rotation": {
						"0.0": [0, -40, 0],
						"0.4167": [0, 0, 0],
						"6.1667": [0, 0, 0],
						"6.5833": [0, -40, 0],
						"7.5": [0, -40, 0]
					}
				},
				"leftArm": {
					"rotation": {
						"0.0": [-52.5, 2.5, 0],
						"0.4167": [0, 0, 0],
						"0.8333": [20, 0, 0],
						"1.5": [-80.78, 37.5, 0],
						"1.8333": [20, 0, 0],
						"2.1667": [-80.78, 37.5, 0],
						"2.5": [20, 0, 0],
						"2.8333": [-80.78, 37.5, 0],
						"3.1667": [20, 0, 0],
						"3.5": [-80.78, 37.5, 0],
						"3.8333": [20, 0, 0],
						"4.1667": [-80.78, 37.5, 0],
						"4.5": [20, 0, 0],
						"4.8333": [-80.78, 37.5, 0],
						"5.1667": [20, 0, 0],
						"5.5": [-80.78, 37.5, 0],
						"5.8333": [20, 0, 0],
						"6.1667": [-80.78, 37.5, 0],
						"6.5833": [-103.28, 12.5, 0],
						"6.875": [-103.28, 12.5, -15],
						"7.1667": [-103.28, 12.5, 0],
						"7.5": [-52.5, 2.5, 0]
					},
					"position": {
						"0.0": [0, 0, -1],
						"0.4167": [0, 0, 0],
						"0.8333": [0, 0, 0],
						"1.5": [-1, 0, -4],
						"1.8333": [0, 0, 0],
						"2.1667": [-1, 0, -4],
						"2.5": [0, 0, 0],
						"2.8333": [-1, 0, -4],
						"3.1667": [0, 0, 0],
						"3.5": [-1, 0, -4],
						"3.8333": [0, 0, 0],
						"4.1667": [-1, 0, -4],
						"4.5": [0, 0, 0],
						"4.8333": [-1, 0, -4],
						"5.1667": [0, 0, 0],
						"5.5": [-1, 0, -4],
						"5.8333": [0, 0, 0],
						"6.1667": [-1, 0, -4],
						"6.5833": [-2.18, 0, -4.24],
						"6.875": [-2, 0, -2],
						"7.1667": [-2.18, 0, -4.24],
						"7.5": [0, 0, -1]
					}
				},
				"rightArm": {
					"rotation": {
						"0.0": [-5, -55, 0],
						"0.5": [-5, 0, 0],
						"0.8333": [-75, 0, -15],
						"1.5": [-65, -5, -15],
						"2.1667": [-65, -5, -15],
						"2.8333": [-65, -5, -15],
						"3.5": [-65, -5, -15],
						"4.1667": [-65, -5, -15],
						"4.8333": [-65, -5, -15],
						"5.5": [-65, -5, -15],
						"6.1667": [-65, -5, -15],
						"6.5833": [-85, -37.5, 0],
						"7.1667": [-85, -37.5, 0],
						"7.5": [-5, -55, 0]
					},
					"position": {
						"0.0": [1, 0, -2],
						"0.5": [0, 0, 0],
						"0.8333": [1, 0, 0],
						"1.5": [0, 0, 0],
						"2.1667": [0, 0, 0],
						"2.8333": [0, 0, 0],
						"3.5": [0, 0, 0],
						"4.1667": [0, 0, 0],
						"4.8333": [0, 0, 0],
						"5.5": [0, 0, 0],
						"6.1667": [0, 0, 0],
						"6.5833": [-2, -1, 1],
						"7.1667": [-2, -1, 1],
						"7.5": [1, 0, -2]
					}
				},
				"spas12": {
					"rotation": {
						"0.0": [12.5, 12.5, 7.5],
						"0.4167": [87.5, 0, 0],
						"0.8333": [87.5, 0, -30],
						"1.5": [87.5, 0, -30],
						"1.5833": [85, 0, -30],
						"1.6667": [87.5, 0, -30],
						"2.1667": [87.5, 0, -30],
						"2.25": [85, 0, -30],
						"2.3333": [87.5, 0, -30],
						"2.8333": [87.5, 0, -30],
						"2.9167": [85, 0, -30],
						"3.0": [87.5, 0, -30],
						"3.5": [87.5, 0, -30],
						"3.5833": [85, 0, -30],
						"3.6667": [87.5, 0, -30],
						"4.2083": [87.5, 0, -30],
						"4.2917": [85, 0, -30],
						"4.375": [87.5, 0, -30],
						"4.8333": [87.5, 0, -30],
						"4.9167": [85, 0, -30],
						"5.0": [87.5, 0, -30],
						"5.5": [87.5, 0, -30],
						"5.5833": [85, 0, -30],
						"5.6667": [87.5, 0, -30],
						"6.1667": [87.5, 0, -30],
						"6.25": [85, 0, -30],
						"6.3333": [87.5, 0, -30],
						"6.5833": [87.5, 0, 0],
						"7.1667": [87.5, 0, 0],
						"7.5": [12.5, 12.5, 7.5]
					},
					"position": {
						"0.0": [1, -2, 2],
						"0.4167": [0, -1, 0],
						"7.1667": [0, -1, 0],
						"7.5": [1, -2, 2]
					},
					"scale": 0.8
				},
				"spas12_ammo": {
					"rotation": {
						"0.0": [0, 0, 0],
						"0.7917": [0, 0, 0],
						"1.5417": [10, 0, -75],
						"1.8333": [0, 0, 0],
						"2.2083": [10, 0, -75],
						"2.5": [0, 0, 0],
						"2.875": [10, 0, -75],
						"3.1667": [0, 0, 0],
						"3.5417": [10, 0, -75],
						"3.8333": [0, 0, 0],
						"4.2083": [10, 0, -75],
						"4.5": [0, 0, 0],
						"4.875": [10, 0, -75],
						"5.1667": [0, 0, 0],
						"5.5417": [10, 0, -75],
						"5.8333": [0, 0, 0],
						"6.2083": [10, 0, -75]
					},
					"position": {
						"0.0": [0, 0, 2],
						"0.7917": [0, 0, 2],
						"0.8333": [0, 0, 0],
						"1.5417": [2, 0, 0],
						"1.8333": [0, 0, 2],
						"1.875": [0, 0, 0],
						"2.2083": [2, 0, 0],
						"2.5": [0, 0, 2],
						"2.5417": [0, 0, 0],
						"2.875": [2, 0, 0],
						"3.1667": [0, 0, 2],
						"3.2083": [0, 0, 0],
						"3.5417": [2, 0, 0],
						"3.8333": [0, 0, 2],
						"3.875": [0, 0, 0],
						"4.2083": [2, 0, 0],
						"4.5": [0, 0, 2],
						"4.5417": [0, 0, 0],
						"4.875": [2, 0, 0],
						"5.1667": [0, 0, 2],
						"5.2083": [0, 0, 0],
						"5.5417": [2, 0, 0],
						"5.8333": [0, 0, 2],
						"5.875": [0, 0, 0],
						"6.2083": [2, 0, 0]
					},
					"scale": {
						"0.0": [1, 0.8, 1],
						"1.5": [1, 0.8, 1],
						"1.5417": [0, 0, 0],
						"1.8333": [0, 0, 0],
						"1.875": [1, 0.8, 1],
						"2.1667": [1, 0.8, 1],
						"2.2083": [0, 0, 0],
						"2.5": [0, 0, 0],
						"2.5417": [1, 0.8, 1],
						"2.8333": [1, 0.8, 1],
						"2.875": [0, 0, 0],
						"3.1667": [0, 0, 0],
						"3.2083": [1, 0.8, 1],
						"3.5": [1, 0.8, 1],
						"3.5417": [0, 0, 0],
						"3.8333": [0, 0, 0],
						"3.875": [1, 0.8, 1],
						"4.1667": [1, 0.8, 1],
						"4.2083": [0, 0, 0],
						"4.5": [0, 0, 0],
						"4.5417": [1, 0.8, 1],
						"4.8333": [1, 0.8, 1],
						"4.875": [0, 0, 0],
						"5.1667": [0, 0, 0],
						"5.2083": [1, 0.8, 1],
						"5.5": [1, 0.8, 1],
						"5.5417": [0, 0, 0],
						"5.8333": [0, 0, 0],
						"5.875": [1, 0.8, 1],
						"6.1667": [1, 0.8, 1],
						"6.2083": [0, 0, 0]
					}
				},
				"pump": {
					"position": {
						"6.5833": [0, 0, 0],
						"6.875": [0, 2, 0],
						"7.1667": [0, 0, 0]
					}
				}
			},
			"sound_effects": {
				"1.625": {
					"effect": "spas12.shell.in"
				},
				"2.2917": {
					"effect": "spas12.shell.in"
				},
				"2.9583": {
					"effect": "spas12.shell.in"
				},
				"3.625": {
					"effect": "spas12.shell.in"
				},
				"4.2917": {
					"effect": "spas12.shell.in"
				},
				"4.9583": {
					"effect": "spas12.shell.in"
				},
				"5.625": {
					"effect": "spas12.shell.in"
				},
				"6.2917": {
					"effect": "spas12.shell.in"
				},
				"6.875": {
					"effect": "spas12.pull"
				},
				"7.0": {
					"effect": "spas12.push"
				}
			}
		}
	}
}
