{
	"format_version": "1.8.0",
	"animations": {
		"animation.third_person.xm4_reload": {
			"loop": "hold_on_last_frame",
			"animation_length": 3,
			"bones": {
				"leftArm": {
					"rotation": {
						"0.0": [-110, 2.5, -5],
						"0.5": [-60, 2.5, 0],
						"1.0": [12.5, 2.5, 0],
						"1.25": [15, -5, 0],
						"1.6667": [12.5, 2.5, 0],
						"2.0": [-57.5, 50, 20],
						"2.1667": [-61.25, 20.42, 20.42],
						"2.3333": [-61.25, 30.42, 85.42],
						"2.5": [-51.25, 32.92, 85.42],
						"2.6667": [-61.25, 20.42, 85.42],
						"3.0": [-110, 2.5, -5]
					},
					"position": {
						"0.0": [-1, 0, -2],
						"0.5": [0, -1, 0],
						"1.0": [0, 0, 0],
						"1.6667": [0, 0, 0],
						"2.0": [-2, 0, -3],
						"2.5": [-1, 0, -2],
						"3.0": [-1, 0, -2]
					}
				},
				"rightArm": {
					"rotation": {
						"0.0": [-75, -30, 0],
						"0.125": [-75, 0, 0],
						"0.25": [-85, 0, 0],
						"0.5": [-65, 0, 0],
						"0.6667": [-75, 0, 0],
						"0.8333": [-75, 0, -7.5],
						"1.9583": [-75, 0, -7.5],
						"2.0417": [-77.5, 0, -7.5],
						"2.125": [-75, 0, -7.5],
						"2.4583": [-75, 0, 2.5],
						"2.5417": [-75, 0, 0],
						"2.625": [-75, 0, 2.5],
						"3.0": [-75, -30, 0]
					},
					"position": {
						"0.0": [0, 0, 1.5],
						"0.125": [0, 0, 1.5],
						"0.25": [0, -1, 1.5],
						"0.6667": [0, 0, 1.5],
						"0.8333": [1, 0, 3.5],
						"1.9583": [1, 0, 3.5],
						"2.625": [1, 0, 3.5],
						"3.0": [0, 0, 1.5]
					}
				},
				"body": {
					"rotation": {
						"0.0": [0, 30, 0],
						"0.125": [0, 0, 0],
						"2.625": [0, 0, 0],
						"3.0": [0, 30, 0]
					}
				},
				"head": {
					"rotation": {
						"0.0": [0, -30, 0],
						"0.125": [0, 0, 0],
						"2.625": [0, 0, 0],
						"3.0": [0, -30, 0]
					}
				},
				"xm4": {
					"rotation": [0, 0, 0],
					"position": [0, 0, 0],
					"scale": 0.8
				},
				"ammo": {
					"rotation": {
						"0.4583": [0, 0, 0],
						"1.6667": [102.5, 0, 7.5],
						"1.7083": [89.69, 0, 11.56],
						"1.75": [76.88, 0, 19.91],
						"1.7917": [64.07, 22.5, 18.09],
						"1.8333": [63.76, 29.38, 14.4],
						"1.875": [51.78, 39.59, 20.71],
						"1.9583": [12.81, 0, -26.68],
						"2.0": [0, 0, 0]
					},
					"position": {
						"0.4583": [0, 0, 0],
						"0.5833": [0, -40, 0],
						"0.875": [14, -11.34, 14],
						"1.6667": [11.09, -12.12, 11.09],
						"1.7083": [10.7, -12.6, 9.7],
						"1.75": [9.17, -12.8, 7.31],
						"1.7917": [7.84, -11.27, 5.09],
						"1.875": [5.18, -8.2, 2.15],
						"1.9167": [2.86, -6.66, 0.69],
						"1.9583": [1.53, -4.13, -0.78],
						"2.0": [0, 0, 0]
					},
					"scale": {
						"0.5833": [1, 1, 1],
						"0.625": [0, 0, 0],
						"1.6667": [0, 0, 0],
						"1.7083": [1, 1, 1]
					}
				},
				"bullet": {
					"scale": {
						"0.5833": [0, 0, 0],
						"0.625": [1, 1, 1],
						"1.6667": [0, 0, 0],
						"1.7083": [1, 1, 1]
					}
				}
			},
			"sound_effects": {
				"0.5": {
					"effect": "xm4.mag.out"
				},
				"2.0417": {
					"effect": "xm4.mag.in"
				},
				"2.5": {
					"effect": "xm4.button"
				}
			}
		}
	}
}