{
  "format_version": "1.10",
  "minecraft:item": {
    "description": {
      "identifier": "addon:svd_1"
    },
    "components": {
      "minecraft:display_name": {
        "value": "SVD (scope)"
        },
      "minecraft:hand_equipped": true,
      "minecraft:max_stack_size": 1,
      "minecraft:use_duration": 999,
      "minecraft:food": {
        "nutrition": 0,
        "saturation_modifier": "low",
        "cooldown_type": "chorusfruit",
        "cooldown_time": 7.05,
        "can_always_eat": true
      }
    }
  }
}