{
	"format_version": "1.16.100",
	"minecraft:item": {
		"description": {
			"identifier": "bridge:cura",
			"category": "Nature"
		},
		"components": {
			"minecraft:creative_category": {
				"parent": "Nature"
			},
			"minecraft:icon": {
				"texture": "cura"
			},
			"minecraft:use_animation": "crossbow",
			"minecraft:render_offsets": "miscellaneous",
			"minecraft:display_name": {
				"value": "Cure Syringe"
			},
			"minecraft:use_duration": 2,
			"minecraft:food": {
				"can_always_eat": true
			}
		}
	}
}