{
	"format_version": "1.16.100",
	"minecraft:item": {
		"description": {
			"identifier": "bridge:medkit",
			"category": "Nature"
		},
		"components": {
			"minecraft:creative_category": {
				"parent": "Nature"
			},
			"minecraft:icon": {
				"texture": "medkit"
			},
			"minecraft:use_animation": "crossbow",
			"minecraft:render_offsets": "miscellaneous",
			"minecraft:display_name": {
				"value": "Medkit"
			},
			"minecraft:use_duration": 2,
			"minecraft:food": {
				"can_always_eat": true,
				"effects": [
					{
						"name": "regeneration",
						"chance": 1.0,
						"duration": 10,
						"amplifier": 5
					}
				]
			}
		}
	}
}