{
	"format_version": "1.13.0",
	"minecraft:entity": {
		"description": {
			"identifier": "addon:f1_bullet",
			"is_spawnable": false,
			"is_summonable": true,
			"is_experimental": false,
			"runtime_identifier": "minecraft:snowball"
		},
		"component_groups": {},
		"components": {
			"minecraft:type_family": {
				"family": [
					"grenade"
				]
			},
			"minecraft:collision_box": {
				"width": 0.25,
				"height": 0.25
			},
			"minecraft:scale": {
				"value": 0.3
			},
			"minecraft:explode": {
				"fuseLength": 2,
				"fuseLit": true,
				"power": 6,
				"causesFire": false,
				"fire_affected_by_griefing": true,
				"destroy_affected_by_griefing": true,
				"breaks_blocks": false
			},
			"minecraft:physics": {},
			"minecraft:projectile": {
				"onHit": {
					"stick_in_ground": {}
				},
				"power": 1,
				"anchor": 1,
				"gravity": 0.02,
				"offset": [
					0,
					-0.1,
					0
				]
			}
		},
		"events": {}
	}
}