{
  "format_version": "1.16.0",
  "minecraft:entity": {
    "description": {
      "identifier": "newmob:projectile125mm",
      "runtime_identifier": "minecraft:egg",
      "is_spawnable": false,
      "is_summonable": true,
      "is_experimental": false
    },
    "components": {
      "minecraft:scale": {
        "value": 0.2
      },
      "minecraft:collision_box": {
        "width": 1,
        "height": 1
      },
      "minecraft:spawn_entity": {
        "entities": {
        "min_wait_time": 0,
        "max_wait_time": 0,
        "num_to_spawn": 1,
        "spawn_entity": "IDK:4e",
        "single_use": true,
        "spawn_sound": "ambient"
        }
      },

      "minecraft:projectile": {
        "on_hit": {
          "impact_damage": {
            "damage": 50,
            "knockback": false
          },
          "particle_on_hit": {
            "particle_type": "explode",
            "on_other_hit": true
          }
        },
        "shoottarget": true,
        "power": 10,
        "gravity": 0.01,
        "uncertaintyBase": 0,
        "anchor": 1,
        "inertia": 1,
        "liquid_inertia": 0.9
      },
      "minecraft:physics": {},
      "minecraft:pushable": {
        "is_pushable": true,
        "is_pushable_by_piston": true
      }
    }
  }
}
