{
    "format_version": "1.8.0",
    "minecraft:entity": {
        "description": {
            "identifier": "addon:saiga12_bullet",
            "runtime_identifier": "minecraft:snowball",
            "is_spawnable": false,
            "is_summonable": true,
            "is_experimental": false
        },
        "components": {
            "minecraft:collision_box": {
                "width": 0.01,
                "height": 0.01
            },
            "minecraft:break_blocks": {
                "breakable_blocks": [
                "glass",
                "glass_pane",
                "stained_glass",
                "stained_glass_pane"
                ]
            },
                "minecraft:projectile": {
                    "on_hit": {
                        "impact_damage": {
                            "damage": [
                                18,
                                20
                            ],
                            "knockback": true
                        },
                        "remove_on_hit": {},
                        "stick_in_ground": {
                            "shake_time": 0
                        }
                    },
					"power": 0.9,
					"gravity": 0,
					"inertia": 1.5,
					"uncertaintyBase": 6.2,
                    "uncertaintyMultiplier": 2,
				    "offset": [
					    0,
					    0,
					    0
				    ],
				    "catchFire": false
				},
            "minecraft:physics": {}
        }
    }
}