{
	"format_version": "1.8.0",
	"animations": {
		"animation.item.m24_shoot": {
			"animation_length": 1.16,
			"bones": {
				"rightArm": {
					"position": {
		"0.0": [0, 0, 0],
		"0.1": [0, 0, -3],
		"0.25": [0, 0, 0]
					},
					"rotation": {
		"0.0": [0, 0, 0],
		"0.1": [-1.5, 0, 0],
		"0.25": [0, 0, 0]
					}
				},
				"zatvor": {
					"position": {
		"0.0": [0, 0, 0],
		"0.55": [0, 0, 0],
		"0.8": [0, 0, 1.5],
		"1": [0, 0, 0]
					}
				},
				"leftArm": {
					"position": {
		"0.0": [0, 0, 0],
		"0.1": [0, 0, -3],
		"0.25": [0, 0, 0],
		"0.55": [0, 1, -7],
		"0.8": [0, 1, -10.5],
		"1": [0, 1, -7],
		"1.16": [0, 0, 0]
					},
					"rotation": {
		"0.0": [0, 0, 0],
		"0.1": [-1.5, 0, 0],
		"0.25": [0, 0, 0]
					}
				}
			}
		}
	}
}