{
	"format_version": "1.8.0",
	"animations": {
		"animation.item.m24_shg.oot": {
			"animation_length": 1.04167,
			"bones": {
				"body": {
					"position": {
						"0.0": [0, 0, 0],
						"0.0417": [0, 2, 0],
						"0.0833": [0, 0, 0]
					}
				},
				"rightArm": {
					"position": {
						"0.0833": [0, 0, 0],
						"0.2917": [-2, -0.5, -1],
						"0.375": [-2, -0.5, -2],
						"0.5833": [-2, 3.5, -2],
						"0.75": [-2, -0.5, -2],
						"1.0417": [0, 0, 0]
					}
				},
				"gun": {
					"rotation": {
						"0.0": [0, 0, 0],
						"0.0417": [-2.5, 0, 0],
						"0.0833": [0, 0, 0],
						"0.2917": [0, 0, 0]
					},
					"position": {
						"0.0833": [0, 0, 0],
						"0.2917": [2, 0.5, 1],
						"0.375": [2, 0.5, 2],
						"0.5833": [2, -3.5, 2],
						"0.75": [2, 0.5, 2],
						"1.0417": [0, 0, 0]
					}
				},
				"bone5": {
					"rotation": {
						"0.2917": [0, 0, 0],
						"0.375": [0, 0, 37.5],
						"0.75": [0, 0, 37.5],
						"0.8333": [0, 0, 0]
					},
					"position": {
						"0.375": [0, 0, 0],
						"0.5833": [0, 0, 4],
						"0.75": [0, 0, 0]
					}
				},
				"bone6": {
					"rotation": {
						"0.2917": [0, 0, 0],
						"0.375": [0, 0, -37.5],
						"0.75": [0, 0, -37.5],
						"0.8333": [0, 0, 0]
					},
					"position": {
						"0.375": [0, 0, 0],
						"0.5833": [0, 0, -4],
						"0.75": [0, 0, 0]
					}
				}
			}
		}
	}
}