{
	"format_version": "1.8.0",
	"animations": {
		"animation.item.m24_aim": {
			"loop": true,
			"animation_length": 0.04,
			"bones": {
			"body": {
			"position": [0, -1.2, 0]
			},
				"leftArm": {
					"rotation": [0, 0, 0],
					"position": [-6.5, 3.5, -8]
				},
				"rightArm": {
					"rotation": [3, -7, 5],
					"position": [-6.8, 3.2, -8]
					},
				"rightArm_2": {
					"rotation": [3, -7, 5],
					"position": [-6.8, 3.2, -8]
				},
				"gun": {
					"rotation": [0, 0, 0],
					"position": [0, 0, 0]
					}
				}
			}
		}
	}
}