{
	"format_version": "1.16.100",
	"minecraft:item": {
		"description": {
			"identifier": "bridge:empt_water_bottle",
			"category": "Nature"
		},
		"components": {
			"minecraft:creative_category": {
				"parent": "Nature"
			},
			"minecraft:icon": {
				"texture": "empt_water_bottle"
			},
			"minecraft:render_offsets": "miscellaneous",
			"minecraft:display_name": {
				"value": "Empty Water Bottle"
			},
			"minecraft:max_stack_size": 1,
			"minecraft:liquid_clipped": true,
			"minecraft:entity_placer": {
				"entity": "bridge:encher_garrafa",
				"dispense_on": [
					{
						"tags": "q.any_tag('water')"
					}
				]
			}
		}
	}
}