{
	"format_version": "1.8.0",
	"animations": {
		"animation.item.m24_shoot": {
			"loop": true,
			"animation_length": 9.04167,
			"bones": {
				"body": {
					"position": {
						"0.0": [0, 0, 3],
						"0.1667": [0, 0, 0]
					}
				},
				"rightArm": {
					"position": [0, 0, 0]
				},
				"zatvor": {
					"position": {
						"2.5": [0, 0, 0],
						"5.0": [0, 0, 2.5],
						"8.0": [0, 0, 0.025]
					}
				},
				"bone9": {
					"rotation": {
						"0.1667": [0, 0, 0],
						"0.5": [0, 0, 0],
						"2.5": [0, 0, 90],
						"8.0": [0, 0, 90],
						"9.0417": [0, 0, 0]
					}
				}
			}
		}
	}
}