{
  "format_version": "1.8.0",
  "minecraft:client_entity": {
    "description": {
      "identifier": "drop:as",
      "materials": {
	    "default": "slime"
	  },
      "textures": {
        "default": "textures/models/as"
      },
      "geometry": {
        "default": "geometry.player.as_drop"
      },
      "scripts": {
        "scale": "1.2"
      },
      "spawn_egg": {
        "base_color": "#222222",
        "overlay_color": "#71d160"
      },
      "render_controllers": [ "controller.render.slime" ]
    }
  }
}