{
  "format_version": "1.10.0",
  "minecraft:client_entity": {
    "description": {
      "identifier": "blockops:makarov",
      "materials": {
        "default": "slime"
      },
      "textures": {
        "default": "textures/entity/bullet/bullet"
      },
      "geometry": {
        "default": "geometry.bullet"
      },
      "scripts": {
        "animate": [
          "move"
        ]
      },
      "animations": {
        "move": "animation.bullet.move"
      },
      "spawn_egg": {
        "texture": "spawn_egg",
        "texture_index": 99
      },
      "render_controllers": [
        "controller.render.slime"
      ]
    }
  }
}
