{
	"format_version": "1.10.0",
	"animation_controllers": {
		"controller.animation.ammo_out": {
			"initial_state" : "default",
			"states": {                                                                                     
				"default": {
					"transitions": [
						{
			        "rpg_out": "query.get_equipped_item_name('main_hand') == 'rpg_empty'"
						},
						{
			        "92_out": "query.get_equipped_item_name('main_hand') == '92_empty'"
						},
						{
			        "m24_out": "query.get_equipped_item_name('main_hand') == 'm24_empty'"
			            },
						{
			        "m4_out": "query.get_equipped_item_name('main_hand') == 'm4_empty'"
						},
						{
			        "mp5_out": "query.get_equipped_item_name('main_hand') == 'mp5_empty'"
						},
						{
			        "vss_out": "query.get_equipped_item_name('main_hand') == 'vss_empty'"
						},
						{
			        "f1_out": "query.get_equipped_item_name('main_hand') == 'f1_empty'"
			},
						{
			        "vss_out": "query.get_equipped_item_name('main_hand') == 'vss_1_empty'"
						},
						{
			        "as_out": "query.get_equipped_item_name('main_hand') == 'as_empty'"
						},
						{
			        "pm_out": "query.get_equipped_item_name('main_hand') == 'pm_empty'"
						},
						{
			        "toz34_out": "query.get_equipped_item_name('main_hand') == 'toz34_empty'"
						},
						{
			        "aks74_out": "query.get_equipped_item_name('main_hand') == 'aks74_empty'"
						},
						{
			        "ar15_out": "query.get_equipped_item_name('main_hand') == 'ar15_empty'"
			},
						{
			        "ar15_out": "query.get_equipped_item_name('main_hand') == 'ar15_1_empty'"
						},
						{
			        "svd_out": "query.get_equipped_item_name('main_hand') == 'svd_empty'"
						},
						{
			        "vityaz_out": "query.get_equipped_item_name('main_hand') == 'vityaz_empty'"
						},
						{
			        "aks74u_out": "query.get_equipped_item_name('main_hand') == 'aks74u_empty'"
						},
						{
			        "akm_out": "query.get_equipped_item_name('main_hand') == 'akmt_empty'"
						},
						{
			        "akm_out": "query.get_equipped_item_name('main_hand') == 'akm_empty'"
						},
						{
			        "pkm_out": "query.get_equipped_item_name('main_hand') == 'pkm_empty'"
						},
						{
			        "saiga12_out": "query.get_equipped_item_name('main_hand') == 'saiga12_empty'"
						}
					]
				},
				"92_out": {
					"transitions": [
						{
							"default": "(1.0)"
						}
					],
					"on_entry": [
            "/title @s actionbar 0/15"
					]
				},
				"m24_out": {
					"transitions": [
						{
							"default": "(1.0)"
						}
					],
					"on_entry": [
            "/title @s actionbar 0/5"
            ]
				},
				"m4_out": {
					"transitions": [
						{
							"default": "(1.0)"
						}
					],
					"on_entry": [
            "/title @s actionbar 0/6"
					]
				},
				"rpg_out": {
					"transitions": [
						{
							"default": "(1.0)"
						}
					],
					"on_entry": [
            "/title @s actionbar 0/1"
					]
				},
				"mp5_out": {
					"transitions": [
						{
							"default": "(1.0)"
						}
					],
					"on_entry": [
            "/title @s actionbar 0/30"
					]
				},
				"vss_out": {
					"transitions": [
						{
							"default": "(1.0)"
						}
					],
					"on_entry": [
            "/title @s actionbar 0/10"
					]
				},
				"as_out": {
					"transitions": [
						{
							"default": "(1.0)"
						}
					],
					"on_entry": [
            "/title @s actionbar 0/20"
					]
				},
				"saiga12_out": {
					"transitions": [
						{
							"default": "(1.0)"
						}
					],
					"on_entry": [
            "/title @s actionbar 0/5"
					]
				},
				"pm_out": {
					"transitions": [
						{
							"default": "(1.0)"
						}
					],
					"on_entry": [
            "/title @s actionbar 0/8"
					]
				},
				"f1_out": {
					"transitions": [
						{
							"default": "(1.0)"
						}
					],
					"on_entry": [
            "/title @s actionbar 0/12"
					]
				},
				"ar15_out": {
					"transitions": [
						{
							"default": "(1.0)"
						}
					],
					"on_entry": [
            "/title @s actionbar 0/30"
					]
				},
				"toz34_out": {
					"transitions": [
						{
							"default": "(1.0)"
						}
					],
					"on_entry": [
            "/title @s actionbar 0/2"
					]
				},
				"aks74_out": {
					"transitions": [
						{
							"default": "(1.0)"
						}
					],
					"on_entry": [
            "/title @s actionbar 0/30"
					]
				},
				"svd_out": {
					"transitions": [
						{
							"default": "(1.0)"
						}
					],
					"on_entry": [
            "/title @s actionbar 0/10"
					]
				},
				"vityaz_out": {
					"transitions": [
						{
							"default": "(1.0)"
						}
					],
					"on_entry": [
            "/title @s actionbar 0/30"
					]
				},
				"aks74u_out": {
					"transitions": [
						{
							"default": "(1.0)"
						}
					],
					"on_entry": [
            "/title @s actionbar 0/30"
					]
				},
				"akm_out": {
					"transitions": [
						{
							"default": "(1.0)"
						}
					],
					"on_entry": [
            "/title @s actionbar 0/30"
					]
				},
				"pkm_out": {
					"transitions": [
						{
							"default": "(1.0)"
						}
					],
					"on_entry": [
            "/title @s actionbar 0/100"
					]
				}
			}
		}
	}
}