{
	"format_version": "1.10.0",
	"animation_controllers": {
        "controller.animation.b92_hold": {
        "initial_state" : "default",
         "states": {
           "default": {
             "transitions": [
               { "equip": "query.get_equipped_item_name('main_hand') == 'b92'" }
             ]
           },
           "equip": {
             "transitions": [
               { "default": "1.0" }
              ],
              "on_entry": [
				"/function 92_hold"
          ]
        }
      }
    },
        "controller.animation.m24_hold": {
        "initial_state" : "default",
         "states": {
           "default": {
             "transitions": [
               { "equip": "query.get_equipped_item_name('main_hand') == 'm24'" }
             ]
           },
           "equip": {
             "transitions": [
               { "default": "1.0" }
              ],
              "on_entry": [
				"/function m24_hold"
          ]
        }
      }
    },
        "controller.animation.m4_hold": {
        "initial_state" : "default",
         "states": {
           "default": {
             "transitions": [
               { "equip": "query.get_equipped_item_name('main_hand') == 'm4'" }
             ]
           },
           "equip": {
             "transitions": [
               { "default": "1.0" }
              ],
              "on_entry": [
				"/function m4_hold"
          ]
        }
      }
    },
        "controller.animation.vss_hold": {
        "initial_state" : "default",
         "states": {
           "default": {
             "transitions": [
               { "equip": "query.get_equipped_item_name('main_hand') == 'vss'" }
             ]
           },
           "equip": {
             "transitions": [
               { "default": "1.0" }
              ],
              "on_entry": [
				"/function vss_hold"
          ]
        }
      }
    },
    "controller.animation.vss_1_hold": {
        "initial_state" : "default",
         "states": {
           "default": {
             "transitions": [
               { "equip": "query.get_equipped_item_name('main_hand') == 'vss_1'" }
             ]
           },
           "equip": {
             "transitions": [
               { "default": "1.0" }
              ],
              "on_entry": [
				"/function vss_1_hold"
          ]
        }
      }
    },
        "controller.animation.mp5_hold": {
        "initial_state" : "default",
         "states": {
           "default": {
             "transitions": [
               { "equip": "query.get_equipped_item_name('main_hand') == 'mp5'" }
             ]
           },
           "equip": {
             "transitions": [
               { "default": "1.0" }
              ],
              "on_entry": [
				"/function mp5_hold"
          ]
        }
      }
    },
        "controller.animation.rpg_hold": {
        "initial_state" : "default",
         "states": {
           "default": {
             "transitions": [
               { "equip": "query.get_equipped_item_name('main_hand') == 'rpg'" }
             ]
           },
           "equip": {
             "transitions": [
               { "default": "1.0" }
              ],
              "on_entry": [
				"/function rpg_hold"
          ]
        }
      }
    },
        "controller.animation.as_hold": {
        "initial_state" : "default",
         "states": {
           "default": {
             "transitions": [
               { "equip": "query.get_equipped_item_name('main_hand') == 'as'" }
             ]
           },
           "equip": {
             "transitions": [
               { "default": "1.0" }
              ],
              "on_entry": [
				"/function as_hold"
          ]
        }
      }
    },
        "controller.animation.pm_hold": {
        "initial_state" : "default",
         "states": {
           "default": {
             "transitions": [
               { "equip": "query.get_equipped_item_name('main_hand') == 'pm'" }
             ]
           },
           "equip": {
             "transitions": [
               { "default": "1.0" }
              ],
              "on_entry": [
				"/function pm_hold"
          ]
        }
      }
    },
        "controller.animation.saiga12_hold": {
        "initial_state" : "default",
         "states": {
           "default": {
             "transitions": [
               { "equip": "query.get_equipped_item_name('main_hand') == 'saiga12'" }
             ]
           },
           "equip": {
             "transitions": [
               { "default": "1.0" }
              ],
              "on_entry": [
				"/function saiga12_hold"
          ]
        }
      }
    },
        "controller.animation.toz34_hold": {
        "initial_state" : "default",
         "states": {
           "default": {
             "transitions": [
               { "equip": "query.get_equipped_item_name('main_hand') == 'toz34'" }
             ]
           },
           "equip": {
             "transitions": [
               { "default": "1.0" }
              ],
              "on_entry": [
				"/function toz34_hold"
          ]
        }
      }
    },
        "controller.animation.f1_hold": {
        "initial_state" : "default",
         "states": {
           "default": {
             "transitions": [
               { "equip": "query.get_equipped_item_name('main_hand') == 'f1'" }
             ]
           },
           "equip": {
             "transitions": [
               { "default": "1.0" }
              ],
              "on_entry": [
				"/function f1_hold"
          ]
        }
      }
    },
        "controller.animation.ar15_hold": {
        "initial_state" : "default",
         "states": {
           "default": {
             "transitions": [
               { "equip": "query.get_equipped_item_name('main_hand') == 'ar15'" }
             ]
           },
           "equip": {
             "transitions": [
               { "default": "1.0" }
              ],
              "on_entry": [
				"/function ar15_hold"
				]
        }
      }
    },
        "controller.animation.ar15_1_hold": {
        "initial_state" : "default",
         "states": {
           "default": {
             "transitions": [
               { "equip": "query.get_equipped_item_name('main_hand') == 'ar15_1'" }
             ]
           },
           "equip": {
             "transitions": [
               { "default": "1.0" }
              ],
              "on_entry": [
				"/function ar15_1_hold"
          ]
        }
      }
    },
        "controller.animation.pkm_hold": {
        "initial_state" : "default",
         "states": {
           "default": {
             "transitions": [
               { "equip": "query.get_equipped_item_name('main_hand') == 'pkm'" }
             ]
           },
           "equip": {
             "transitions": [
               { "default": "1.0" }
              ],
              "on_entry": [
				"/function pkm_hold"
          ]
        }
      }
    },
        "controller.animation.aks74_hold": {
        "initial_state" : "default",
         "states": {
           "default": {
             "transitions": [
               { "equip": "query.get_equipped_item_name('main_hand') == 'aks74'" }
             ]
           },
           "equip": {
             "transitions": [
               { "default": "1.0" }
              ],
              "on_entry": [
				"/function aks74_hold"
          ]
        }
      }
    },
        "controller.animation.aks74u_hold": {
        "initial_state" : "default",
         "states": {
           "default": {
             "transitions": [
               { "equip": "query.get_equipped_item_name('main_hand') == 'aks74u'" }
             ]
           },
           "equip": {
             "transitions": [
               { "default": "1.0" }
              ],
              "on_entry": [
				"/function aks74u_hold"
          ]
        }
      }
    },
        "controller.animation.vityaz_hold": {
        "initial_state" : "default",
         "states": {
           "default": {
             "transitions": [
               { "equip": "query.get_equipped_item_name('main_hand') == 'vityaz'" }
             ]
           },
           "equip": {
             "transitions": [
               { "default": "1.0" }
              ],
              "on_entry": [
				"/function vityaz_hold"
          ]
        }
      }
    },
        "controller.animation.svd_hold": {
        "initial_state" : "default",
         "states": {
           "default": {
             "transitions": [
               { "equip": "query.get_equipped_item_name('main_hand') == 'svd'" }
             ]
           },
           "equip": {
             "transitions": [
               { "default": "1.0" }
              ],
              "on_entry": [
				"/function svd_hold"
          ]
        }
      }
    },
        "controller.animation.akm_hold": {
        "initial_state" : "default",
         "states": {
           "default": {
             "transitions": [
               { "equip": "query.get_equipped_item_name('main_hand') == 'akm'" }
             ]
           },
           "equip": {
             "transitions": [
               { "default": "1.0" }
              ],
              "on_entry": [
				"/function akm_hold"
          ]
        }
      }
    }
  }
}