{
	"format_version": "1.10.0",
	"animation_controllers": {
		"controller.animation.akr12": {
			"initial_state": "default",
			"states": {
				"default": {
					"transitions": [
						{
							"akr12_31": "query.mark_variant == 31 && query.get_equipped_item_name == 'akr12'"
						},
						{
							"akr12_30": "query.mark_variant == 30 && query.get_equipped_item_name == 'akr12' && query.is_using_item"
						},
						{
							"akr12_29": "query.mark_variant == 29 && query.get_equipped_item_name == 'akr12' && query.is_using_item"
						},
						{
							"akr12_28": "query.mark_variant == 28 && query.get_equipped_item_name == 'akr12' && query.is_using_item"
						},
						{
							"akr12_27": "query.mark_variant == 27 && query.get_equipped_item_name == 'akr12' && query.is_using_item"
						},
						{
							"akr12_26": "query.mark_variant == 26 && query.get_equipped_item_name == 'akr12' && query.is_using_item"
						},
						{
							"akr12_25": "query.mark_variant == 25 && query.get_equipped_item_name == 'akr12' && query.is_using_item"
						},
						{
							"akr12_24": "query.mark_variant == 24 && query.get_equipped_item_name == 'akr12' && query.is_using_item"
						},
						{
							"akr12_23": "query.mark_variant == 23 && query.get_equipped_item_name == 'akr12' && query.is_using_item"
						},
						{
							"akr12_22": "query.mark_variant == 22 && query.get_equipped_item_name == 'akr12' && query.is_using_item"
						},
						{
							"akr12_21": "query.mark_variant == 21 && query.get_equipped_item_name == 'akr12' && query.is_using_item"
						},
						{
							"akr12_20": "query.mark_variant == 20 && query.get_equipped_item_name == 'akr12' && query.is_using_item"
						},
						{
							"akr12_19": "query.mark_variant == 19 && query.get_equipped_item_name == 'akr12' && query.is_using_item"
						},
						{
							"akr12_18": "query.mark_variant == 18 && query.get_equipped_item_name == 'akr12' && query.is_using_item"
						},
						{
							"akr12_17": "query.mark_variant == 17 && query.get_equipped_item_name == 'akr12' && query.is_using_item"
						},
						{
							"akr12_16": "query.mark_variant == 16 && query.get_equipped_item_name == 'akr12' && query.is_using_item"
						},
						{
							"akr12_15": "query.mark_variant == 15 && query.get_equipped_item_name == 'akr12' && query.is_using_item"
						},
						{
							"akr12_14": "query.mark_variant == 14 && query.get_equipped_item_name == 'akr12' && query.is_using_item"
						},
						{
							"akr12_13": "query.mark_variant == 13 && query.get_equipped_item_name == 'akr12' && query.is_using_item"
						},
						{
							"akr12_12": "query.mark_variant == 12 && query.get_equipped_item_name == 'akr12' && query.is_using_item"
						},
						{
							"akr12_11": "query.mark_variant == 11 && query.get_equipped_item_name == 'akr12' && query.is_using_item"
						},
						{
							"akr12_10": "query.mark_variant == 10 && query.get_equipped_item_name == 'akr12' && query.is_using_item"
						},
						{
							"akr12_9": "query.mark_variant == 9 && query.get_equipped_item_name == 'akr12' && query.is_using_item"
						},
						{
							"akr12_8": "query.mark_variant == 8 && query.get_equipped_item_name == 'akr12' && query.is_using_item"
						},
						{
							"akr12_7": "query.mark_variant == 7 && query.get_equipped_item_name == 'akr12' && query.is_using_item"
						},
						{
							"akr12_6": "query.mark_variant == 6 && query.get_equipped_item_name == 'akr12' && query.is_using_item"
						},
						{
							"akr12_5": "query.mark_variant == 5 && query.get_equipped_item_name == 'akr12' && query.is_using_item"
						},
						{
							"akr12_4": "query.mark_variant == 4 && query.get_equipped_item_name == 'akr12' && query.is_using_item"
						},
						{
							"akr12_3": "query.mark_variant == 3 && query.get_equipped_item_name == 'akr12' && query.is_using_item"
						},
						{
							"akr12_2": "query.mark_variant == 2 && query.get_equipped_item_name == 'akr12' && query.is_using_item"
						},
						{
							"akr12_1": "query.mark_variant == 1 && query.get_equipped_item_name == 'akr12' && query.is_using_item"
						}
					]
				},
				"akr12_31": {
					"transitions": [
						{
							"default": "(1.0)"
						}
					],
					"on_entry": [
						"/replaceitem entity @s slot.weapon.mainhand 0 bridge:akr12 1 30"
					]
				},
				"akr12_30": {
					"transitions": [
						{
							"default": "(1.0)"
						}
					],
					"on_entry": [
						"@s akr12:fire",
						"/playsound gun.akr12 @a[r=10] ~ ~ ~",
						"/replaceitem entity @s slot.weapon.mainhand 0 bridge:akr12 1 29"
					]
				},
				"akr12_29": {
					"transitions": [
						{
							"default": "(1.0)"
						}
					],
					"on_entry": [
						"@s akr12:fire",
						"/playsound gun.akr12 @a[r=10] ~ ~ ~",
						"/replaceitem entity @s slot.weapon.mainhand 0 bridge:akr12 1 28"
					]
				},
				"akr12_28": {
					"transitions": [
						{
							"default": "(1.0)"
						}
					],
					"on_entry": [
						"@s akr12:fire",
						"/playsound gun.akr12 @a[r=10] ~ ~ ~",
						"/replaceitem entity @s slot.weapon.mainhand 0 bridge:akr12 1 27"
					]
				},
				"akr12_27": {
					"transitions": [
						{
							"default": "(1.0)"
						}
					],
					"on_entry": [
						"@s akr12:fire",
						"/playsound gun.akr12 @a[r=10] ~ ~ ~",
						"/replaceitem entity @s slot.weapon.mainhand 0 bridge:akr12 1 26"
					]
				},
				"akr12_26": {
					"transitions": [
						{
							"default": "(1.0)"
						}
					],
					"on_entry": [
						"@s akr12:fire",
						"/playsound gun.akr12 @a[r=10] ~ ~ ~",
						"/replaceitem entity @s slot.weapon.mainhand 0 bridge:akr12 1 25"
					]
				},
				"akr12_25": {
					"transitions": [
						{
							"default": "(1.0)"
						}
					],
					"on_entry": [
						"@s akr12:fire",
						"/playsound gun.akr12 @a[r=10] ~ ~ ~",
						"/replaceitem entity @s slot.weapon.mainhand 0 bridge:akr12 1 24"
					]
				},
				"akr12_24": {
					"transitions": [
						{
							"default": "(1.0)"
						}
					],
					"on_entry": [
						"@s akr12:fire",
						"/playsound gun.akr12 @a[r=10] ~ ~ ~",
						"/replaceitem entity @s slot.weapon.mainhand 0 bridge:akr12 1 23"
					]
				},
				"akr12_23": {
					"transitions": [
						{
							"default": "(1.0)"
						}
					],
					"on_entry": [
						"@s akr12:fire",
						"/playsound gun.akr12 @a[r=10] ~ ~ ~",
						"/replaceitem entity @s slot.weapon.mainhand 0 bridge:akr12 1 22"
					]
				},
				"akr12_22": {
					"transitions": [
						{
							"default": "(1.0)"
						}
					],
					"on_entry": [
						"@s akr12:fire",
						"/playsound gun.akr12 @a[r=10] ~ ~ ~",
						"/replaceitem entity @s slot.weapon.mainhand 0 bridge:akr12 1 21"
					]
				},
				"akr12_21": {
					"transitions": [
						{
							"default": "(1.0)"
						}
					],
					"on_entry": [
						"@s akr12:fire",
						"/playsound gun.akr12 @a[r=10] ~ ~ ~",
						"/replaceitem entity @s slot.weapon.mainhand 0 bridge:akr12 1 20"
					]
				},
				"akr12_20": {
					"transitions": [
						{
							"default": "(1.0)"
						}
					],
					"on_entry": [
						"@s akr12:fire",
						"/playsound gun.akr12 @a[r=10] ~ ~ ~",
						"/replaceitem entity @s slot.weapon.mainhand 0 bridge:akr12 1 19"
					]
				},
				"akr12_19": {
					"transitions": [
						{
							"default": "(1.0)"
						}
					],
					"on_entry": [
						"@s akr12:fire",
						"/playsound gun.akr12 @a[r=10] ~ ~ ~",
						"/replaceitem entity @s slot.weapon.mainhand 0 bridge:akr12 1 18"
					]
				},
				"akr12_18": {
					"transitions": [
						{
							"default": "(1.0)"
						}
					],
					"on_entry": [
						"@s akr12:fire",
						"/playsound gun.akr12 @a[r=10] ~ ~ ~",
						"/replaceitem entity @s slot.weapon.mainhand 0 bridge:akr12 1 17"
					]
				},
				"akr12_17": {
					"transitions": [
						{
							"default": "(1.0)"
						}
					],
					"on_entry": [
						"@s akr12:fire",
						"/playsound gun.akr12 @a[r=10] ~ ~ ~",
						"/replaceitem entity @s slot.weapon.mainhand 0 bridge:akr12 1 16"
					]
				},
				"akr12_16": {
					"transitions": [
						{
							"default": "(1.0)"
						}
					],
					"on_entry": [
						"@s akr12:fire",
						"/playsound gun.akr12 @a[r=10] ~ ~ ~",
						"/replaceitem entity @s slot.weapon.mainhand 0 bridge:akr12 1 15"
					]
				},
				"akr12_15": {
					"transitions": [
						{
							"default": "(1.0)"
						}
					],
					"on_entry": [
						"@s akr12:fire",
						"/playsound gun.akr12 @a[r=10] ~ ~ ~",
						"/replaceitem entity @s slot.weapon.mainhand 0 bridge:akr12 1 14"
					]
				},
				"akr12_14": {
					"transitions": [
						{
							"default": "(1.0)"
						}
					],
					"on_entry": [
						"@s akr12:fire",
						"/playsound gun.akr12 @a[r=10] ~ ~ ~",
						"/replaceitem entity @s slot.weapon.mainhand 0 bridge:akr12 1 13"
					]
				},
				"akr12_13": {
					"transitions": [
						{
							"default": "(1.0)"
						}
					],
					"on_entry": [
						"@s akr12:fire",
						"/playsound gun.akr12 @a[r=10] ~ ~ ~",
						"/replaceitem entity @s slot.weapon.mainhand 0 bridge:akr12 1 12"
					]
				},
				"akr12_12": {
					"transitions": [
						{
							"default": "(1.0)"
						}
					],
					"on_entry": [
						"@s akr12:fire",
						"/playsound gun.akr12 @a[r=10] ~ ~ ~",
						"/replaceitem entity @s slot.weapon.mainhand 0 bridge:akr12 1 11"
					]
				},
				"akr12_11": {
					"transitions": [
						{
							"default": "(1.0)"
						}
					],
					"on_entry": [
						"@s akr12:fire",
						"/playsound gun.akr12 @a[r=10] ~ ~ ~",
						"/replaceitem entity @s slot.weapon.mainhand 0 bridge:akr12 1 10"
					]
				},
				"akr12_10": {
					"transitions": [
						{
							"default": "(1.0)"
						}
					],
					"on_entry": [
						"@s akr12:fire",
						"/playsound gun.akr12 @a[r=10] ~ ~ ~",
						"/replaceitem entity @s slot.weapon.mainhand 0 bridge:akr12 1 9"
					]
				},
				"akr12_9": {
					"transitions": [
						{
							"default": "(1.0)"
						}
					],
					"on_entry": [
						"@s akr12:fire",
						"/playsound gun.akr12 @a[r=10] ~ ~ ~",
						"/replaceitem entity @s slot.weapon.mainhand 0 bridge:akr12 1 8"
					]
				},
				"akr12_8": {
					"transitions": [
						{
							"default": "(1.0)"
						}
					],
					"on_entry": [
						"@s akr12:fire",
						"/playsound gun.akr12 @a[r=10] ~ ~ ~",
						"/replaceitem entity @s slot.weapon.mainhand 0 bridge:akr12 1 7"
					]
				},
				"akr12_7": {
					"transitions": [
						{
							"default": "(1.0)"
						}
					],
					"on_entry": [
						"@s akr12:fire",
						"/playsound gun.akr12 @a[r=10] ~ ~ ~",
						"/replaceitem entity @s slot.weapon.mainhand 0 bridge:akr12 1 6"
					]
				},
				"akr12_6": {
					"transitions": [
						{
							"default": "(1.0)"
						}
					],
					"on_entry": [
						"@s akr12:fire",
						"/playsound gun.akr12 @a[r=10] ~ ~ ~",
						"/replaceitem entity @s slot.weapon.mainhand 0 bridge:akr12 1 5"
					]
				},
				"akr12_5": {
					"transitions": [
						{
							"default": "(1.0)"
						}
					],
					"on_entry": [
						"@s akr12:fire",
						"/playsound gun.akr12 @a[r=10] ~ ~ ~",
						"/replaceitem entity @s slot.weapon.mainhand 0 bridge:akr12 1 4"
					]
				},
				"akr12_4": {
					"transitions": [
						{
							"default": "(1.0)"
						}
					],
					"on_entry": [
						"@s akr12:fire",
						"/playsound gun.akr12 @a[r=10] ~ ~ ~",
						"/replaceitem entity @s slot.weapon.mainhand 0 bridge:akr12 1 3"
					]
				},
				"akr12_3": {
					"transitions": [
						{
							"default": "(1.0)"
						}
					],
					"on_entry": [
						"@s akr12:fire",
						"/playsound gun.akr12 @a[r=10] ~ ~ ~",
						"/replaceitem entity @s slot.weapon.mainhand 0 bridge:akr12 1 2"
					]
				},
				"akr12_2": {
					"transitions": [
						{
							"default": "(1.0)"
						}
					],
					"on_entry": [
						"@s akr12:fire",
						"/playsound gun.akr12 @a[r=10] ~ ~ ~",
						"/replaceitem entity @s slot.weapon.mainhand 0 bridge:akr12 1 1"
					]
				},
				"akr12_1": {
					"transitions": [
						{
							"default": "(1.0)"
						}
					],
					"on_entry": [
						"@s akr12:fire",
						"/playsound gun.akr12 @a[r=10] ~ ~ ~",
						"/replaceitem entity @s slot.weapon.mainhand 0 bridge:akr12_empt 1 0"
					]
				}
			}
		}
	}
}