{
	"format_version": "1.10.0",
	"animation_controllers": {
		"controller.animation.awm": {
			"initial_state": "default",
			"states": {
				"default": {
					"transitions": [
						{
							"awm_11": "query.mark_variant == 11 && query.get_equipped_item_name == 'awm'"
						},
						{
							"awm_10": "query.mark_variant == 10 && query.get_equipped_item_name == 'awm' && query.is_using_item"
						},
						{
							"awm_9": "query.mark_variant == 9 && query.get_equipped_item_name == 'awm' && query.is_using_item"
						},
						{
							"awm_8": "query.mark_variant == 8 && query.get_equipped_item_name == 'awm' && query.is_using_item"
						},
						{
							"awm_7": "query.mark_variant == 7 && query.get_equipped_item_name == 'awm' && query.is_using_item"
						},
						{
							"awm_6": "query.mark_variant == 6 && query.get_equipped_item_name == 'awm' && query.is_using_item"
						},
						{
							"awm_5": "query.mark_variant == 5 && query.get_equipped_item_name == 'awm' && query.is_using_item"
						},
						{
							"awm_4": "query.mark_variant == 4 && query.get_equipped_item_name == 'awm' && query.is_using_item"
						},
						{
							"awm_3": "query.mark_variant == 3 && query.get_equipped_item_name == 'awm' && query.is_using_item"
						},
						{
							"awm_2": "query.mark_variant == 2 && query.get_equipped_item_name == 'awm' && query.is_using_item"
						},
						{
							"awm_1": "query.mark_variant == 1 && query.get_equipped_item_name == 'awm' && query.is_using_item"
						}
					]
				},
				"awm_11": {
					"transitions": [
						{
							"default": "(1.0)"
						}
					],
					"on_entry": [
						"/replaceitem entity @s slot.weapon.mainhand 0 bridge:awm 1 10"
					]
				},
				"awm_10": {
					"transitions": [
						{
							"default": "(1.0)"
						}
					],
					"on_entry": [
						"@s awm:fire",
						"/playsound gun.awm @a[r=20] ~ ~ ~",
						"/replaceitem entity @s slot.weapon.mainhand 0 bridge:awm 1 9"
					]
				},
				"awm_9": {
					"transitions": [
						{
							"default": "(1.0)"
						}
					],
					"on_entry": [
						"@s awm:fire",
						"/playsound gun.awm @a[r=20] ~ ~ ~",
						"/replaceitem entity @s slot.weapon.mainhand 0 bridge:awm 1 8"
					]
				},
				"awm_8": {
					"transitions": [
						{
							"default": "(1.0)"
						}
					],
					"on_entry": [
						"@s awm:fire",
						"/playsound gun.awm @a[r=20] ~ ~ ~",
						"/replaceitem entity @s slot.weapon.mainhand 0 bridge:awm 1 7"
					]
				},
				"awm_7": {
					"transitions": [
						{
							"default": "(1.0)"
						}
					],
					"on_entry": [
						"@s awm:fire",
						"/playsound gun.awm @a[r=20] ~ ~ ~",
						"/replaceitem entity @s slot.weapon.mainhand 0 bridge:awm 1 6"
					]
				},
				"awm_6": {
					"transitions": [
						{
							"default": "(1.0)"
						}
					],
					"on_entry": [
						"@s awm:fire",
						"/playsound gun.awm @a[r=20] ~ ~ ~",
						"/replaceitem entity @s slot.weapon.mainhand 0 bridge:awm 1 5"
					]
				},
				"awm_5": {
					"transitions": [
						{
							"default": "(1.0)"
						}
					],
					"on_entry": [
						"@s awm:fire",
						"/playsound gun.awm @a[r=20] ~ ~ ~",
						"/replaceitem entity @s slot.weapon.mainhand 0 bridge:awm 1 4"
					]
				},
				"awm_4": {
					"transitions": [
						{
							"default": "(1.0)"
						}
					],
					"on_entry": [
						"@s awm:fire",
						"/playsound gun.awm @a[r=20] ~ ~ ~",
						"/replaceitem entity @s slot.weapon.mainhand 0 bridge:awm 1 3"
					]
				},
				"awm_3": {
					"transitions": [
						{
							"default": "(1.0)"
						}
					],
					"on_entry": [
						"@s awm:fire",
						"/playsound gun.awm @a[r=20] ~ ~ ~",
						"/replaceitem entity @s slot.weapon.mainhand 0 bridge:awm 1 2"
					]
				},
				"awm_2": {
					"transitions": [
						{
							"default": "(1.0)"
						}
					],
					"on_entry": [
						"@s awm:fire",
						"/playsound gun.awm @a[r=20] ~ ~ ~",
						"/replaceitem entity @s slot.weapon.mainhand 0 bridge:awm 1 1"
					]
				},
				"awm_1": {
					"transitions": [
						{
							"default": "(1.0)"
						}
					],
					"on_entry": [
						"@s awm:fire",
						"/playsound gun.awm @a[r=20] ~ ~ ~",
						"/replaceitem entity @s slot.weapon.mainhand 0 bridge:awm_empt 1 0"
					]
				}
			}
		}
	}
}