{
	"format_version": "1.10.0",
	"animation_controllers": {
		"controller.animation.awm_ammo": {
			"initial_state": "default",
			"states": {
				"default": {
					"transitions": [
						{
							"awm_10": "query.mark_variant == 10 && query.get_equipped_item_name == 'awm'"
						},
						{
							"awm_9": "query.mark_variant == 9 && query.get_equipped_item_name == 'awm'"
						},
						{
							"awm_8": "query.mark_variant == 8 && query.get_equipped_item_name == 'awm'"
						},
						{
							"awm_7": "query.mark_variant == 7 && query.get_equipped_item_name == 'awm'"
						},
						{
							"awm_6": "query.mark_variant == 6 && query.get_equipped_item_name == 'awm'"
						},
						{
							"awm_5": "query.mark_variant == 5 && query.get_equipped_item_name == 'awm'"
						},
						{
							"awm_4": "query.mark_variant == 4 && query.get_equipped_item_name == 'awm'"
						},
						{
							"awm_3": "query.mark_variant == 3 && query.get_equipped_item_name == 'awm'"
						},
						{
							"awm_2": "query.mark_variant == 2 && query.get_equipped_item_name == 'awm'"
						},
						{
							"awm_1": "query.mark_variant == 1 && query.get_equipped_item_name == 'awm'"
						},
						{
							"awm_0": "query.get_equipped_item_name == 'awm_empt'"
						}
					]
				},
				"awm_10": {
					"transitions": [
						{
							"default": "(1.0)"
						}
					],
					"on_entry": [
						"/title @s actionbar   §l10§r/10"
					]
				},
				"awm_9": {
					"transitions": [
						{
							"default": "(1.0)"
						}
					],
					"on_entry": [
						"/title @s actionbar   §l9§r/10"
					]
				},
				"awm_8": {
					"transitions": [
						{
							"default": "(1.0)"
						}
					],
					"on_entry": [
						"/title @s actionbar   §l8§r/10"
					]
				},
				"awm_7": {
					"transitions": [
						{
							"default": "(1.0)"
						}
					],
					"on_entry": [
						"/title @s actionbar   §l7§r/10"
					]
				},
				"awm_6": {
					"transitions": [
						{
							"default": "(1.0)"
						}
					],
					"on_entry": [
						"/title @s actionbar   §l6§r/10"
					]
				},
				"awm_5": {
					"transitions": [
						{
							"default": "(1.0)"
						}
					],
					"on_entry": [
						"/title @s actionbar   §l5§r/10"
					]
				},
				"awm_4": {
					"transitions": [
						{
							"default": "(1.0)"
						}
					],
					"on_entry": [
						"/title @s actionbar   §l4§r/10"
					]
				},
				"awm_3": {
					"transitions": [
						{
							"default": "(1.0)"
						}
					],
					"on_entry": [
						"/title @s actionbar   §l3§r/10"
					]
				},
				"awm_2": {
					"transitions": [
						{
							"default": "(1.0)"
						}
					],
					"on_entry": [
						"/title @s actionbar   §l2§r/10"
					]
				},
				"awm_1": {
					"transitions": [
						{
							"default": "(1.0)"
						}
					],
					"on_entry": [
						"/title @s actionbar   §l1§r/10"
					]
				},
				"awm_0": {
					"transitions": [
						{
							"default": "(1.0)"
						}
					],
					"on_entry": [
						"/title @s actionbar   §l0§r/10"
					]
				}
			}
		}
	}
}