{
	"format_version": "1.10.0",
	"animation_controllers": {
		"controller.animation.f-s": {
			"initial_state": "default",
			"states": {
				"default": {
					"transitions": [
						{
							"f-s_21": "query.mark_variant == 21 && query.get_equipped_item_name == 'f-s'"
						},
						{
							"f-s_20": "query.mark_variant == 20 && query.get_equipped_item_name == 'f-s' && query.is_using_item"
						},
						{
							"f-s_19": "query.mark_variant == 19 && query.get_equipped_item_name == 'f-s' && query.is_using_item"
						},
						{
							"f-s_18": "query.mark_variant == 18 && query.get_equipped_item_name == 'f-s' && query.is_using_item"
						},
						{
							"f-s_17": "query.mark_variant == 17 && query.get_equipped_item_name == 'f-s' && query.is_using_item"
						},
						{
							"f-s_16": "query.mark_variant == 16 && query.get_equipped_item_name == 'f-s' && query.is_using_item"
						},
						{
							"f-s_15": "query.mark_variant == 15 && query.get_equipped_item_name == 'f-s' && query.is_using_item"
						},
						{
							"f-s_14": "query.mark_variant == 14 && query.get_equipped_item_name == 'f-s' && query.is_using_item"
						},
						{
							"f-s_13": "query.mark_variant == 13 && query.get_equipped_item_name == 'f-s' && query.is_using_item"
						},
						{
							"f-s_12": "query.mark_variant == 12 && query.get_equipped_item_name == 'f-s' && query.is_using_item"
						},
						{
							"f-s_11": "query.mark_variant == 11 && query.get_equipped_item_name == 'f-s' && query.is_using_item"
						},
						{
							"f-s_10": "query.mark_variant == 10 && query.get_equipped_item_name == 'f-s' && query.is_using_item"
						},
						{
							"f-s_9": "query.mark_variant == 9 && query.get_equipped_item_name == 'f-s' && query.is_using_item"
						},
						{
							"f-s_8": "query.mark_variant == 8 && query.get_equipped_item_name == 'f-s' && query.is_using_item"
						},
						{
							"f-s_7": "query.mark_variant == 7 && query.get_equipped_item_name == 'f-s' && query.is_using_item"
						},
						{
							"f-s_6": "query.mark_variant == 6 && query.get_equipped_item_name == 'f-s' && query.is_using_item"
						},
						{
							"f-s_5": "query.mark_variant == 5 && query.get_equipped_item_name == 'f-s' && query.is_using_item"
						},
						{
							"f-s_4": "query.mark_variant == 4 && query.get_equipped_item_name == 'f-s' && query.is_using_item"
						},
						{
							"f-s_3": "query.mark_variant == 3 && query.get_equipped_item_name == 'f-s' && query.is_using_item"
						},
						{
							"f-s_2": "query.mark_variant == 2 && query.get_equipped_item_name == 'f-s' && query.is_using_item"
						},
						{
							"f-s_1": "query.mark_variant == 1 && query.get_equipped_item_name == 'f-s' && query.is_using_item"
						}
					]
				},
				"f-s_21": {
					"transitions": [
						{
							"default": "(1.0)"
						}
					],
					"on_entry": [
						"/replaceitem entity @s slot.weapon.mainhand 0 bridge:f-s 1 20"
					]
				},
				"f-s_20": {
					"transitions": [
						{
							"default": "(1.0)"
						}
					],
					"on_entry": [
						"@s f-s:fire",
						"/playsound gun.f-s @a[r=10] ~ ~ ~",
						"/replaceitem entity @s slot.weapon.mainhand 0 bridge:f-s 1 19"
					]
				},
				"f-s_19": {
					"transitions": [
						{
							"default": "(1.0)"
						}
					],
					"on_entry": [
						"@s f-s:fire",
						"/playsound gun.f-s @a[r=10] ~ ~ ~",
						"/replaceitem entity @s slot.weapon.mainhand 0 bridge:f-s 1 18"
					]
				},
				"f-s_18": {
					"transitions": [
						{
							"default": "(1.0)"
						}
					],
					"on_entry": [
						"@s f-s:fire",
						"/playsound gun.f-s @a[r=10] ~ ~ ~",
						"/replaceitem entity @s slot.weapon.mainhand 0 bridge:f-s 1 17"
					]
				},
				"f-s_17": {
					"transitions": [
						{
							"default": "(1.0)"
						}
					],
					"on_entry": [
						"@s f-s:fire",
						"/playsound gun.f-s @a[r=10] ~ ~ ~",
						"/replaceitem entity @s slot.weapon.mainhand 0 bridge:f-s 1 16"
					]
				},
				"f-s_16": {
					"transitions": [
						{
							"default": "(1.0)"
						}
					],
					"on_entry": [
						"@s f-s:fire",
						"/playsound gun.f-s @a[r=10] ~ ~ ~",
						"/replaceitem entity @s slot.weapon.mainhand 0 bridge:f-s 1 15"
					]
				},
				"f-s_15": {
					"transitions": [
						{
							"default": "(1.0)"
						}
					],
					"on_entry": [
						"@s f-s:fire",
						"/playsound gun.f-s @a[r=10] ~ ~ ~",
						"/replaceitem entity @s slot.weapon.mainhand 0 bridge:f-s 1 14"
					]
				},
				"f-s_14": {
					"transitions": [
						{
							"default": "(1.0)"
						}
					],
					"on_entry": [
						"@s f-s:fire",
						"/playsound gun.f-s @a[r=10] ~ ~ ~",
						"/replaceitem entity @s slot.weapon.mainhand 0 bridge:f-s 1 13"
					]
				},
				"f-s_13": {
					"transitions": [
						{
							"default": "(1.0)"
						}
					],
					"on_entry": [
						"@s f-s:fire",
						"/playsound gun.f-s @a[r=10] ~ ~ ~",
						"/replaceitem entity @s slot.weapon.mainhand 0 bridge:f-s 1 12"
					]
				},
				"f-s_12": {
					"transitions": [
						{
							"default": "(1.0)"
						}
					],
					"on_entry": [
						"@s f-s:fire",
						"/playsound gun.f-s @a[r=10] ~ ~ ~",
						"/replaceitem entity @s slot.weapon.mainhand 0 bridge:f-s 1 11"
					]
				},
				"f-s_11": {
					"transitions": [
						{
							"default": "(1.0)"
						}
					],
					"on_entry": [
						"@s f-s:fire",
						"/playsound gun.f-s @a[r=10] ~ ~ ~",
						"/replaceitem entity @s slot.weapon.mainhand 0 bridge:f-s 1 10"
					]
				},
				"f-s_10": {
					"transitions": [
						{
							"default": "(1.0)"
						}
					],
					"on_entry": [
						"@s f-s:fire",
						"/playsound gun.f-s @a[r=10] ~ ~ ~",
						"/replaceitem entity @s slot.weapon.mainhand 0 bridge:f-s 1 9"
					]
				},
				"f-s_9": {
					"transitions": [
						{
							"default": "(1.0)"
						}
					],
					"on_entry": [
						"@s f-s:fire",
						"/playsound gun.f-s @a[r=10] ~ ~ ~",
						"/replaceitem entity @s slot.weapon.mainhand 0 bridge:f-s 1 8"
					]
				},
				"f-s_8": {
					"transitions": [
						{
							"default": "(1.0)"
						}
					],
					"on_entry": [
						"@s f-s:fire",
						"/playsound gun.f-s @a[r=10] ~ ~ ~",
						"/replaceitem entity @s slot.weapon.mainhand 0 bridge:f-s 1 7"
					]
				},
				"f-s_7": {
					"transitions": [
						{
							"default": "(1.0)"
						}
					],
					"on_entry": [
						"@s f-s:fire",
						"/playsound gun.f-s @a[r=10] ~ ~ ~",
						"/replaceitem entity @s slot.weapon.mainhand 0 bridge:f-s 1 6"
					]
				},
				"f-s_6": {
					"transitions": [
						{
							"default": "(1.0)"
						}
					],
					"on_entry": [
						"@s f-s:fire",
						"/playsound gun.f-s @a[r=10] ~ ~ ~",
						"/replaceitem entity @s slot.weapon.mainhand 0 bridge:f-s 1 5"
					]
				},
				"f-s_5": {
					"transitions": [
						{
							"default": "(1.0)"
						}
					],
					"on_entry": [
						"@s f-s:fire",
						"/playsound gun.f-s @a[r=10] ~ ~ ~",
						"/replaceitem entity @s slot.weapon.mainhand 0 bridge:f-s 1 4"
					]
				},
				"f-s_4": {
					"transitions": [
						{
							"default": "(1.0)"
						}
					],
					"on_entry": [
						"@s f-s:fire",
						"/playsound gun.f-s @a[r=10] ~ ~ ~",
						"/replaceitem entity @s slot.weapon.mainhand 0 bridge:f-s 1 3"
					]
				},
				"f-s_3": {
					"transitions": [
						{
							"default": "(1.0)"
						}
					],
					"on_entry": [
						"@s f-s:fire",
						"/playsound gun.f-s @a[r=10] ~ ~ ~",
						"/replaceitem entity @s slot.weapon.mainhand 0 bridge:f-s 1 2"
					]
				},
				"f-s_2": {
					"transitions": [
						{
							"default": "(1.0)"
						}
					],
					"on_entry": [
						"@s f-s:fire",
						"/playsound gun.f-s @a[r=10] ~ ~ ~",
						"/replaceitem entity @s slot.weapon.mainhand 0 bridge:f-s 1 1"
					]
				},
				"f-s_1": {
					"transitions": [
						{
							"default": "(1.0)"
						}
					],
					"on_entry": [
						"@s f-s:fire",
						"/playsound gun.f-s @a[r=10] ~ ~ ~",
						"/replaceitem entity @s slot.weapon.mainhand 0 bridge:f-s_empt 1 0"
					]
				}
			}
		}
	}
}