{
	"format_version": "1.10.0",
	"animation_controllers": {
		"controller.animation.famas_ammo": {
			"initial_state": "default",
			"states": {
				"default": {
					"transitions": [
						{
							"famas_25": "query.mark_variant == 25 && query.get_equipped_item_name == 'famas'"
						},
						{
							"famas_24": "query.mark_variant == 24 && query.get_equipped_item_name == 'famas'"
						},
						{
							"famas_23": "query.mark_variant == 23 && query.get_equipped_item_name == 'famas'"
						},
						{
							"famas_22": "query.mark_variant == 22 && query.get_equipped_item_name == 'famas'"
						},
						{
							"famas_21": "query.mark_variant == 21 && query.get_equipped_item_name == 'famas'"
						},
						{
							"famas_20": "query.mark_variant == 20 && query.get_equipped_item_name == 'famas'"
						},
						{
							"famas_19": "query.mark_variant == 19 && query.get_equipped_item_name == 'famas'"
						},
						{
							"famas_18": "query.mark_variant == 18 && query.get_equipped_item_name == 'famas'"
						},
						{
							"famas_17": "query.mark_variant == 17 && query.get_equipped_item_name == 'famas'"
						},
						{
							"famas_16": "query.mark_variant == 16 && query.get_equipped_item_name == 'famas'"
						},
						{
							"famas_15": "query.mark_variant == 15 && query.get_equipped_item_name == 'famas'"
						},
						{
							"famas_14": "query.mark_variant == 14 && query.get_equipped_item_name == 'famas'"
						},
						{
							"famas_13": "query.mark_variant == 13 && query.get_equipped_item_name == 'famas'"
						},
						{
							"famas_12": "query.mark_variant == 12 && query.get_equipped_item_name == 'famas'"
						},
						{
							"famas_11": "query.mark_variant == 11 && query.get_equipped_item_name == 'famas'"
						},
						{
							"famas_10": "query.mark_variant == 10 && query.get_equipped_item_name == 'famas'"
						},
						{
							"famas_9": "query.mark_variant == 9 && query.get_equipped_item_name == 'famas'"
						},
						{
							"famas_8": "query.mark_variant == 8 && query.get_equipped_item_name == 'famas'"
						},
						{
							"famas_7": "query.mark_variant == 7 && query.get_equipped_item_name == 'famas'"
						},
						{
							"famas_6": "query.mark_variant == 6 && query.get_equipped_item_name == 'famas'"
						},
						{
							"famas_5": "query.mark_variant == 5 && query.get_equipped_item_name == 'famas'"
						},
						{
							"famas_4": "query.mark_variant == 4 && query.get_equipped_item_name == 'famas'"
						},
						{
							"famas_3": "query.mark_variant == 3 && query.get_equipped_item_name == 'famas'"
						},
						{
							"famas_2": "query.mark_variant == 2 && query.get_equipped_item_name == 'famas'"
						},
						{
							"famas_1": "query.mark_variant == 1 && query.get_equipped_item_name == 'famas'"
						},
						{
							"famas_0": "query.get_equipped_item_name == 'famas_empt'"
						}
					]
				},

				"famas_25": {
					"transitions": [
						{
							"default": "(1.0)"
						}
					],
					"on_entry": [
						"/title @s actionbar   §l25§r/25"
					]
				},
				"famas_24": {
					"transitions": [
						{
							"default": "(1.0)"
						}
					],
					"on_entry": [
						"/title @s actionbar   §l24§r/25"
					]
				},
				"famas_23": {
					"transitions": [
						{
							"default": "(1.0)"
						}
					],
					"on_entry": [
						"/title @s actionbar   §l23§r/25"
					]
				},
				"famas_22": {
					"transitions": [
						{
							"default": "(1.0)"
						}
					],
					"on_entry": [
						"/title @s actionbar   §l22§r/25"
					]
				},
				"famas_21": {
					"transitions": [
						{
							"default": "(1.0)"
						}
					],
					"on_entry": [
						"/title @s actionbar   §l21§r/25"
					]
				},
				"famas_20": {
					"transitions": [
						{
							"default": "(1.0)"
						}
					],
					"on_entry": [
						"/title @s actionbar   §l20§r/25"
					]
				},
				"famas_19": {
					"transitions": [
						{
							"default": "(1.0)"
						}
					],
					"on_entry": [
						"/title @s actionbar   §l19§r/25"
					]
				},
				"famas_18": {
					"transitions": [
						{
							"default": "(1.0)"
						}
					],
					"on_entry": [
						"/title @s actionbar   §l18§r/25"
					]
				},
				"famas_17": {
					"transitions": [
						{
							"default": "(1.0)"
						}
					],
					"on_entry": [
						"/title @s actionbar   §l17§r/25"
					]
				},
				"famas_16": {
					"transitions": [
						{
							"default": "(1.0)"
						}
					],
					"on_entry": [
						"/title @s actionbar   §l16§r/25"
					]
				},
				"famas_15": {
					"transitions": [
						{
							"default": "(1.0)"
						}
					],
					"on_entry": [
						"/title @s actionbar   §l15§r/25"
					]
				},
				"famas_14": {
					"transitions": [
						{
							"default": "(1.0)"
						}
					],
					"on_entry": [
						"/title @s actionbar   §l14§r/25"
					]
				},
				"famas_13": {
					"transitions": [
						{
							"default": "(1.0)"
						}
					],
					"on_entry": [
						"/title @s actionbar   §l13§r/25"
					]
				},
				"famas_12": {
					"transitions": [
						{
							"default": "(1.0)"
						}
					],
					"on_entry": [
						"/title @s actionbar   §l12§r/25"
					]
				},
				"famas_11": {
					"transitions": [
						{
							"default": "(1.0)"
						}
					],
					"on_entry": [
						"/title @s actionbar   §l11§r/25"
					]
				},
				"famas_10": {
					"transitions": [
						{
							"default": "(1.0)"
						}
					],
					"on_entry": [
						"/title @s actionbar   §l10§r/25"
					]
				},
				"famas_9": {
					"transitions": [
						{
							"default": "(1.0)"
						}
					],
					"on_entry": [
						"/title @s actionbar   §l9§r/25"
					]
				},
				"famas_8": {
					"transitions": [
						{
							"default": "(1.0)"
						}
					],
					"on_entry": [
						"/title @s actionbar   §l8§r/25"
					]
				},
				"famas_7": {
					"transitions": [
						{
							"default": "(1.0)"
						}
					],
					"on_entry": [
						"/title @s actionbar   §l7§r/25"
					]
				},
				"famas_6": {
					"transitions": [
						{
							"default": "(1.0)"
						}
					],
					"on_entry": [
						"/title @s actionbar   §l6§r/25"
					]
				},
				"famas_5": {
					"transitions": [
						{
							"default": "(1.0)"
						}
					],
					"on_entry": [
						"/title @s actionbar   §l5§r/25"
					]
				},
				"famas_4": {
					"transitions": [
						{
							"default": "(1.0)"
						}
					],
					"on_entry": [
						"/title @s actionbar   §l4§r/25"
					]
				},
				"famas_3": {
					"transitions": [
						{
							"default": "(1.0)"
						}
					],
					"on_entry": [
						"/title @s actionbar   §l3§r/25"
					]
				},
				"famas_2": {
					"transitions": [
						{
							"default": "(1.0)"
						}
					],
					"on_entry": [
						"/title @s actionbar   §l2§r/25"
					]
				},
				"famas_1": {
					"transitions": [
						{
							"default": "(1.0)"
						}
					],
					"on_entry": [
						"/title @s actionbar   §l1§r/25"
					]
				},
				"famas_0": {
					"transitions": [
						{
							"default": "(1.0)"
						}
					],
					"on_entry": [
						"/title @s actionbar   §l0§r/25"
					]
				}
			}
		}
	}
}