{
	"format_version": "1.10.0",
	"animation_controllers": {
		"controller.animation.m110_ammo": {
			"initial_state": "default",
			"states": {
				"default": {
					"transitions": [
						{
							"m110_20": "query.mark_variant == 20 && query.get_equipped_item_name == 'm110'"
						},
						{
							"m110_19": "query.mark_variant == 19 && query.get_equipped_item_name == 'm110'"
						},
						{
							"m110_18": "query.mark_variant == 18 && query.get_equipped_item_name == 'm110'"
						},
						{
							"m110_17": "query.mark_variant == 17 && query.get_equipped_item_name == 'm110'"
						},
						{
							"m110_16": "query.mark_variant == 16 && query.get_equipped_item_name == 'm110'"
						},
						{
							"m110_15": "query.mark_variant == 15 && query.get_equipped_item_name == 'm110'"
						},
						{
							"m110_14": "query.mark_variant == 14 && query.get_equipped_item_name == 'm110'"
						},
						{
							"m110_13": "query.mark_variant == 13 && query.get_equipped_item_name == 'm110'"
						},
						{
							"m110_12": "query.mark_variant == 12 && query.get_equipped_item_name == 'm110'"
						},
						{
							"m110_11": "query.mark_variant == 11 && query.get_equipped_item_name == 'm110'"
						},
						{
							"m110_10": "query.mark_variant == 10 && query.get_equipped_item_name == 'm110'"
						},
						{
							"m110_9": "query.mark_variant == 9 && query.get_equipped_item_name == 'm110'"
						},
						{
							"m110_8": "query.mark_variant == 8 && query.get_equipped_item_name == 'm110'"
						},
						{
							"m110_7": "query.mark_variant == 7 && query.get_equipped_item_name == 'm110'"
						},
						{
							"m110_6": "query.mark_variant == 6 && query.get_equipped_item_name == 'm110'"
						},
						{
							"m110_5": "query.mark_variant == 5 && query.get_equipped_item_name == 'm110'"
						},
						{
							"m110_4": "query.mark_variant == 4 && query.get_equipped_item_name == 'm110'"
						},
						{
							"m110_3": "query.mark_variant == 3 && query.get_equipped_item_name == 'm110'"
						},
						{
							"m110_2": "query.mark_variant == 2 && query.get_equipped_item_name == 'm110'"
						},
						{
							"m110_1": "query.mark_variant == 1 && query.get_equipped_item_name == 'm110'"
						},
						{
							"m110_0": "query.get_equipped_item_name == 'm110_empt'"
						}
					]
				},
				"m110_20": {
					"transitions": [
						{
							"default": "(1.0)"
						}
					],
					"on_entry": [
						"/title @s actionbar   §l20§r/20"
					]
				},
				"m110_19": {
					"transitions": [
						{
							"default": "(1.0)"
						}
					],
					"on_entry": [
						"/title @s actionbar   §l19§r/20"
					]
				},
				"m110_18": {
					"transitions": [
						{
							"default": "(1.0)"
						}
					],
					"on_entry": [
						"/title @s actionbar   §l18§r/20"
					]
				},
				"m110_17": {
					"transitions": [
						{
							"default": "(1.0)"
						}
					],
					"on_entry": [
						"/title @s actionbar   §l17§r/20"
					]
				},
				"m110_16": {
					"transitions": [
						{
							"default": "(1.0)"
						}
					],
					"on_entry": [
						"/title @s actionbar   §l16§r/20"
					]
				},
				"m110_15": {
					"transitions": [
						{
							"default": "(1.0)"
						}
					],
					"on_entry": [
						"/title @s actionbar   §l15§r/20"
					]
				},
				"m110_14": {
					"transitions": [
						{
							"default": "(1.0)"
						}
					],
					"on_entry": [
						"/title @s actionbar   §l14§r/20"
					]
				},
				"m110_13": {
					"transitions": [
						{
							"default": "(1.0)"
						}
					],
					"on_entry": [
						"/title @s actionbar   §l13§r/20"
					]
				},
				"m110_12": {
					"transitions": [
						{
							"default": "(1.0)"
						}
					],
					"on_entry": [
						"/title @s actionbar   §l12§r/20"
					]
				},
				"m110_11": {
					"transitions": [
						{
							"default": "(1.0)"
						}
					],
					"on_entry": [
						"/title @s actionbar   §l11§r/20"
					]
				},
				"m110_10": {
					"transitions": [
						{
							"default": "(1.0)"
						}
					],
					"on_entry": [
						"/title @s actionbar   §l10§r/20"
					]
				},
				"m110_9": {
					"transitions": [
						{
							"default": "(1.0)"
						}
					],
					"on_entry": [
						"/title @s actionbar   §l9§r/20"
					]
				},
				"m110_8": {
					"transitions": [
						{
							"default": "(1.0)"
						}
					],
					"on_entry": [
						"/title @s actionbar   §l8§r/20"
					]
				},
				"m110_7": {
					"transitions": [
						{
							"default": "(1.0)"
						}
					],
					"on_entry": [
						"/title @s actionbar   §l7§r/20"
					]
				},
				"m110_6": {
					"transitions": [
						{
							"default": "(1.0)"
						}
					],
					"on_entry": [
						"/title @s actionbar   §l6§r/20"
					]
				},
				"m110_5": {
					"transitions": [
						{
							"default": "(1.0)"
						}
					],
					"on_entry": [
						"/title @s actionbar   §l5§r/20"
					]
				},
				"m110_4": {
					"transitions": [
						{
							"default": "(1.0)"
						}
					],
					"on_entry": [
						"/title @s actionbar   §l4§r/20"
					]
				},
				"m110_3": {
					"transitions": [
						{
							"default": "(1.0)"
						}
					],
					"on_entry": [
						"/title @s actionbar   §l3§r/20"
					]
				},
				"m110_2": {
					"transitions": [
						{
							"default": "(1.0)"
						}
					],
					"on_entry": [
						"/title @s actionbar   §l2§r/20"
					]
				},
				"m110_1": {
					"transitions": [
						{
							"default": "(1.0)"
						}
					],
					"on_entry": [
						"/title @s actionbar   §l1§r/20"
					]
				},
				"m110_0": {
					"transitions": [
						{
							"default": "(1.0)"
						}
					],
					"on_entry": [
						"/title @s actionbar   §l0§r/20"
					]
				}
			}
		}
	}
}