{
	"format_version": "1.10.0",
	"animation_controllers": {
		"controller.animation.m16_ammo": {
			"initial_state": "default",
			"states": {
				"default": {
					"transitions": [
						{
							"m16_30": "query.mark_variant == 30 && query.get_equipped_item_name == 'm16'"
						},
						{
							"m16_29": "query.mark_variant == 29 && query.get_equipped_item_name == 'm16'"
						},
						{
							"m16_28": "query.mark_variant == 28 && query.get_equipped_item_name == 'm16'"
						},
						{
							"m16_27": "query.mark_variant == 27 && query.get_equipped_item_name == 'm16'"
						},
						{
							"m16_26": "query.mark_variant == 26 && query.get_equipped_item_name == 'm16'"
						},
						{
							"m16_25": "query.mark_variant == 25 && query.get_equipped_item_name == 'm16'"
						},
						{
							"m16_24": "query.mark_variant == 24 && query.get_equipped_item_name == 'm16'"
						},
						{
							"m16_23": "query.mark_variant == 23 && query.get_equipped_item_name == 'm16'"
						},
						{
							"m16_22": "query.mark_variant == 22 && query.get_equipped_item_name == 'm16'"
						},
						{
							"m16_21": "query.mark_variant == 21 && query.get_equipped_item_name == 'm16'"
						},
						{
							"m16_20": "query.mark_variant == 20 && query.get_equipped_item_name == 'm16'"
						},
						{
							"m16_19": "query.mark_variant == 19 && query.get_equipped_item_name == 'm16'"
						},
						{
							"m16_18": "query.mark_variant == 18 && query.get_equipped_item_name == 'm16'"
						},
						{
							"m16_17": "query.mark_variant == 17 && query.get_equipped_item_name == 'm16'"
						},
						{
							"m16_16": "query.mark_variant == 16 && query.get_equipped_item_name == 'm16'"
						},
						{
							"m16_15": "query.mark_variant == 15 && query.get_equipped_item_name == 'm16'"
						},
						{
							"m16_14": "query.mark_variant == 14 && query.get_equipped_item_name == 'm16'"
						},
						{
							"m16_13": "query.mark_variant == 13 && query.get_equipped_item_name == 'm16'"
						},
						{
							"m16_12": "query.mark_variant == 12 && query.get_equipped_item_name == 'm16'"
						},
						{
							"m16_11": "query.mark_variant == 11 && query.get_equipped_item_name == 'm16'"
						},
						{
							"m16_10": "query.mark_variant == 10 && query.get_equipped_item_name == 'm16'"
						},
						{
							"m16_9": "query.mark_variant == 9 && query.get_equipped_item_name == 'm16'"
						},
						{
							"m16_8": "query.mark_variant == 8 && query.get_equipped_item_name == 'm16'"
						},
						{
							"m16_7": "query.mark_variant == 7 && query.get_equipped_item_name == 'm16'"
						},
						{
							"m16_6": "query.mark_variant == 6 && query.get_equipped_item_name == 'm16'"
						},
						{
							"m16_5": "query.mark_variant == 5 && query.get_equipped_item_name == 'm16'"
						},
						{
							"m16_4": "query.mark_variant == 4 && query.get_equipped_item_name == 'm16'"
						},
						{
							"m16_3": "query.mark_variant == 3 && query.get_equipped_item_name == 'm16'"
						},
						{
							"m16_2": "query.mark_variant == 2 && query.get_equipped_item_name == 'm16'"
						},
						{
							"m16_1": "query.mark_variant == 1 && query.get_equipped_item_name == 'm16'"
						},
						{
							"m16_0": "query.get_equipped_item_name == 'm16_empt'"
						}
					]
				},
				"m16_30": {
					"transitions": [
						{
							"default": "(1.0)"
						}
					],
					"on_entry": [
						"/title @s actionbar   §l30§r/30"
					]
				},
				"m16_29": {
					"transitions": [
						{
							"default": "(1.0)"
						}
					],
					"on_entry": [
						"/title @s actionbar   §l29§r/30"
					]
				},
				"m16_28": {
					"transitions": [
						{
							"default": "(1.0)"
						}
					],
					"on_entry": [
						"/title @s actionbar   §l28§r/30"
					]
				},
				"m16_27": {
					"transitions": [
						{
							"default": "(1.0)"
						}
					],
					"on_entry": [
						"/title @s actionbar   §l27§r/30"
					]
				},
				"m16_26": {
					"transitions": [
						{
							"default": "(1.0)"
						}
					],
					"on_entry": [
						"/title @s actionbar   §l26§r/30"
					]
				},
				"m16_25": {
					"transitions": [
						{
							"default": "(1.0)"
						}
					],
					"on_entry": [
						"/title @s actionbar   §l25§r/30"
					]
				},
				"m16_24": {
					"transitions": [
						{
							"default": "(1.0)"
						}
					],
					"on_entry": [
						"/title @s actionbar   §l24§r/30"
					]
				},
				"m16_23": {
					"transitions": [
						{
							"default": "(1.0)"
						}
					],
					"on_entry": [
						"/title @s actionbar   §l23§r/30"
					]
				},
				"m16_22": {
					"transitions": [
						{
							"default": "(1.0)"
						}
					],
					"on_entry": [
						"/title @s actionbar   §l22§r/30"
					]
				},
				"m16_21": {
					"transitions": [
						{
							"default": "(1.0)"
						}
					],
					"on_entry": [
						"/title @s actionbar   §l21§r/30"
					]
				},
				"m16_20": {
					"transitions": [
						{
							"default": "(1.0)"
						}
					],
					"on_entry": [
						"/title @s actionbar   §l20§r/30"
					]
				},
				"m16_19": {
					"transitions": [
						{
							"default": "(1.0)"
						}
					],
					"on_entry": [
						"/title @s actionbar   §l19§r/30"
					]
				},
				"m16_18": {
					"transitions": [
						{
							"default": "(1.0)"
						}
					],
					"on_entry": [
						"/title @s actionbar   §l18§r/30"
					]
				},
				"m16_17": {
					"transitions": [
						{
							"default": "(1.0)"
						}
					],
					"on_entry": [
						"/title @s actionbar   §l17§r/30"
					]
				},
				"m16_16": {
					"transitions": [
						{
							"default": "(1.0)"
						}
					],
					"on_entry": [
						"/title @s actionbar   §l16§r/30"
					]
				},
				"m16_15": {
					"transitions": [
						{
							"default": "(1.0)"
						}
					],
					"on_entry": [
						"/title @s actionbar   §l15§r/30"
					]
				},
				"m16_14": {
					"transitions": [
						{
							"default": "(1.0)"
						}
					],
					"on_entry": [
						"/title @s actionbar   §l14§r/30"
					]
				},
				"m16_13": {
					"transitions": [
						{
							"default": "(1.0)"
						}
					],
					"on_entry": [
						"/title @s actionbar   §l13§r/30"
					]
				},
				"m16_12": {
					"transitions": [
						{
							"default": "(1.0)"
						}
					],
					"on_entry": [
						"/title @s actionbar   §l12§r/30"
					]
				},
				"m16_11": {
					"transitions": [
						{
							"default": "(1.0)"
						}
					],
					"on_entry": [
						"/title @s actionbar   §l11§r/30"
					]
				},
				"m16_10": {
					"transitions": [
						{
							"default": "(1.0)"
						}
					],
					"on_entry": [
						"/title @s actionbar   §l10§r/30"
					]
				},
				"m16_9": {
					"transitions": [
						{
							"default": "(1.0)"
						}
					],
					"on_entry": [
						"/title @s actionbar   §l9§r/30"
					]
				},
				"m16_8": {
					"transitions": [
						{
							"default": "(1.0)"
						}
					],
					"on_entry": [
						"/title @s actionbar   §l8§r/30"
					]
				},
				"m16_7": {
					"transitions": [
						{
							"default": "(1.0)"
						}
					],
					"on_entry": [
						"/title @s actionbar   §l7§r/30"
					]
				},
				"m16_6": {
					"transitions": [
						{
							"default": "(1.0)"
						}
					],
					"on_entry": [
						"/title @s actionbar   §l6§r/30"
					]
				},
				"m16_5": {
					"transitions": [
						{
							"default": "(1.0)"
						}
					],
					"on_entry": [
						"/title @s actionbar   §l5§r/30"
					]
				},
				"m16_4": {
					"transitions": [
						{
							"default": "(1.0)"
						}
					],
					"on_entry": [
						"/title @s actionbar   §l4§r/30"
					]
				},
				"m16_3": {
					"transitions": [
						{
							"default": "(1.0)"
						}
					],
					"on_entry": [
						"/title @s actionbar   §l3§r/30"
					]
				},
				"m16_2": {
					"transitions": [
						{
							"default": "(1.0)"
						}
					],
					"on_entry": [
						"/title @s actionbar   §l2§r/30"
					]
				},
				"m16_1": {
					"transitions": [
						{
							"default": "(1.0)"
						}
					],
					"on_entry": [
						"/title @s actionbar   §l1§r/30"
					]
				},
				"m16_0": {
					"transitions": [
						{
							"default": "(1.0)"
						}
					],
					"on_entry": [
						"/title @s actionbar   §l0§r/30"
					]
				}
			}
		}
	}
}