{
	"format_version": "1.10.0",
	"animation_controllers": {
		"controller.animation.m4": {
			"initial_state": "default",
			"states": {
				"default": {
					"transitions": [
						{
							"m4_31": "query.mark_variant == 31 && query.get_equipped_item_name == 'm4'"
						},
						{
							"m4_30": "query.mark_variant == 30 && query.get_equipped_item_name == 'm4' && query.is_using_item"
						},
						{
							"m4_29": "query.mark_variant == 29 && query.get_equipped_item_name == 'm4' && query.is_using_item"
						},
						{
							"m4_28": "query.mark_variant == 28 && query.get_equipped_item_name == 'm4' && query.is_using_item"
						},
						{
							"m4_27": "query.mark_variant == 27 && query.get_equipped_item_name == 'm4' && query.is_using_item"
						},
						{
							"m4_26": "query.mark_variant == 26 && query.get_equipped_item_name == 'm4' && query.is_using_item"
						},
						{
							"m4_25": "query.mark_variant == 25 && query.get_equipped_item_name == 'm4' && query.is_using_item"
						},
						{
							"m4_24": "query.mark_variant == 24 && query.get_equipped_item_name == 'm4' && query.is_using_item"
						},
						{
							"m4_23": "query.mark_variant == 23 && query.get_equipped_item_name == 'm4' && query.is_using_item"
						},
						{
							"m4_22": "query.mark_variant == 22 && query.get_equipped_item_name == 'm4' && query.is_using_item"
						},
						{
							"m4_21": "query.mark_variant == 21 && query.get_equipped_item_name == 'm4' && query.is_using_item"
						},
						{
							"m4_20": "query.mark_variant == 20 && query.get_equipped_item_name == 'm4' && query.is_using_item"
						},
						{
							"m4_19": "query.mark_variant == 19 && query.get_equipped_item_name == 'm4' && query.is_using_item"
						},
						{
							"m4_18": "query.mark_variant == 18 && query.get_equipped_item_name == 'm4' && query.is_using_item"
						},
						{
							"m4_17": "query.mark_variant == 17 && query.get_equipped_item_name == 'm4' && query.is_using_item"
						},
						{
							"m4_16": "query.mark_variant == 16 && query.get_equipped_item_name == 'm4' && query.is_using_item"
						},
						{
							"m4_15": "query.mark_variant == 15 && query.get_equipped_item_name == 'm4' && query.is_using_item"
						},
						{
							"m4_14": "query.mark_variant == 14 && query.get_equipped_item_name == 'm4' && query.is_using_item"
						},
						{
							"m4_13": "query.mark_variant == 13 && query.get_equipped_item_name == 'm4' && query.is_using_item"
						},
						{
							"m4_12": "query.mark_variant == 12 && query.get_equipped_item_name == 'm4' && query.is_using_item"
						},
						{
							"m4_11": "query.mark_variant == 11 && query.get_equipped_item_name == 'm4' && query.is_using_item"
						},
						{
							"m4_10": "query.mark_variant == 10 && query.get_equipped_item_name == 'm4' && query.is_using_item"
						},
						{
							"m4_9": "query.mark_variant == 9 && query.get_equipped_item_name == 'm4' && query.is_using_item"
						},
						{
							"m4_8": "query.mark_variant == 8 && query.get_equipped_item_name == 'm4' && query.is_using_item"
						},
						{
							"m4_7": "query.mark_variant == 7 && query.get_equipped_item_name == 'm4' && query.is_using_item"
						},
						{
							"m4_6": "query.mark_variant == 6 && query.get_equipped_item_name == 'm4' && query.is_using_item"
						},
						{
							"m4_5": "query.mark_variant == 5 && query.get_equipped_item_name == 'm4' && query.is_using_item"
						},
						{
							"m4_4": "query.mark_variant == 4 && query.get_equipped_item_name == 'm4' && query.is_using_item"
						},
						{
							"m4_3": "query.mark_variant == 3 && query.get_equipped_item_name == 'm4' && query.is_using_item"
						},
						{
							"m4_2": "query.mark_variant == 2 && query.get_equipped_item_name == 'm4' && query.is_using_item"
						},
						{
							"m4_1": "query.mark_variant == 1 && query.get_equipped_item_name == 'm4' && query.is_using_item"
						}
					]
				},
				"m4_31": {
					"transitions": [
						{
							"default": "(1.0)"
						}
					],
					"on_entry": [
						"/replaceitem entity @s slot.weapon.mainhand 0 bridge:m4 1 30"
					]
				},
				"m4_30": {
					"transitions": [
						{
							"default": "(1.0)"
						}
					],
					"on_entry": [
						"@s m4:fire",
						"/playsound gun.m4 @a[r=10] ~ ~ ~",
						"/replaceitem entity @s slot.weapon.mainhand 0 bridge:m4 1 29"
					]
				},
				"m4_29": {
					"transitions": [
						{
							"default": "(1.0)"
						}
					],
					"on_entry": [
						"@s m4:fire",
						"/playsound gun.m4 @a[r=10] ~ ~ ~",
						"/replaceitem entity @s slot.weapon.mainhand 0 bridge:m4 1 28"
					]
				},
				"m4_28": {
					"transitions": [
						{
							"default": "(1.0)"
						}
					],
					"on_entry": [
						"@s m4:fire",
						"/playsound gun.m4 @a[r=10] ~ ~ ~",
						"/replaceitem entity @s slot.weapon.mainhand 0 bridge:m4 1 27"
					]
				},
				"m4_27": {
					"transitions": [
						{
							"default": "(1.0)"
						}
					],
					"on_entry": [
						"@s m4:fire",
						"/playsound gun.m4 @a[r=10] ~ ~ ~",
						"/replaceitem entity @s slot.weapon.mainhand 0 bridge:m4 1 26"
					]
				},
				"m4_26": {
					"transitions": [
						{
							"default": "(1.0)"
						}
					],
					"on_entry": [
						"@s m4:fire",
						"/playsound gun.m4 @a[r=10] ~ ~ ~",
						"/replaceitem entity @s slot.weapon.mainhand 0 bridge:m4 1 25"
					]
				},
				"m4_25": {
					"transitions": [
						{
							"default": "(1.0)"
						}
					],
					"on_entry": [
						"@s m4:fire",
						"/playsound gun.m4 @a[r=10] ~ ~ ~",
						"/replaceitem entity @s slot.weapon.mainhand 0 bridge:m4 1 24"
					]
				},
				"m4_24": {
					"transitions": [
						{
							"default": "(1.0)"
						}
					],
					"on_entry": [
						"@s m4:fire",
						"/playsound gun.m4 @a[r=10] ~ ~ ~",
						"/replaceitem entity @s slot.weapon.mainhand 0 bridge:m4 1 23"
					]
				},
				"m4_23": {
					"transitions": [
						{
							"default": "(1.0)"
						}
					],
					"on_entry": [
						"@s m4:fire",
						"/playsound gun.m4 @a[r=10] ~ ~ ~",
						"/replaceitem entity @s slot.weapon.mainhand 0 bridge:m4 1 22"
					]
				},
				"m4_22": {
					"transitions": [
						{
							"default": "(1.0)"
						}
					],
					"on_entry": [
						"@s m4:fire",
						"/playsound gun.m4 @a[r=10] ~ ~ ~",
						"/replaceitem entity @s slot.weapon.mainhand 0 bridge:m4 1 21"
					]
				},
				"m4_21": {
					"transitions": [
						{
							"default": "(1.0)"
						}
					],
					"on_entry": [
						"@s m4:fire",
						"/playsound gun.m4 @a[r=10] ~ ~ ~",
						"/replaceitem entity @s slot.weapon.mainhand 0 bridge:m4 1 20"
					]
				},
				"m4_20": {
					"transitions": [
						{
							"default": "(1.0)"
						}
					],
					"on_entry": [
						"@s m4:fire",
						"/playsound gun.m4 @a[r=10] ~ ~ ~",
						"/replaceitem entity @s slot.weapon.mainhand 0 bridge:m4 1 19"
					]
				},
				"m4_19": {
					"transitions": [
						{
							"default": "(1.0)"
						}
					],
					"on_entry": [
						"@s m4:fire",
						"/playsound gun.m4 @a[r=10] ~ ~ ~",
						"/replaceitem entity @s slot.weapon.mainhand 0 bridge:m4 1 18"
					]
				},
				"m4_18": {
					"transitions": [
						{
							"default": "(1.0)"
						}
					],
					"on_entry": [
						"@s m4:fire",
						"/playsound gun.m4 @a[r=10] ~ ~ ~",
						"/replaceitem entity @s slot.weapon.mainhand 0 bridge:m4 1 17"
					]
				},
				"m4_17": {
					"transitions": [
						{
							"default": "(1.0)"
						}
					],
					"on_entry": [
						"@s m4:fire",
						"/playsound gun.m4 @a[r=10] ~ ~ ~",
						"/replaceitem entity @s slot.weapon.mainhand 0 bridge:m4 1 16"
					]
				},
				"m4_16": {
					"transitions": [
						{
							"default": "(1.0)"
						}
					],
					"on_entry": [
						"@s m4:fire",
						"/playsound gun.m4 @a[r=10] ~ ~ ~",
						"/replaceitem entity @s slot.weapon.mainhand 0 bridge:m4 1 15"
					]
				},
				"m4_15": {
					"transitions": [
						{
							"default": "(1.0)"
						}
					],
					"on_entry": [
						"@s m4:fire",
						"/playsound gun.m4 @a[r=10] ~ ~ ~",
						"/replaceitem entity @s slot.weapon.mainhand 0 bridge:m4 1 14"
					]
				},
				"m4_14": {
					"transitions": [
						{
							"default": "(1.0)"
						}
					],
					"on_entry": [
						"@s m4:fire",
						"/playsound gun.m4 @a[r=10] ~ ~ ~",
						"/replaceitem entity @s slot.weapon.mainhand 0 bridge:m4 1 13"
					]
				},
				"m4_13": {
					"transitions": [
						{
							"default": "(1.0)"
						}
					],
					"on_entry": [
						"@s m4:fire",
						"/playsound gun.m4 @a[r=10] ~ ~ ~",
						"/replaceitem entity @s slot.weapon.mainhand 0 bridge:m4 1 12"
					]
				},
				"m4_12": {
					"transitions": [
						{
							"default": "(1.0)"
						}
					],
					"on_entry": [
						"@s m4:fire",
						"/playsound gun.m4 @a[r=10] ~ ~ ~",
						"/replaceitem entity @s slot.weapon.mainhand 0 bridge:m4 1 11"
					]
				},
				"m4_11": {
					"transitions": [
						{
							"default": "(1.0)"
						}
					],
					"on_entry": [
						"@s m4:fire",
						"/playsound gun.m4 @a[r=10] ~ ~ ~",
						"/replaceitem entity @s slot.weapon.mainhand 0 bridge:m4 1 10"
					]
				},
				"m4_10": {
					"transitions": [
						{
							"default": "(1.0)"
						}
					],
					"on_entry": [
						"@s m4:fire",
						"/playsound gun.m4 @a[r=10] ~ ~ ~",
						"/replaceitem entity @s slot.weapon.mainhand 0 bridge:m4 1 9"
					]
				},
				"m4_9": {
					"transitions": [
						{
							"default": "(1.0)"
						}
					],
					"on_entry": [
						"@s m4:fire",
						"/playsound gun.m4 @a[r=10] ~ ~ ~",
						"/replaceitem entity @s slot.weapon.mainhand 0 bridge:m4 1 8"
					]
				},
				"m4_8": {
					"transitions": [
						{
							"default": "(1.0)"
						}
					],
					"on_entry": [
						"@s m4:fire",
						"/playsound gun.m4 @a[r=10] ~ ~ ~",
						"/replaceitem entity @s slot.weapon.mainhand 0 bridge:m4 1 7"
					]
				},
				"m4_7": {
					"transitions": [
						{
							"default": "(1.0)"
						}
					],
					"on_entry": [
						"@s m4:fire",
						"/playsound gun.m4 @a[r=10] ~ ~ ~",
						"/replaceitem entity @s slot.weapon.mainhand 0 bridge:m4 1 6"
					]
				},
				"m4_6": {
					"transitions": [
						{
							"default": "(1.0)"
						}
					],
					"on_entry": [
						"@s m4:fire",
						"/playsound gun.m4 @a[r=10] ~ ~ ~",
						"/replaceitem entity @s slot.weapon.mainhand 0 bridge:m4 1 5"
					]
				},
				"m4_5": {
					"transitions": [
						{
							"default": "(1.0)"
						}
					],
					"on_entry": [
						"@s m4:fire",
						"/playsound gun.m4 @a[r=10] ~ ~ ~",
						"/replaceitem entity @s slot.weapon.mainhand 0 bridge:m4 1 4"
					]
				},
				"m4_4": {
					"transitions": [
						{
							"default": "(1.0)"
						}
					],
					"on_entry": [
						"@s m4:fire",
						"/playsound gun.m4 @a[r=10] ~ ~ ~",
						"/replaceitem entity @s slot.weapon.mainhand 0 bridge:m4 1 3"
					]
				},
				"m4_3": {
					"transitions": [
						{
							"default": "(1.0)"
						}
					],
					"on_entry": [
						"@s m4:fire",
						"/playsound gun.m4 @a[r=10] ~ ~ ~",
						"/replaceitem entity @s slot.weapon.mainhand 0 bridge:m4 1 2"
					]
				},
				"m4_2": {
					"transitions": [
						{
							"default": "(1.0)"
						}
					],
					"on_entry": [
						"@s m4:fire",
						"/playsound gun.m4 @a[r=10] ~ ~ ~",
						"/replaceitem entity @s slot.weapon.mainhand 0 bridge:m4 1 1"
					]
				},
				"m4_1": {
					"transitions": [
						{
							"default": "(1.0)"
						}
					],
					"on_entry": [
						"@s m4:fire",
						"/playsound gun.m4 @a[r=10] ~ ~ ~",
						"/replaceitem entity @s slot.weapon.mainhand 0 bridge:m4_empt 1 0"
					]
				}
			}
		}
	}
}