{
	"format_version": "1.10.0",
	"animation_controllers": {
		"controller.animation.mp5": {
			"initial_state": "default",
			"states": {
				"default": {
					"transitions": [
						{
							"mp5_31": "query.mark_variant == 31 && query.get_equipped_item_name == 'mp5'"
						},
						{
							"mp5_30": "query.mark_variant == 30 && query.get_equipped_item_name == 'mp5' && query.is_using_item"
						},
						{
							"mp5_29": "query.mark_variant == 29 && query.get_equipped_item_name == 'mp5' && query.is_using_item"
						},
						{
							"mp5_28": "query.mark_variant == 28 && query.get_equipped_item_name == 'mp5' && query.is_using_item"
						},
						{
							"mp5_27": "query.mark_variant == 27 && query.get_equipped_item_name == 'mp5' && query.is_using_item"
						},
						{
							"mp5_26": "query.mark_variant == 26 && query.get_equipped_item_name == 'mp5' && query.is_using_item"
						},
						{
							"mp5_25": "query.mark_variant == 25 && query.get_equipped_item_name == 'mp5' && query.is_using_item"
						},
						{
							"mp5_24": "query.mark_variant == 24 && query.get_equipped_item_name == 'mp5' && query.is_using_item"
						},
						{
							"mp5_23": "query.mark_variant == 23 && query.get_equipped_item_name == 'mp5' && query.is_using_item"
						},
						{
							"mp5_22": "query.mark_variant == 22 && query.get_equipped_item_name == 'mp5' && query.is_using_item"
						},
						{
							"mp5_21": "query.mark_variant == 21 && query.get_equipped_item_name == 'mp5' && query.is_using_item"
						},
						{
							"mp5_20": "query.mark_variant == 20 && query.get_equipped_item_name == 'mp5' && query.is_using_item"
						},
						{
							"mp5_19": "query.mark_variant == 19 && query.get_equipped_item_name == 'mp5' && query.is_using_item"
						},
						{
							"mp5_18": "query.mark_variant == 18 && query.get_equipped_item_name == 'mp5' && query.is_using_item"
						},
						{
							"mp5_17": "query.mark_variant == 17 && query.get_equipped_item_name == 'mp5' && query.is_using_item"
						},
						{
							"mp5_16": "query.mark_variant == 16 && query.get_equipped_item_name == 'mp5' && query.is_using_item"
						},
						{
							"mp5_15": "query.mark_variant == 15 && query.get_equipped_item_name == 'mp5' && query.is_using_item"
						},
						{
							"mp5_14": "query.mark_variant == 14 && query.get_equipped_item_name == 'mp5' && query.is_using_item"
						},
						{
							"mp5_13": "query.mark_variant == 13 && query.get_equipped_item_name == 'mp5' && query.is_using_item"
						},
						{
							"mp5_12": "query.mark_variant == 12 && query.get_equipped_item_name == 'mp5' && query.is_using_item"
						},
						{
							"mp5_11": "query.mark_variant == 11 && query.get_equipped_item_name == 'mp5' && query.is_using_item"
						},
						{
							"mp5_10": "query.mark_variant == 10 && query.get_equipped_item_name == 'mp5' && query.is_using_item"
						},
						{
							"mp5_9": "query.mark_variant == 9 && query.get_equipped_item_name == 'mp5' && query.is_using_item"
						},
						{
							"mp5_8": "query.mark_variant == 8 && query.get_equipped_item_name == 'mp5' && query.is_using_item"
						},
						{
							"mp5_7": "query.mark_variant == 7 && query.get_equipped_item_name == 'mp5' && query.is_using_item"
						},
						{
							"mp5_6": "query.mark_variant == 6 && query.get_equipped_item_name == 'mp5' && query.is_using_item"
						},
						{
							"mp5_5": "query.mark_variant == 5 && query.get_equipped_item_name == 'mp5' && query.is_using_item"
						},
						{
							"mp5_4": "query.mark_variant == 4 && query.get_equipped_item_name == 'mp5' && query.is_using_item"
						},
						{
							"mp5_3": "query.mark_variant == 3 && query.get_equipped_item_name == 'mp5' && query.is_using_item"
						},
						{
							"mp5_2": "query.mark_variant == 2 && query.get_equipped_item_name == 'mp5' && query.is_using_item"
						},
						{
							"mp5_1": "query.mark_variant == 1 && query.get_equipped_item_name == 'mp5' && query.is_using_item"
						}
					]
				},
				"mp5_31": {
					"transitions": [
						{
							"default": "(1.0)"
						}
					],
					"on_entry": [
						"/replaceitem entity @s slot.weapon.mainhand 0 bridge:mp5 1 30"
					]
				},
				"mp5_30": {
					"transitions": [
						{
							"default": "(1.0)"
						}
					],
					"on_entry": [
						"@s mp5:fire",
						"/playsound gun.mp5 @a[r=10] ~ ~ ~",
						"/replaceitem entity @s slot.weapon.mainhand 0 bridge:mp5 1 29"
					]
				},
				"mp5_29": {
					"transitions": [
						{
							"default": "(1.0)"
						}
					],
					"on_entry": [
						"@s mp5:fire",
						"/playsound gun.mp5 @a[r=10] ~ ~ ~",
						"/replaceitem entity @s slot.weapon.mainhand 0 bridge:mp5 1 28"
					]
				},
				"mp5_28": {
					"transitions": [
						{
							"default": "(1.0)"
						}
					],
					"on_entry": [
						"@s mp5:fire",
						"/playsound gun.mp5 @a[r=10] ~ ~ ~",
						"/replaceitem entity @s slot.weapon.mainhand 0 bridge:mp5 1 27"
					]
				},
				"mp5_27": {
					"transitions": [
						{
							"default": "(1.0)"
						}
					],
					"on_entry": [
						"@s mp5:fire",
						"/playsound gun.mp5 @a[r=10] ~ ~ ~",
						"/replaceitem entity @s slot.weapon.mainhand 0 bridge:mp5 1 26"
					]
				},
				"mp5_26": {
					"transitions": [
						{
							"default": "(1.0)"
						}
					],
					"on_entry": [
						"@s mp5:fire",
						"/playsound gun.mp5 @a[r=10] ~ ~ ~",
						"/replaceitem entity @s slot.weapon.mainhand 0 bridge:mp5 1 25"
					]
				},
				"mp5_25": {
					"transitions": [
						{
							"default": "(1.0)"
						}
					],
					"on_entry": [
						"@s mp5:fire",
						"/playsound gun.mp5 @a[r=10] ~ ~ ~",
						"/replaceitem entity @s slot.weapon.mainhand 0 bridge:mp5 1 24"
					]
				},
				"mp5_24": {
					"transitions": [
						{
							"default": "(1.0)"
						}
					],
					"on_entry": [
						"@s mp5:fire",
						"/playsound gun.mp5 @a[r=10] ~ ~ ~",
						"/replaceitem entity @s slot.weapon.mainhand 0 bridge:mp5 1 23"
					]
				},
				"mp5_23": {
					"transitions": [
						{
							"default": "(1.0)"
						}
					],
					"on_entry": [
						"@s mp5:fire",
						"/playsound gun.mp5 @a[r=10] ~ ~ ~",
						"/replaceitem entity @s slot.weapon.mainhand 0 bridge:mp5 1 22"
					]
				},
				"mp5_22": {
					"transitions": [
						{
							"default": "(1.0)"
						}
					],
					"on_entry": [
						"@s mp5:fire",
						"/playsound gun.mp5 @a[r=10] ~ ~ ~",
						"/replaceitem entity @s slot.weapon.mainhand 0 bridge:mp5 1 21"
					]
				},
				"mp5_21": {
					"transitions": [
						{
							"default": "(1.0)"
						}
					],
					"on_entry": [
						"@s mp5:fire",
						"/playsound gun.mp5 @a[r=10] ~ ~ ~",
						"/replaceitem entity @s slot.weapon.mainhand 0 bridge:mp5 1 20"
					]
				},
				"mp5_20": {
					"transitions": [
						{
							"default": "(1.0)"
						}
					],
					"on_entry": [
						"@s mp5:fire",
						"/playsound gun.mp5 @a[r=10] ~ ~ ~",
						"/replaceitem entity @s slot.weapon.mainhand 0 bridge:mp5 1 19"
					]
				},
				"mp5_19": {
					"transitions": [
						{
							"default": "(1.0)"
						}
					],
					"on_entry": [
						"@s mp5:fire",
						"/playsound gun.mp5 @a[r=10] ~ ~ ~",
						"/replaceitem entity @s slot.weapon.mainhand 0 bridge:mp5 1 18"
					]
				},
				"mp5_18": {
					"transitions": [
						{
							"default": "(1.0)"
						}
					],
					"on_entry": [
						"@s mp5:fire",
						"/playsound gun.mp5 @a[r=10] ~ ~ ~",
						"/replaceitem entity @s slot.weapon.mainhand 0 bridge:mp5 1 17"
					]
				},
				"mp5_17": {
					"transitions": [
						{
							"default": "(1.0)"
						}
					],
					"on_entry": [
						"@s mp5:fire",
						"/playsound gun.mp5 @a[r=10] ~ ~ ~",
						"/replaceitem entity @s slot.weapon.mainhand 0 bridge:mp5 1 16"
					]
				},
				"mp5_16": {
					"transitions": [
						{
							"default": "(1.0)"
						}
					],
					"on_entry": [
						"@s mp5:fire",
						"/playsound gun.mp5 @a[r=10] ~ ~ ~",
						"/replaceitem entity @s slot.weapon.mainhand 0 bridge:mp5 1 15"
					]
				},
				"mp5_15": {
					"transitions": [
						{
							"default": "(1.0)"
						}
					],
					"on_entry": [
						"@s mp5:fire",
						"/playsound gun.mp5 @a[r=10] ~ ~ ~",
						"/replaceitem entity @s slot.weapon.mainhand 0 bridge:mp5 1 14"
					]
				},
				"mp5_14": {
					"transitions": [
						{
							"default": "(1.0)"
						}
					],
					"on_entry": [
						"@s mp5:fire",
						"/playsound gun.mp5 @a[r=10] ~ ~ ~",
						"/replaceitem entity @s slot.weapon.mainhand 0 bridge:mp5 1 13"
					]
				},
				"mp5_13": {
					"transitions": [
						{
							"default": "(1.0)"
						}
					],
					"on_entry": [
						"@s mp5:fire",
						"/playsound gun.mp5 @a[r=10] ~ ~ ~",
						"/replaceitem entity @s slot.weapon.mainhand 0 bridge:mp5 1 12"
					]
				},
				"mp5_12": {
					"transitions": [
						{
							"default": "(1.0)"
						}
					],
					"on_entry": [
						"@s mp5:fire",
						"/playsound gun.mp5 @a[r=10] ~ ~ ~",
						"/replaceitem entity @s slot.weapon.mainhand 0 bridge:mp5 1 11"
					]
				},
				"mp5_11": {
					"transitions": [
						{
							"default": "(1.0)"
						}
					],
					"on_entry": [
						"@s mp5:fire",
						"/playsound gun.mp5 @a[r=10] ~ ~ ~",
						"/replaceitem entity @s slot.weapon.mainhand 0 bridge:mp5 1 10"
					]
				},
				"mp5_10": {
					"transitions": [
						{
							"default": "(1.0)"
						}
					],
					"on_entry": [
						"@s mp5:fire",
						"/playsound gun.mp5 @a[r=10] ~ ~ ~",
						"/replaceitem entity @s slot.weapon.mainhand 0 bridge:mp5 1 9"
					]
				},
				"mp5_9": {
					"transitions": [
						{
							"default": "(1.0)"
						}
					],
					"on_entry": [
						"@s mp5:fire",
						"/playsound gun.mp5 @a[r=10] ~ ~ ~",
						"/replaceitem entity @s slot.weapon.mainhand 0 bridge:mp5 1 8"
					]
				},
				"mp5_8": {
					"transitions": [
						{
							"default": "(1.0)"
						}
					],
					"on_entry": [
						"@s mp5:fire",
						"/playsound gun.mp5 @a[r=10] ~ ~ ~",
						"/replaceitem entity @s slot.weapon.mainhand 0 bridge:mp5 1 7"
					]
				},
				"mp5_7": {
					"transitions": [
						{
							"default": "(1.0)"
						}
					],
					"on_entry": [
						"@s mp5:fire",
						"/playsound gun.mp5 @a[r=10] ~ ~ ~",
						"/replaceitem entity @s slot.weapon.mainhand 0 bridge:mp5 1 6"
					]
				},
				"mp5_6": {
					"transitions": [
						{
							"default": "(1.0)"
						}
					],
					"on_entry": [
						"@s mp5:fire",
						"/playsound gun.mp5 @a[r=10] ~ ~ ~",
						"/replaceitem entity @s slot.weapon.mainhand 0 bridge:mp5 1 5"
					]
				},
				"mp5_5": {
					"transitions": [
						{
							"default": "(1.0)"
						}
					],
					"on_entry": [
						"@s mp5:fire",
						"/playsound gun.mp5 @a[r=10] ~ ~ ~",
						"/replaceitem entity @s slot.weapon.mainhand 0 bridge:mp5 1 4"
					]
				},
				"mp5_4": {
					"transitions": [
						{
							"default": "(1.0)"
						}
					],
					"on_entry": [
						"@s mp5:fire",
						"/playsound gun.mp5 @a[r=10] ~ ~ ~",
						"/replaceitem entity @s slot.weapon.mainhand 0 bridge:mp5 1 3"
					]
				},
				"mp5_3": {
					"transitions": [
						{
							"default": "(1.0)"
						}
					],
					"on_entry": [
						"@s mp5:fire",
						"/playsound gun.mp5 @a[r=10] ~ ~ ~",
						"/replaceitem entity @s slot.weapon.mainhand 0 bridge:mp5 1 2"
					]
				},
				"mp5_2": {
					"transitions": [
						{
							"default": "(1.0)"
						}
					],
					"on_entry": [
						"@s mp5:fire",
						"/playsound gun.mp5 @a[r=10] ~ ~ ~",
						"/replaceitem entity @s slot.weapon.mainhand 0 bridge:mp5 1 1"
					]
				},
				"mp5_1": {
					"transitions": [
						{
							"default": "(1.0)"
						}
					],
					"on_entry": [
						"@s mp5:fire",
						"/playsound gun.mp5 @a[r=10] ~ ~ ~",
						"/replaceitem entity @s slot.weapon.mainhand 0 bridge:mp5_empt 1 0"
					]
				}
			}
		}
	}
}