{
	"format_version": "1.10.0",
	"animation_controllers": {
		"controller.animation.p350_ammo": {
			"initial_state": "default",
			"states": {
				"default": {
					"transitions": [
						{
							"p350_13": "query.mark_variant == 13 && query.get_equipped_item_name == 'p350'"
						},
						{
							"p350_12": "query.mark_variant == 12 && query.get_equipped_item_name == 'p350'"
						},
						{
							"p350_11": "query.mark_variant == 11 && query.get_equipped_item_name == 'p350'"
						},
						{
							"p350_10": "query.mark_variant == 10 && query.get_equipped_item_name == 'p350'"
						},
						{
							"p350_9": "query.mark_variant == 9 && query.get_equipped_item_name == 'p350'"
						},
						{
							"p350_8": "query.mark_variant == 8 && query.get_equipped_item_name == 'p350'"
						},
						{
							"p350_7": "query.mark_variant == 7 && query.get_equipped_item_name == 'p350'"
						},
						{
							"p350_6": "query.mark_variant == 6 && query.get_equipped_item_name == 'p350'"
						},
						{
							"p350_5": "query.mark_variant == 5 && query.get_equipped_item_name == 'p350'"
						},
						{
							"p350_4": "query.mark_variant == 4 && query.get_equipped_item_name == 'p350'"
						},
						{
							"p350_3": "query.mark_variant == 3 && query.get_equipped_item_name == 'p350'"
						},
						{
							"p350_2": "query.mark_variant == 2 && query.get_equipped_item_name == 'p350'"
						},
						{
							"p350_1": "query.mark_variant == 1 && query.get_equipped_item_name == 'p350'"
						},
						{
							"p350_0": "query.get_equipped_item_name == 'p350_empt'"
						}
					]
				},
				"p350_13": {
					"transitions": [
						{
							"default": "(1.0)"
						}
					],
					"on_entry": [
						"/title @s actionbar   §l13§r/13"
					]
				},
				"p350_12": {
					"transitions": [
						{
							"default": "(1.0)"
						}
					],
					"on_entry": [
						"/title @s actionbar   §l12§r/13"
					]
				},
				"p350_11": {
					"transitions": [
						{
							"default": "(1.0)"
						}
					],
					"on_entry": [
						"/title @s actionbar   §l11§r/13"
					]
				},
				"p350_10": {
					"transitions": [
						{
							"default": "(1.0)"
						}
					],
					"on_entry": [
						"/title @s actionbar   §l10§r/13"
					]
				},
				"p350_9": {
					"transitions": [
						{
							"default": "(1.0)"
						}
					],
					"on_entry": [
						"/title @s actionbar   §l9§r/13"
					]
				},
				"p350_8": {
					"transitions": [
						{
							"default": "(1.0)"
						}
					],
					"on_entry": [
						"/title @s actionbar   §l8§r/13"
					]
				},
				"p350_7": {
					"transitions": [
						{
							"default": "(1.0)"
						}
					],
					"on_entry": [
						"/title @s actionbar   §l7§r/13"
					]
				},
				"p350_6": {
					"transitions": [
						{
							"default": "(1.0)"
						}
					],
					"on_entry": [
						"/title @s actionbar   §l6§r/13"
					]
				},
				"p350_5": {
					"transitions": [
						{
							"default": "(1.0)"
						}
					],
					"on_entry": [
						"/title @s actionbar   §l5§r/13"
					]
				},
				"p350_4": {
					"transitions": [
						{
							"default": "(1.0)"
						}
					],
					"on_entry": [
						"/title @s actionbar   §l4§r/13"
					]
				},
				"p350_3": {
					"transitions": [
						{
							"default": "(1.0)"
						}
					],
					"on_entry": [
						"/title @s actionbar   §l3§r/13"
					]
				},
				"p350_2": {
					"transitions": [
						{
							"default": "(1.0)"
						}
					],
					"on_entry": [
						"/title @s actionbar   §l2§r/13"
					]
				},
				"p350_1": {
					"transitions": [
						{
							"default": "(1.0)"
						}
					],
					"on_entry": [
						"/title @s actionbar   §l1§r/13"
					]
				},
				"p350_0": {
					"transitions": [
						{
							"default": "(1.0)"
						}
					],
					"on_entry": [
						"/title @s actionbar   §l0§r/13"
					]
				}
			}
		}
	}
}