{
	"format_version": "1.10.0",
	"animation_controllers": {
		"controller.animation.p350": {
			"initial_state": "default",
			"states": {
				"default": {
					"transitions": [
						{
							"p350_14": "query.mark_variant == 19 && query.get_equipped_item_name == 'p350'"
						},
						{
							"p350_13": "query.mark_variant == 13 && query.get_equipped_item_name == 'p350' && query.is_using_item"
						},
						{
							"p350_12": "query.mark_variant == 12 && query.get_equipped_item_name == 'p350' && query.is_using_item"
						},
						{
							"p350_11": "query.mark_variant == 11 && query.get_equipped_item_name == 'p350' && query.is_using_item"
						},
						{
							"p350_10": "query.mark_variant == 10 && query.get_equipped_item_name == 'p350' && query.is_using_item"
						},
						{
							"p350_9": "query.mark_variant == 9 && query.get_equipped_item_name == 'p350' && query.is_using_item"
						},
						{
							"p350_8": "query.mark_variant == 8 && query.get_equipped_item_name == 'p350' && query.is_using_item"
						},
						{
							"p350_7": "query.mark_variant == 7 && query.get_equipped_item_name == 'p350' && query.is_using_item"
						},
						{
							"p350_6": "query.mark_variant == 6 && query.get_equipped_item_name == 'p350' && query.is_using_item"
						},
						{
							"p350_5": "query.mark_variant == 5 && query.get_equipped_item_name == 'p350' && query.is_using_item"
						},
						{
							"p350_4": "query.mark_variant == 4 && query.get_equipped_item_name == 'p350' && query.is_using_item"
						},
						{
							"p350_3": "query.mark_variant == 3 && query.get_equipped_item_name == 'p350' && query.is_using_item"
						},
						{
							"p350_2": "query.mark_variant == 2 && query.get_equipped_item_name == 'p350' && query.is_using_item"
						},
						{
							"p350_1": "query.mark_variant == 1 && query.get_equipped_item_name == 'p350' && query.is_using_item"
						}
					]
				},
				"p350_14": {
					"transitions": [
						{
							"default": "(1.0)"
						}
					],
					"on_entry": [
						"/replaceitem entity @s slot.weapon.mainhand 0 bridge:p350 1 13"
					]
				},
				"p350_13": {
					"transitions": [
						{
							"default": "(1.0)"
						}
					],
					"on_entry": [
						"@s p350:fire",
						"/playsound gun.p350 @a[r=10] ~ ~ ~",
						"/replaceitem entity @s slot.weapon.mainhand 0 bridge:p350 1 12"
					]
				},
				"p350_12": {
					"transitions": [
						{
							"default": "(1.0)"
						}
					],
					"on_entry": [
						"@s p350:fire",
						"/playsound gun.p350 @a[r=10] ~ ~ ~",
						"/replaceitem entity @s slot.weapon.mainhand 0 bridge:p350 1 11"
					]
				},
				"p350_11": {
					"transitions": [
						{
							"default": "(1.0)"
						}
					],
					"on_entry": [
						"@s p350:fire",
						"/playsound gun.p350 @a[r=10] ~ ~ ~",
						"/replaceitem entity @s slot.weapon.mainhand 0 bridge:p350 1 10"
					]
				},
				"p350_10": {
					"transitions": [
						{
							"default": "(1.0)"
						}
					],
					"on_entry": [
						"@s p350:fire",
						"/playsound gun.p350 @a[r=10] ~ ~ ~",
						"/replaceitem entity @s slot.weapon.mainhand 0 bridge:p350 1 9"
					]
				},
				"p350_9": {
					"transitions": [
						{
							"default": "(1.0)"
						}
					],
					"on_entry": [
						"@s p350:fire",
						"/playsound gun.p350 @a[r=10] ~ ~ ~",
						"/replaceitem entity @s slot.weapon.mainhand 0 bridge:p350 1 8"
					]
				},
				"p350_8": {
					"transitions": [
						{
							"default": "(1.0)"
						}
					],
					"on_entry": [
						"@s p350:fire",
						"/playsound gun.p350 @a[r=10] ~ ~ ~",
						"/replaceitem entity @s slot.weapon.mainhand 0 bridge:p350 1 7"
					]
				},
				"p350_7": {
					"transitions": [
						{
							"default": "(1.0)"
						}
					],
					"on_entry": [
						"@s p350:fire",
						"/playsound gun.p350 @a[r=10] ~ ~ ~",
						"/replaceitem entity @s slot.weapon.mainhand 0 bridge:p350 1 6"
					]
				},
				"p350_6": {
					"transitions": [
						{
							"default": "(1.0)"
						}
					],
					"on_entry": [
						"@s p350:fire",
						"/playsound gun.p350 @a[r=10] ~ ~ ~",
						"/replaceitem entity @s slot.weapon.mainhand 0 bridge:p350 1 5"
					]
				},
				"p350_5": {
					"transitions": [
						{
							"default": "(1.0)"
						}
					],
					"on_entry": [
						"@s p350:fire",
						"/playsound gun.p350 @a[r=10] ~ ~ ~",
						"/replaceitem entity @s slot.weapon.mainhand 0 bridge:p350 1 4"
					]
				},
				"p350_4": {
					"transitions": [
						{
							"default": "(1.0)"
						}
					],
					"on_entry": [
						"@s p350:fire",
						"/playsound gun.p350 @a[r=10] ~ ~ ~",
						"/replaceitem entity @s slot.weapon.mainhand 0 bridge:p350 1 3"
					]
				},
				"p350_3": {
					"transitions": [
						{
							"default": "(1.0)"
						}
					],
					"on_entry": [
						"@s p350:fire",
						"/playsound gun.p350 @a[r=10] ~ ~ ~",
						"/replaceitem entity @s slot.weapon.mainhand 0 bridge:p350 1 2"
					]
				},
				"p350_2": {
					"transitions": [
						{
							"default": "(1.0)"
						}
					],
					"on_entry": [
						"@s p350:fire",
						"/playsound gun.p350 @a[r=10] ~ ~ ~",
						"/replaceitem entity @s slot.weapon.mainhand 0 bridge:p350 1 1"
					]
				},
				"p350_1": {
					"transitions": [
						{
							"default": "(1.0)"
						}
					],
					"on_entry": [
						"@s p350:fire",
						"/playsound gun.p350 @a[r=10] ~ ~ ~",
						"/replaceitem entity @s slot.weapon.mainhand 0 bridge:p350_empt 1 0"
					]
				}
			}
		}
	}
}