{
	"format_version": "1.10.0",
	"animation_controllers": {
		"controller.animation.scopes": {
			"initial_state": "default",
			"states": {
				"default": {
					"transitions": [
						{
							"m16_mira": "query.get_equipped_item_name == 'm16' || query.get_equipped_item_name == 'm16_empt' && query.is_sneaking"
						},
						{
							"m40_mira": "query.get_equipped_item_name == 'm40' || query.get_equipped_item_name == 'm40_empt' && query.is_sneaking"
						},
						{
							"m110_mira": "query.get_equipped_item_name == 'm110' || query.get_equipped_item_name == 'm110_empt' && query.is_sneaking"
						},
						{
							"akr12_mira": "query.get_equipped_item_name == 'akr12' || query.get_equipped_item_name == 'akr12_empt' && query.is_sneaking"
						},
						{
							"awm_mira": "query.get_equipped_item_name == 'awm' || query.get_equipped_item_name == 'awm_empt' && query.is_sneaking"
						}
					]
				},
				"m16_mira": {
					"transitions": [
						{
							"default": "(1.0)"
						}
					],
					"on_entry": [
						"/effect @s slowness 1 5 true"
					]
				},
				"m40_mira": {
					"transitions": [
						{
							"default": "(1.0)"
						}
					],
					"on_entry": [
						"/effect @s slowness 1 7 true"
					]
				},
				"m110_mira": {
					"transitions": [
						{
							"default": "(1.0)"
						}
					],
					"on_entry": [
						"/effect @s slowness 1 7 true"
					]
				},
				"akr12_mira": {
					"transitions": [
						{
							"default": "(1.0)"
						}
					],
					"on_entry": [
						"/effect @s slowness 1 5 true"
					]
				},
				"awm_mira": {
					"transitions": [
						{
							"default": "(1.0)"
						}
					],
					"on_entry": [
						"/effect @s slowness 1 7 true"
					]
				}
			}
		}
	}
}