{
	"format_version": "1.10.0",
	"animation_controllers": {
		"controller.animation.sm1014": {
			"initial_state": "default",
			"states": {
				"default": {
					"transitions": [
						{
							"sm1014_8": "query.mark_variant == 8 && query.get_equipped_item_name == 'sm1014'"
						},
						{
							"sm1014_7": "query.mark_variant == 7 && query.get_equipped_item_name == 'sm1014' && query.is_using_item"
						},
						{
							"sm1014_6": "query.mark_variant == 6 && query.get_equipped_item_name == 'sm1014' && query.is_using_item"
						},
						{
							"sm1014_5": "query.mark_variant == 5 && query.get_equipped_item_name == 'sm1014' && query.is_using_item"
						},
						{
							"sm1014_4": "query.mark_variant == 4 && query.get_equipped_item_name == 'sm1014' && query.is_using_item"
						},
						{
							"sm1014_3": "query.mark_variant == 3 && query.get_equipped_item_name == 'sm1014' && query.is_using_item"
						},
						{
							"sm1014_2": "query.mark_variant == 2 && query.get_equipped_item_name == 'sm1014' && query.is_using_item"
						},
						{
							"sm1014_1": "query.mark_variant == 1 && query.get_equipped_item_name == 'sm1014' && query.is_using_item"
						}
					]
				},
				"sm1014_8": {
					"transitions": [
						{
							"default": "(1.0)"
						}
					],
					"on_entry": [
						"/replaceitem entity @s slot.weapon.mainhand 0 bridge:sm1014 1 7"
					]
				},
				"sm1014_7": {
					"transitions": [
						{
							"default": "(1.0)"
						}
					],
					"on_entry": [
						"@s sm1014:fire",
						"/playsound gun.sm1014 @a[r=20] ~ ~ ~",
						"/replaceitem entity @s slot.weapon.mainhand 0 bridge:sm1014 1 6"
					]
				},
				"sm1014_6": {
					"transitions": [
						{
							"default": "(1.0)"
						}
					],
					"on_entry": [
						"@s sm1014:fire",
						"/playsound gun.sm1014 @a[r=20] ~ ~ ~",
						"/replaceitem entity @s slot.weapon.mainhand 0 bridge:sm1014 1 5"
					]
				},
				"sm1014_5": {
					"transitions": [
						{
							"default": "(1.0)"
						}
					],
					"on_entry": [
						"@s sm1014:fire",
						"/playsound gun.sm1014 @a[r=20] ~ ~ ~",
						"/replaceitem entity @s slot.weapon.mainhand 0 bridge:sm1014 1 4"
					]
				},
				"sm1014_4": {
					"transitions": [
						{
							"default": "(1.0)"
						}
					],
					"on_entry": [
						"@s sm1014:fire",
						"/playsound gun.sm1014 @a[r=20] ~ ~ ~",
						"/replaceitem entity @s slot.weapon.mainhand 0 bridge:sm1014 1 3"
					]
				},
				"sm1014_3": {
					"transitions": [
						{
							"default": "(1.0)"
						}
					],
					"on_entry": [
						"@s sm1014:fire",
						"/playsound gun.sm1014 @a[r=20] ~ ~ ~",
						"/replaceitem entity @s slot.weapon.mainhand 0 bridge:sm1014 1 2"
					]
				},
				"sm1014_2": {
					"transitions": [
						{
							"default": "(1.0)"
						}
					],
					"on_entry": [
						"@s sm1014:fire",
						"/playsound gun.sm1014 @a[r=20] ~ ~ ~",
						"/replaceitem entity @s slot.weapon.mainhand 0 bridge:sm1014 1 1"
					]
				},
				"sm1014_1": {
					"transitions": [
						{
							"default": "(1.0)"
						}
					],
					"on_entry": [
						"@s sm1014:fire",
						"/playsound gun.sm1014 @a[r=20] ~ ~ ~",
						"/replaceitem entity @s slot.weapon.mainhand 0 bridge:sm1014_empt 1 0"
					]
				}
			}
		}
	}
}