{
	"format_version": "1.10.0",
	"animation_controllers": {
		"controller.animation.tec9_ammo": {
			"initial_state": "default",
			"states": {
				"default": {
					"transitions": [
						{
							"tec9_18": "query.mark_variant == 18 && query.get_equipped_item_name == 'tec9'"
						},
						{
							"tec9_17": "query.mark_variant == 17 && query.get_equipped_item_name == 'tec9'"
						},
						{
							"tec9_16": "query.mark_variant == 16 && query.get_equipped_item_name == 'tec9'"
						},
						{
							"tec9_15": "query.mark_variant == 15 && query.get_equipped_item_name == 'tec9'"
						},
						{
							"tec9_14": "query.mark_variant == 14 && query.get_equipped_item_name == 'tec9'"
						},
						{
							"tec9_13": "query.mark_variant == 13 && query.get_equipped_item_name == 'tec9'"
						},
						{
							"tec9_12": "query.mark_variant == 12 && query.get_equipped_item_name == 'tec9'"
						},
						{
							"tec9_11": "query.mark_variant == 11 && query.get_equipped_item_name == 'tec9'"
						},
						{
							"tec9_10": "query.mark_variant == 10 && query.get_equipped_item_name == 'tec9'"
						},
						{
							"tec9_9": "query.mark_variant == 9 && query.get_equipped_item_name == 'tec9'"
						},
						{
							"tec9_8": "query.mark_variant == 8 && query.get_equipped_item_name == 'tec9'"
						},
						{
							"tec9_7": "query.mark_variant == 7 && query.get_equipped_item_name == 'tec9'"
						},
						{
							"tec9_6": "query.mark_variant == 6 && query.get_equipped_item_name == 'tec9'"
						},
						{
							"tec9_5": "query.mark_variant == 5 && query.get_equipped_item_name == 'tec9'"
						},
						{
							"tec9_4": "query.mark_variant == 4 && query.get_equipped_item_name == 'tec9'"
						},
						{
							"tec9_3": "query.mark_variant == 3 && query.get_equipped_item_name == 'tec9'"
						},
						{
							"tec9_2": "query.mark_variant == 2 && query.get_equipped_item_name == 'tec9'"
						},
						{
							"tec9_1": "query.mark_variant == 1 && query.get_equipped_item_name == 'tec9'"
						},
						{
							"tec9_0": "query.get_equipped_item_name == 'tec9_empt'"
						}
					]
				},
				"tec9_18": {
					"transitions": [
						{
							"default": "(1.0)"
						}
					],
					"on_entry": [
						"/title @s actionbar   §l18§r/18"
					]
				},
				"tec9_17": {
					"transitions": [
						{
							"default": "(1.0)"
						}
					],
					"on_entry": [
						"/title @s actionbar   §l17§r/18"
					]
				},
				"tec9_16": {
					"transitions": [
						{
							"default": "(1.0)"
						}
					],
					"on_entry": [
						"/title @s actionbar   §l16§r/18"
					]
				},
				"tec9_15": {
					"transitions": [
						{
							"default": "(1.0)"
						}
					],
					"on_entry": [
						"/title @s actionbar   §l15§r/18"
					]
				},
				"tec9_14": {
					"transitions": [
						{
							"default": "(1.0)"
						}
					],
					"on_entry": [
						"/title @s actionbar   §l14§r/18"
					]
				},
				"tec9_13": {
					"transitions": [
						{
							"default": "(1.0)"
						}
					],
					"on_entry": [
						"/title @s actionbar   §l13§r/18"
					]
				},
				"tec9_12": {
					"transitions": [
						{
							"default": "(1.0)"
						}
					],
					"on_entry": [
						"/title @s actionbar   §l12§r/18"
					]
				},
				"tec9_11": {
					"transitions": [
						{
							"default": "(1.0)"
						}
					],
					"on_entry": [
						"/title @s actionbar   §l11§r/18"
					]
				},
				"tec9_10": {
					"transitions": [
						{
							"default": "(1.0)"
						}
					],
					"on_entry": [
						"/title @s actionbar   §l10§r/18"
					]
				},
				"tec9_9": {
					"transitions": [
						{
							"default": "(1.0)"
						}
					],
					"on_entry": [
						"/title @s actionbar   §l9§r/18"
					]
				},
				"tec9_8": {
					"transitions": [
						{
							"default": "(1.0)"
						}
					],
					"on_entry": [
						"/title @s actionbar   §l8§r/18"
					]
				},
				"tec9_7": {
					"transitions": [
						{
							"default": "(1.0)"
						}
					],
					"on_entry": [
						"/title @s actionbar   §l7§r/18"
					]
				},
				"tec9_6": {
					"transitions": [
						{
							"default": "(1.0)"
						}
					],
					"on_entry": [
						"/title @s actionbar   §l6§r/18"
					]
				},
				"tec9_5": {
					"transitions": [
						{
							"default": "(1.0)"
						}
					],
					"on_entry": [
						"/title @s actionbar   §l5§r/18"
					]
				},
				"tec9_4": {
					"transitions": [
						{
							"default": "(1.0)"
						}
					],
					"on_entry": [
						"/title @s actionbar   §l4§r/18"
					]
				},
				"tec9_3": {
					"transitions": [
						{
							"default": "(1.0)"
						}
					],
					"on_entry": [
						"/title @s actionbar   §l3§r/18"
					]
				},
				"tec9_2": {
					"transitions": [
						{
							"default": "(1.0)"
						}
					],
					"on_entry": [
						"/title @s actionbar   §l2§r/18"
					]
				},
				"tec9_1": {
					"transitions": [
						{
							"default": "(1.0)"
						}
					],
					"on_entry": [
						"/title @s actionbar   §l1§r/18"
					]
				},
				"tec9_0": {
					"transitions": [
						{
							"default": "(1.0)"
						}
					],
					"on_entry": [
						"/title @s actionbar   §l0§r/18"
					]
				}
			}
		}
	}
}