{
	"format_version": "1.10.0",
	"animation_controllers": {
		"controller.animation.ump45": {
			"initial_state": "default",
			"states": {
				"default": {
					"transitions": [
						{
							"ump45_31": "query.mark_variant == 31 && query.get_equipped_item_name == 'ump45'"
						},
						{
							"ump45_30": "query.mark_variant == 30 && query.get_equipped_item_name == 'ump45' && query.is_using_item"
						},
						{
							"ump45_29": "query.mark_variant == 29 && query.get_equipped_item_name == 'ump45' && query.is_using_item"
						},
						{
							"ump45_28": "query.mark_variant == 28 && query.get_equipped_item_name == 'ump45' && query.is_using_item"
						},
						{
							"ump45_27": "query.mark_variant == 27 && query.get_equipped_item_name == 'ump45' && query.is_using_item"
						},
						{
							"ump45_26": "query.mark_variant == 26 && query.get_equipped_item_name == 'ump45' && query.is_using_item"
						},
						{
							"ump45_25": "query.mark_variant == 25 && query.get_equipped_item_name == 'ump45' && query.is_using_item"
						},
						{
							"ump45_24": "query.mark_variant == 24 && query.get_equipped_item_name == 'ump45' && query.is_using_item"
						},
						{
							"ump45_23": "query.mark_variant == 23 && query.get_equipped_item_name == 'ump45' && query.is_using_item"
						},
						{
							"ump45_22": "query.mark_variant == 22 && query.get_equipped_item_name == 'ump45' && query.is_using_item"
						},
						{
							"ump45_21": "query.mark_variant == 21 && query.get_equipped_item_name == 'ump45' && query.is_using_item"
						},
						{
							"ump45_20": "query.mark_variant == 20 && query.get_equipped_item_name == 'ump45' && query.is_using_item"
						},
						{
							"ump45_19": "query.mark_variant == 19 && query.get_equipped_item_name == 'ump45' && query.is_using_item"
						},
						{
							"ump45_18": "query.mark_variant == 18 && query.get_equipped_item_name == 'ump45' && query.is_using_item"
						},
						{
							"ump45_17": "query.mark_variant == 17 && query.get_equipped_item_name == 'ump45' && query.is_using_item"
						},
						{
							"ump45_16": "query.mark_variant == 16 && query.get_equipped_item_name == 'ump45' && query.is_using_item"
						},
						{
							"ump45_15": "query.mark_variant == 15 && query.get_equipped_item_name == 'ump45' && query.is_using_item"
						},
						{
							"ump45_14": "query.mark_variant == 14 && query.get_equipped_item_name == 'ump45' && query.is_using_item"
						},
						{
							"ump45_13": "query.mark_variant == 13 && query.get_equipped_item_name == 'ump45' && query.is_using_item"
						},
						{
							"ump45_12": "query.mark_variant == 12 && query.get_equipped_item_name == 'ump45' && query.is_using_item"
						},
						{
							"ump45_11": "query.mark_variant == 11 && query.get_equipped_item_name == 'ump45' && query.is_using_item"
						},
						{
							"ump45_10": "query.mark_variant == 10 && query.get_equipped_item_name == 'ump45' && query.is_using_item"
						},
						{
							"ump45_9": "query.mark_variant == 9 && query.get_equipped_item_name == 'ump45' && query.is_using_item"
						},
						{
							"ump45_8": "query.mark_variant == 8 && query.get_equipped_item_name == 'ump45' && query.is_using_item"
						},
						{
							"ump45_7": "query.mark_variant == 7 && query.get_equipped_item_name == 'ump45' && query.is_using_item"
						},
						{
							"ump45_6": "query.mark_variant == 6 && query.get_equipped_item_name == 'ump45' && query.is_using_item"
						},
						{
							"ump45_5": "query.mark_variant == 5 && query.get_equipped_item_name == 'ump45' && query.is_using_item"
						},
						{
							"ump45_4": "query.mark_variant == 4 && query.get_equipped_item_name == 'ump45' && query.is_using_item"
						},
						{
							"ump45_3": "query.mark_variant == 3 && query.get_equipped_item_name == 'ump45' && query.is_using_item"
						},
						{
							"ump45_2": "query.mark_variant == 2 && query.get_equipped_item_name == 'ump45' && query.is_using_item"
						},
						{
							"ump45_1": "query.mark_variant == 1 && query.get_equipped_item_name == 'ump45' && query.is_using_item"
						}
					]
				},
				"ump45_31": {
					"transitions": [
						{
							"default": "(1.0)"
						}
					],
					"on_entry": [
						"/replaceitem entity @s slot.weapon.mainhand 0 bridge:ump45 1 30"
					]
				},
				"ump45_30": {
					"transitions": [
						{
							"default": "(1.0)"
						}
					],
					"on_entry": [
						"@s ump45:fire",
						"/playsound gun.ump45 @a[r=10] ~ ~ ~",
						"/replaceitem entity @s slot.weapon.mainhand 0 bridge:ump45 1 29"
					]
				},
				"ump45_29": {
					"transitions": [
						{
							"default": "(1.0)"
						}
					],
					"on_entry": [
						"@s ump45:fire",
						"/playsound gun.ump45 @a[r=10] ~ ~ ~",
						"/replaceitem entity @s slot.weapon.mainhand 0 bridge:ump45 1 28"
					]
				},
				"ump45_28": {
					"transitions": [
						{
							"default": "(1.0)"
						}
					],
					"on_entry": [
						"@s ump45:fire",
						"/playsound gun.ump45 @a[r=10] ~ ~ ~",
						"/replaceitem entity @s slot.weapon.mainhand 0 bridge:ump45 1 27"
					]
				},
				"ump45_27": {
					"transitions": [
						{
							"default": "(1.0)"
						}
					],
					"on_entry": [
						"@s ump45:fire",
						"/playsound gun.ump45 @a[r=10] ~ ~ ~",
						"/replaceitem entity @s slot.weapon.mainhand 0 bridge:ump45 1 26"
					]
				},
				"ump45_26": {
					"transitions": [
						{
							"default": "(1.0)"
						}
					],
					"on_entry": [
						"@s ump45:fire",
						"/playsound gun.ump45 @a[r=10] ~ ~ ~",
						"/replaceitem entity @s slot.weapon.mainhand 0 bridge:ump45 1 25"
					]
				},
				"ump45_25": {
					"transitions": [
						{
							"default": "(1.0)"
						}
					],
					"on_entry": [
						"@s ump45:fire",
						"/playsound gun.ump45 @a[r=10] ~ ~ ~",
						"/replaceitem entity @s slot.weapon.mainhand 0 bridge:ump45 1 24"
					]
				},
				"ump45_24": {
					"transitions": [
						{
							"default": "(1.0)"
						}
					],
					"on_entry": [
						"@s ump45:fire",
						"/playsound gun.ump45 @a[r=10] ~ ~ ~",
						"/replaceitem entity @s slot.weapon.mainhand 0 bridge:ump45 1 23"
					]
				},
				"ump45_23": {
					"transitions": [
						{
							"default": "(1.0)"
						}
					],
					"on_entry": [
						"@s ump45:fire",
						"/playsound gun.ump45 @a[r=10] ~ ~ ~",
						"/replaceitem entity @s slot.weapon.mainhand 0 bridge:ump45 1 22"
					]
				},
				"ump45_22": {
					"transitions": [
						{
							"default": "(1.0)"
						}
					],
					"on_entry": [
						"@s ump45:fire",
						"/playsound gun.ump45 @a[r=10] ~ ~ ~",
						"/replaceitem entity @s slot.weapon.mainhand 0 bridge:ump45 1 21"
					]
				},
				"ump45_21": {
					"transitions": [
						{
							"default": "(1.0)"
						}
					],
					"on_entry": [
						"@s ump45:fire",
						"/playsound gun.ump45 @a[r=10] ~ ~ ~",
						"/replaceitem entity @s slot.weapon.mainhand 0 bridge:ump45 1 20"
					]
				},
				"ump45_20": {
					"transitions": [
						{
							"default": "(1.0)"
						}
					],
					"on_entry": [
						"@s ump45:fire",
						"/playsound gun.ump45 @a[r=10] ~ ~ ~",
						"/replaceitem entity @s slot.weapon.mainhand 0 bridge:ump45 1 19"
					]
				},
				"ump45_19": {
					"transitions": [
						{
							"default": "(1.0)"
						}
					],
					"on_entry": [
						"@s ump45:fire",
						"/playsound gun.ump45 @a[r=10] ~ ~ ~",
						"/replaceitem entity @s slot.weapon.mainhand 0 bridge:ump45 1 18"
					]
				},
				"ump45_18": {
					"transitions": [
						{
							"default": "(1.0)"
						}
					],
					"on_entry": [
						"@s ump45:fire",
						"/playsound gun.ump45 @a[r=10] ~ ~ ~",
						"/replaceitem entity @s slot.weapon.mainhand 0 bridge:ump45 1 17"
					]
				},
				"ump45_17": {
					"transitions": [
						{
							"default": "(1.0)"
						}
					],
					"on_entry": [
						"@s ump45:fire",
						"/playsound gun.ump45 @a[r=10] ~ ~ ~",
						"/replaceitem entity @s slot.weapon.mainhand 0 bridge:ump45 1 16"
					]
				},
				"ump45_16": {
					"transitions": [
						{
							"default": "(1.0)"
						}
					],
					"on_entry": [
						"@s ump45:fire",
						"/playsound gun.ump45 @a[r=10] ~ ~ ~",
						"/replaceitem entity @s slot.weapon.mainhand 0 bridge:ump45 1 15"
					]
				},
				"ump45_15": {
					"transitions": [
						{
							"default": "(1.0)"
						}
					],
					"on_entry": [
						"@s ump45:fire",
						"/playsound gun.ump45 @a[r=10] ~ ~ ~",
						"/replaceitem entity @s slot.weapon.mainhand 0 bridge:ump45 1 14"
					]
				},
				"ump45_14": {
					"transitions": [
						{
							"default": "(1.0)"
						}
					],
					"on_entry": [
						"@s ump45:fire",
						"/playsound gun.ump45 @a[r=10] ~ ~ ~",
						"/replaceitem entity @s slot.weapon.mainhand 0 bridge:ump45 1 13"
					]
				},
				"ump45_13": {
					"transitions": [
						{
							"default": "(1.0)"
						}
					],
					"on_entry": [
						"@s ump45:fire",
						"/playsound gun.ump45 @a[r=10] ~ ~ ~",
						"/replaceitem entity @s slot.weapon.mainhand 0 bridge:ump45 1 12"
					]
				},
				"ump45_12": {
					"transitions": [
						{
							"default": "(1.0)"
						}
					],
					"on_entry": [
						"@s ump45:fire",
						"/playsound gun.ump45 @a[r=10] ~ ~ ~",
						"/replaceitem entity @s slot.weapon.mainhand 0 bridge:ump45 1 11"
					]
				},
				"ump45_11": {
					"transitions": [
						{
							"default": "(1.0)"
						}
					],
					"on_entry": [
						"@s ump45:fire",
						"/playsound gun.ump45 @a[r=10] ~ ~ ~",
						"/replaceitem entity @s slot.weapon.mainhand 0 bridge:ump45 1 10"
					]
				},
				"ump45_10": {
					"transitions": [
						{
							"default": "(1.0)"
						}
					],
					"on_entry": [
						"@s ump45:fire",
						"/playsound gun.ump45 @a[r=10] ~ ~ ~",
						"/replaceitem entity @s slot.weapon.mainhand 0 bridge:ump45 1 9"
					]
				},
				"ump45_9": {
					"transitions": [
						{
							"default": "(1.0)"
						}
					],
					"on_entry": [
						"@s ump45:fire",
						"/playsound gun.ump45 @a[r=10] ~ ~ ~",
						"/replaceitem entity @s slot.weapon.mainhand 0 bridge:ump45 1 8"
					]
				},
				"ump45_8": {
					"transitions": [
						{
							"default": "(1.0)"
						}
					],
					"on_entry": [
						"@s ump45:fire",
						"/playsound gun.ump45 @a[r=10] ~ ~ ~",
						"/replaceitem entity @s slot.weapon.mainhand 0 bridge:ump45 1 7"
					]
				},
				"ump45_7": {
					"transitions": [
						{
							"default": "(1.0)"
						}
					],
					"on_entry": [
						"@s ump45:fire",
						"/playsound gun.ump45 @a[r=10] ~ ~ ~",
						"/replaceitem entity @s slot.weapon.mainhand 0 bridge:ump45 1 6"
					]
				},
				"ump45_6": {
					"transitions": [
						{
							"default": "(1.0)"
						}
					],
					"on_entry": [
						"@s ump45:fire",
						"/playsound gun.ump45 @a[r=10] ~ ~ ~",
						"/replaceitem entity @s slot.weapon.mainhand 0 bridge:ump45 1 5"
					]
				},
				"ump45_5": {
					"transitions": [
						{
							"default": "(1.0)"
						}
					],
					"on_entry": [
						"@s ump45:fire",
						"/playsound gun.ump45 @a[r=10] ~ ~ ~",
						"/replaceitem entity @s slot.weapon.mainhand 0 bridge:ump45 1 4"
					]
				},
				"ump45_4": {
					"transitions": [
						{
							"default": "(1.0)"
						}
					],
					"on_entry": [
						"@s ump45:fire",
						"/playsound gun.ump45 @a[r=10] ~ ~ ~",
						"/replaceitem entity @s slot.weapon.mainhand 0 bridge:ump45 1 3"
					]
				},
				"ump45_3": {
					"transitions": [
						{
							"default": "(1.0)"
						}
					],
					"on_entry": [
						"@s ump45:fire",
						"/playsound gun.ump45 @a[r=10] ~ ~ ~",
						"/replaceitem entity @s slot.weapon.mainhand 0 bridge:ump45 1 2"
					]
				},
				"ump45_2": {
					"transitions": [
						{
							"default": "(1.0)"
						}
					],
					"on_entry": [
						"@s ump45:fire",
						"/playsound gun.ump45 @a[r=10] ~ ~ ~",
						"/replaceitem entity @s slot.weapon.mainhand 0 bridge:ump45 1 1"
					]
				},
				"ump45_1": {
					"transitions": [
						{
							"default": "(1.0)"
						}
					],
					"on_entry": [
						"@s ump45:fire",
						"/playsound gun.ump45 @a[r=10] ~ ~ ~",
						"/replaceitem entity @s slot.weapon.mainhand 0 bridge:ump45_empt 1 0"
					]
				}
			}
		}
	}
}