{
	"format_version": "1.10.0",
	"animation_controllers": {
		"controller.animation.usp": {
			"initial_state": "default",
			"states": {
				"default": {
					"transitions": [
						{
							"usp_13": "query.mark_variant == 13 && query.get_equipped_item_name == 'usp'"
						},
						{
							"usp_12": "query.mark_variant == 12 && query.get_equipped_item_name == 'usp' && query.is_using_item"
						},
						{
							"usp_11": "query.mark_variant == 11 && query.get_equipped_item_name == 'usp' && query.is_using_item"
						},
						{
							"usp_10": "query.mark_variant == 10 && query.get_equipped_item_name == 'usp' && query.is_using_item"
						},
						{
							"usp_9": "query.mark_variant == 9 && query.get_equipped_item_name == 'usp' && query.is_using_item"
						},
						{
							"usp_8": "query.mark_variant == 8 && query.get_equipped_item_name == 'usp' && query.is_using_item"
						},
						{
							"usp_7": "query.mark_variant == 7 && query.get_equipped_item_name == 'usp' && query.is_using_item"
						},
						{
							"usp_6": "query.mark_variant == 6 && query.get_equipped_item_name == 'usp' && query.is_using_item"
						},
						{
							"usp_5": "query.mark_variant == 5 && query.get_equipped_item_name == 'usp' && query.is_using_item"
						},
						{
							"usp_4": "query.mark_variant == 4 && query.get_equipped_item_name == 'usp' && query.is_using_item"
						},
						{
							"usp_3": "query.mark_variant == 3 && query.get_equipped_item_name == 'usp' && query.is_using_item"
						},
						{
							"usp_2": "query.mark_variant == 2 && query.get_equipped_item_name == 'usp' && query.is_using_item"
						},
						{
							"usp_1": "query.mark_variant == 1 && query.get_equipped_item_name == 'usp' && query.is_using_item"
						}
					]
				},
				"usp_13": {
					"transitions": [
						{
							"default": "(1.0)"
						}
					],
					"on_entry": [
						"/replaceitem entity @s slot.weapon.mainhand 0 bridge:usp 1 12"
					]
				},
				"usp_12": {
					"transitions": [
						{
							"default": "(1.0)"
						}
					],
					"on_entry": [
						"@s usp:fire",
						"/playsound gun.usp @a[r=10] ~ ~ ~",
						"/replaceitem entity @s slot.weapon.mainhand 0 bridge:usp 1 11"
					]
				},
				"usp_11": {
					"transitions": [
						{
							"default": "(1.0)"
						}
					],
					"on_entry": [
						"@s usp:fire",
						"/playsound gun.usp @a[r=10] ~ ~ ~",
						"/replaceitem entity @s slot.weapon.mainhand 0 bridge:usp 1 10"
					]
				},
				"usp_10": {
					"transitions": [
						{
							"default": "(1.0)"
						}
					],
					"on_entry": [
						"@s usp:fire",
						"/playsound gun.usp @a[r=10] ~ ~ ~",
						"/replaceitem entity @s slot.weapon.mainhand 0 bridge:usp 1 9"
					]
				},
				"usp_9": {
					"transitions": [
						{
							"default": "(1.0)"
						}
					],
					"on_entry": [
						"@s usp:fire",
						"/playsound gun.usp @a[r=10] ~ ~ ~",
						"/replaceitem entity @s slot.weapon.mainhand 0 bridge:usp 1 8"
					]
				},
				"usp_8": {
					"transitions": [
						{
							"default": "(1.0)"
						}
					],
					"on_entry": [
						"@s usp:fire",
						"/playsound gun.usp @a[r=10] ~ ~ ~",
						"/replaceitem entity @s slot.weapon.mainhand 0 bridge:usp 1 7"
					]
				},
				"usp_7": {
					"transitions": [
						{
							"default": "(1.0)"
						}
					],
					"on_entry": [
						"@s usp:fire",
						"/playsound gun.usp @a[r=10] ~ ~ ~",
						"/replaceitem entity @s slot.weapon.mainhand 0 bridge:usp 1 6"
					]
				},
				"usp_6": {
					"transitions": [
						{
							"default": "(1.0)"
						}
					],
					"on_entry": [
						"@s usp:fire",
						"/playsound gun.usp @a[r=10] ~ ~ ~",
						"/replaceitem entity @s slot.weapon.mainhand 0 bridge:usp 1 5"
					]
				},
				"usp_5": {
					"transitions": [
						{
							"default": "(1.0)"
						}
					],
					"on_entry": [
						"@s usp:fire",
						"/playsound gun.usp @a[r=10] ~ ~ ~",
						"/replaceitem entity @s slot.weapon.mainhand 0 bridge:usp 1 4"
					]
				},
				"usp_4": {
					"transitions": [
						{
							"default": "(1.0)"
						}
					],
					"on_entry": [
						"@s usp:fire",
						"/playsound gun.usp @a[r=10] ~ ~ ~",
						"/replaceitem entity @s slot.weapon.mainhand 0 bridge:usp 1 3"
					]
				},
				"usp_3": {
					"transitions": [
						{
							"default": "(1.0)"
						}
					],
					"on_entry": [
						"@s usp:fire",
						"/playsound gun.usp @a[r=10] ~ ~ ~",
						"/replaceitem entity @s slot.weapon.mainhand 0 bridge:usp 1 2"
					]
				},
				"usp_2": {
					"transitions": [
						{
							"default": "(1.0)"
						}
					],
					"on_entry": [
						"@s usp:fire",
						"/playsound gun.usp @a[r=10] ~ ~ ~",
						"/replaceitem entity @s slot.weapon.mainhand 0 bridge:usp 1 1"
					]
				},
				"usp_1": {
					"transitions": [
						{
							"default": "(1.0)"
						}
					],
					"on_entry": [
						"@s usp:fire",
						"/playsound gun.usp @a[r=10] ~ ~ ~",
						"/replaceitem entity @s slot.weapon.mainhand 0 bridge:usp_empt 1 0"
					]
				}
			}
		}
	}
}