{
	"format_version": "1.10.0",
	"animation_controllers": {
		"controller.animation.usp_ammo": {
			"initial_state": "default",
			"states": {
				"default": {
					"transitions": [
						{
							"usp_12": "query.mark_variant == 12 && query.get_equipped_item_name == 'usp'"
						},
						{
							"usp_11": "query.mark_variant == 11 && query.get_equipped_item_name == 'usp'"
						},
						{
							"usp_10": "query.mark_variant == 10 && query.get_equipped_item_name == 'usp'"
						},
						{
							"usp_9": "query.mark_variant == 9 && query.get_equipped_item_name == 'usp'"
						},
						{
							"usp_8": "query.mark_variant == 8 && query.get_equipped_item_name == 'usp'"
						},
						{
							"usp_7": "query.mark_variant == 7 && query.get_equipped_item_name == 'usp'"
						},
						{
							"usp_6": "query.mark_variant == 6 && query.get_equipped_item_name == 'usp'"
						},
						{
							"usp_5": "query.mark_variant == 5 && query.get_equipped_item_name == 'usp'"
						},
						{
							"usp_4": "query.mark_variant == 4 && query.get_equipped_item_name == 'usp'"
						},
						{
							"usp_3": "query.mark_variant == 3 && query.get_equipped_item_name == 'usp'"
						},
						{
							"usp_2": "query.mark_variant == 2 && query.get_equipped_item_name == 'usp'"
						},
						{
							"usp_1": "query.mark_variant == 1 && query.get_equipped_item_name == 'usp'"
						},
						{
							"usp_0": "query.get_equipped_item_name == 'usp_empt'"
						}
					]
				},
				"usp_12": {
					"transitions": [
						{
							"default": "(1.0)"
						}
					],
					"on_entry": [
						"/title @s actionbar   §l12§r/12"
					]
				},
				"usp_11": {
					"transitions": [
						{
							"default": "(1.0)"
						}
					],
					"on_entry": [
						"/title @s actionbar   §l11§r/12"
					]
				},
				"usp_10": {
					"transitions": [
						{
							"default": "(1.0)"
						}
					],
					"on_entry": [
						"/title @s actionbar   §l10§r/12"
					]
				},
				"usp_9": {
					"transitions": [
						{
							"default": "(1.0)"
						}
					],
					"on_entry": [
						"/title @s actionbar   §l9§r/12"
					]
				},
				"usp_8": {
					"transitions": [
						{
							"default": "(1.0)"
						}
					],
					"on_entry": [
						"/title @s actionbar   §l8§r/12"
					]
				},
				"usp_7": {
					"transitions": [
						{
							"default": "(1.0)"
						}
					],
					"on_entry": [
						"/title @s actionbar   §l7§r/12"
					]
				},
				"usp_6": {
					"transitions": [
						{
							"default": "(1.0)"
						}
					],
					"on_entry": [
						"/title @s actionbar   §l6§r/12"
					]
				},
				"usp_5": {
					"transitions": [
						{
							"default": "(1.0)"
						}
					],
					"on_entry": [
						"/title @s actionbar   §l5§r/12"
					]
				},
				"usp_4": {
					"transitions": [
						{
							"default": "(1.0)"
						}
					],
					"on_entry": [
						"/title @s actionbar   §l4§r/12"
					]
				},
				"usp_3": {
					"transitions": [
						{
							"default": "(1.0)"
						}
					],
					"on_entry": [
						"/title @s actionbar   §l3§r/12"
					]
				},
				"usp_2": {
					"transitions": [
						{
							"default": "(1.0)"
						}
					],
					"on_entry": [
						"/title @s actionbar   §l2§r/12"
					]
				},
				"usp_1": {
					"transitions": [
						{
							"default": "(1.0)"
						}
					],
					"on_entry": [
						"/title @s actionbar   §l1§r/12"
					]
				},
				"usp_0": {
					"transitions": [
						{
							"default": "(1.0)"
						}
					],
					"on_entry": [
						"/title @s actionbar   §l0§r/12"
					]
				}
			}
		}
	}
}