{
	"format_version": "1.8.0",
	"animations": {
		"animation.item.ak_shoot": {
			"loop": true,
			"animation_length": 0.16667,
			"bones": {
				"body": {
					"position": {
						"0.0": [0, 0, 0],
						"0.0833": [0, 0, 2],
						"0.1667": [0, 0, 0]
					}
				},
				"gun": {
					"rotation": {
						"0.0": [0, 0, 0],
						"0.0833": [-5, 0, 0],
						"0.1667": [0, 0, 0]
					}
				},
				"zatvor": {
					"position": {
						"0.0": [0, 0, 0],
						"0.0833": [0, 0, 3],
						"0.1667": [0, 0, 0]
					}
				},
				"gilza": {
					"position": {
						"0.0": [0, 0, 0],
						"0.0833": [-4, 2, 0],
						"0.1667": [-10, -4, 0]
					}
				}
			}
		}
	}
}