
{
	"format_version": "1.16.100",
	"minecraft:item": {
		"description": {
			"identifier": "bridge:famas",
			"category": "equipment"
		},
		"components": {
			"minecraft:stacked_by_data": true,
			"minecraft:hand_equipped": true,
			"minecraft:max_stack_size": 1,
			"minecraft:use_duration": 999999,
			"minecraft:food": {
				"can_always_eat": true
			},
			"minecraft:icon": {
				"texture": "famas"
			},
			"minecraft:display_name": {
				"value": "Famas"
			},
			"minecraft:can_destroy_in_creative": false,
			"minecraft:creative_category": {
				"parent": "equipment"
			}
		}
	}
}