{
	"format_version": "1.8.0",
	"animations": {
		"animation.aug_reload": {
			"loop": "hold_on_last_frame",
			"animation_length": 4.5,
			"bones": {
				"rightArm": {
					"rotation": {
						"0.0": ["90+ variable.is_using_vr * 7.5", "5+ variable.is_using_vr * 7.5", "180.0 + variable.is_using_vr * -2.5"],
						"0.1667": ["90+ variable.is_using_vr * 7.5", "5+ variable.is_using_vr * 7.5", "180.0 + variable.is_using_vr * -2.5"],
						"0.4167": ["80+ variable.is_using_vr * 7.5", "12.5+ variable.is_using_vr * 7.5", "200 + variable.is_using_vr * -2.5"],
						"0.625": ["77.5+ variable.is_using_vr * 7.5", "12.5+ variable.is_using_vr * 7.5", "200 + variable.is_using_vr * -2.5"],
						"0.8333": ["80+ variable.is_using_vr * 7.5", "12.5+ variable.is_using_vr * 7.5", "200 + variable.is_using_vr * -2.5"],
						"0.9583": ["77.5+ variable.is_using_vr * 7.5", "12.5+ variable.is_using_vr * 7.5", "192.5 + variable.is_using_vr * -2.5"],
						"1.0833": ["80+ variable.is_using_vr * 7.5", "12.5+ variable.is_using_vr * 7.5", "207.5 + variable.is_using_vr * -2.5"],
						"1.2083": ["80+ variable.is_using_vr * 7.5", "12.5+ variable.is_using_vr * 7.5", "192.5 + variable.is_using_vr * -2.5"],
						"1.3333": ["80+ variable.is_using_vr * 7.5", "12.5+ variable.is_using_vr * 7.5", "200 + variable.is_using_vr * -2.5"],
						"2.0": ["80+ variable.is_using_vr * 7.5", "12.5+ variable.is_using_vr * 7.5", "197.5 + variable.is_using_vr * -2.5"],
						"2.4583": ["80+ variable.is_using_vr * 7.5", "12.5+ variable.is_using_vr * 7.5", "200 + variable.is_using_vr * -2.5"],
						"2.5833": ["77.5+ variable.is_using_vr * 7.5", "12.5+ variable.is_using_vr * 7.5", "192.5 + variable.is_using_vr * -2.5"],
						"2.7083": ["80+ variable.is_using_vr * 7.5", "12.5+ variable.is_using_vr * 7.5", "207.5 + variable.is_using_vr * -2.5"],
						"2.8333": ["80+ variable.is_using_vr * 7.5", "12.5+ variable.is_using_vr * 7.5", "192.5 + variable.is_using_vr * -2.5"],
						"2.9583": ["80+ variable.is_using_vr * 7.5", "12.5+ variable.is_using_vr * 7.5", "200 + variable.is_using_vr * -2.5"],
						"3.5": ["80+ variable.is_using_vr * 7.5", "12.5+ variable.is_using_vr * 7.5", "187.5 + variable.is_using_vr * -2.5"],
						"3.5833": ["80+ variable.is_using_vr * 7.5", "12.5+ variable.is_using_vr * 7.5", "187.5 + variable.is_using_vr * -2.5"],
						"3.6667": [81.5, 11.38, 178.88],
						"3.8333": ["80+ variable.is_using_vr * 7.5", "12.5+ variable.is_using_vr * 7.5", "187.5 + variable.is_using_vr * -2.5"],
						"3.9167": [83.5, 9.88, 184.8],
						"4.5": ["90+ variable.is_using_vr * 7.5", "5+ variable.is_using_vr * 7.5", "180.0 + variable.is_using_vr * -2.5"]
					},
					"position": {
						"0.0": [10, -3, 1],
						"0.1667": [10, -3, 1],
						"0.4167": [11, -1, 3],
						"0.8333": [11, -1, 3],
						"0.9583": [12, -1.5, 3],
						"1.0833": [11, -1, 3],
						"1.2083": [12, -1, 3],
						"1.3333": [11, -1, 3],
						"2.4583": [11, -1, 3],
						"2.5833": [12, -1, 3],
						"2.7083": [11, -1, 3],
						"2.8333": [12, -1, 3],
						"2.9583": [11, -1, 3],
						"3.5": [9.46, -3, 0.31],
						"3.5833": [9.46, -3, 0.31],
						"3.6667": [10.46, -3, 0.31],
						"3.8333": [9.46, -3, 0.31],
						"4.5": [10, -3, 1]
					}
				},
				"leftArm": {
					"rotation": {
						"0.0": ["65+ variable.is_using_vr * 7.5", "-35+ variable.is_using_vr * 7.5", "180+ variable.is_using_vr * -2.5"],
						"0.125": ["65+ variable.is_using_vr * 7.5", "-35+ variable.is_using_vr * 7.5", "180+ variable.is_using_vr * -2.5"],
						"0.4167": ["45+ variable.is_using_vr * 7.5", "-40+ variable.is_using_vr * 7.5", "220+ variable.is_using_vr * -2.5"],
						"0.8333": ["45+ variable.is_using_vr * 7.5", "-40+ variable.is_using_vr * 7.5", "220+ variable.is_using_vr * -2.5"],
						"0.9167": [57, -12, 216],
						"1.125": ["75+ variable.is_using_vr * 7.5", "30+ variable.is_using_vr * 7.5", "185+ variable.is_using_vr * -2.5"],
						"1.2083": ["75+ variable.is_using_vr * 7.5", "17.5+ variable.is_using_vr * 7.5", "185+ variable.is_using_vr * -2.5"],
						"1.2917": ["75+ variable.is_using_vr * 7.5", "22.5+ variable.is_using_vr * 7.5", "185+ variable.is_using_vr * -2.5"],
						"1.375": ["75+ variable.is_using_vr * 7.5", "22.5+ variable.is_using_vr * 7.5", "185+ variable.is_using_vr * -2.5"],
						"1.8333": ["120+ variable.is_using_vr * 7.5", "-25+ variable.is_using_vr * 7.5", "185+ variable.is_using_vr * -2.5"],
						"2.25": ["120+ variable.is_using_vr * 7.5", "-25+ variable.is_using_vr * 7.5", "185+ variable.is_using_vr * -2.5"],
						"2.5": ["45+ variable.is_using_vr * 7.5", "-40+ variable.is_using_vr * 7.5", "220+ variable.is_using_vr * -2.5"],
						"2.9583": ["120+ variable.is_using_vr * 7.5", "-25+ variable.is_using_vr * 7.5", "185+ variable.is_using_vr * -2.5"],
						"3.5": ["35+ variable.is_using_vr * 7.5", "-35+ variable.is_using_vr * 7.5", "197.5+ variable.is_using_vr * -2.5"],
						"3.6667": ["35+ variable.is_using_vr * 7.5", "-35+ variable.is_using_vr * 7.5", "197.5+ variable.is_using_vr * -2.5"],
						"3.8333": ["35+ variable.is_using_vr * 7.5", "-35+ variable.is_using_vr * 7.5", "197.5+ variable.is_using_vr * -2.5"],
						"4.1667": [50, "-20+ variable.is_using_vr * 7.5", 188.75],
						"4.5": ["65+ variable.is_using_vr * 7.5", "-35+ variable.is_using_vr * 7.5", "180+ variable.is_using_vr * -2.5"]
					},
					"position": {
						"0.0": [-4, -8, 10],
						"0.1667": [-4, -8, 10],
						"0.4167": [-8, -6, 3],
						"0.75": [-8, -6, 3],
						"0.9167": [-8, -8, 5],
						"1.125": [-8, -4, 4],
						"1.2083": [-8, -4, 4],
						"1.2917": [-8, -4, 4],
						"1.375": [-8, -4, 4],
						"1.8333": [-8, -7, 4],
						"2.25": [-8, -7, 4],
						"2.375": [-7.5, -6, 3],
						"2.9583": [-8.28, -6.15, 6.11],
						"3.5": [-9, -3.5, 9],
						"3.6667": [-8.5, -4, 5.5],
						"3.8333": [-9, -3.5, 9],
						"4.1667": [-8, -8, 10],
						"4.5": [-4, -8, 10]
					}
				},
				"aug": {
					"rotation": {
						"0.0": [0, 0, 0],
						"0.1667": [0, 0, 0],
						"0.4167": [0, 0, 20],
						"3.0833": [0, 0, 20],
						"3.5": [0, 0, 0]
					},
					"position": {
						"0.0": [0, 0, 0],
						"0.1667": [0, 0, 0],
						"3.0833": [0, 0, 0],
						"3.5": [0, 0, 0]
					}
				},
				"ammo": {
					"rotation": {
						"0.0": [0, 0, 0],
						"0.8333": [0, 0, 0],
						"0.9167": [11.36, 18.75, 6.13],
						"1.0": [22.73, 7.5, -10.23],
						"1.125": [39.77, -211.91, -7.99],
						"1.2083": [51.13, -242.21, -21.49],
						"1.2917": [62.5, -82.5, -35],
						"1.5": [-97.5, -82.5, -100],
						"1.8333": [50, 0, 0],
						"2.25": [50, 0, 0],
						"2.5": [0, 0, 0]
					},
					"position": {
						"0.0": [0, 0, 0],
						"0.75": [0, 0, 0],
						"0.8333": [-1, -2.25, 1.5],
						"0.9167": [2, -4.5, 3],
						"1.0": [7.1, -5.4, 2.8],
						"1.125": [27.63, -9.37, 12.6],
						"1.2917": [36, -3, 28],
						"1.5": [36, 25, 28],
						"1.8333": [1, -5, 12],
						"2.25": [1, -5, 12],
						"2.375": [0, -3.5, 6],
						"2.5": [0, 0, 0]
					}
				},
				"bullet": {
					"scale": {
						"0.7917": [1, 1, 1],
						"0.8333": [0, 0, 0],
						"1.7917": [0, 0, 0],
						"1.8333": [1, 1, 1]
					}
				},
				"hole9": {
					"position": {
						"3.5": [0, 0, 0],
						"3.6667": [0, 0, 3.5],
						"3.75": [0, 0, 0]
					}
				}
			},
			"sound_effects": {
				"0.8333": {
					"effect": "aug.mag.out"
				},
				"2.5": {
					"effect": "aug.mag.in"
				},
				"3.5417": {
					"effect": "aug.bolt.back"
				},
				"3.7083": {
					"effect": "aug.bolt.forward"
				}
			}
		}
	}
}