{
	"format_version": "1.8.0",
	"animations": {
		"animation.m1911_reload": {
			"loop": true,
			"animation_length": 2,
			"bones": {
				"rightArm": {
					"rotation": {
						"0.0": ["90+ variable.is_using_vr * 7.5", "15+ variable.is_using_vr * 7.5", "180.0 + variable.is_using_vr * -2.5"],
						"0.125": ["90+ variable.is_using_vr * 7.5", "15+ variable.is_using_vr * 7.5", "180.0 + variable.is_using_vr * -2.5"],
						"0.2917": ["80+ variable.is_using_vr * 7.5", "20+ variable.is_using_vr * 7.5", "180.0 + variable.is_using_vr * -2.5"],
						"0.5": ["80+ variable.is_using_vr * 7.5", "20+ variable.is_using_vr * 7.5", "180.0 + variable.is_using_vr * -2.5"],
						"0.625": ["85+ variable.is_using_vr * 7.5", "15+ variable.is_using_vr * 7.5", "180 + variable.is_using_vr * -2.5"],
						"1.0": ["85+ variable.is_using_vr * 7.5", "15+ variable.is_using_vr * 7.5", "200 + variable.is_using_vr * -2.5"],
						"1.5833": ["85+ variable.is_using_vr * 7.5", "15+ variable.is_using_vr * 7.5", "200 + variable.is_using_vr * -2.5"],
						"1.7083": ["80+ variable.is_using_vr * 7.5", "15+ variable.is_using_vr * 7.5", 186.67],
						"2.0": ["90+ variable.is_using_vr * 7.5", "15+ variable.is_using_vr * 7.5", 179.17]
					},
					"position": {
						"0.0": [10, -1, 1],
						"0.5": [10, 0, 1],
						"0.625": [10, -1, 1],
						"0.8333": [10, -0.5, 1],
						"1.0": [10, -1, 1],
						"1.3333": [10, -0.67, 1],
						"1.4167": [10, -0.08, 1],
						"1.5": [10, -0.5, 1],
						"1.7917": [10, -0.34, 1],
						"2.0": [10, -1, 1]
					}
				},
				"leftArm": {
					"rotation": {
						"0.0": ["77.5+ variable.is_using_vr * 7.5", "-22.5+ variable.is_using_vr * 7.5", "182.5+ variable.is_using_vr * -2.5"],
						"1.7083": ["77.5+ variable.is_using_vr * 7.5", "-22.5+ variable.is_using_vr * 7.5", "182.5+ variable.is_using_vr * -2.5"],
						"2.0": ["77.5+ variable.is_using_vr * 7.5", "-22.5+ variable.is_using_vr * 7.5", "182.5+ variable.is_using_vr * -2.5"]
					},
					"position": {
						"0.0": [-4.80488, -3.5, 1.19512],
						"0.2917": [-12.8, -11.5, -6.8],
						"0.625": [-12.8, -11.5, -6.8],
						"0.8333": [-5.8, -13.5, 0.2],
						"1.0833": [-5.8, -13.5, 0.2],
						"1.3333": [-4.8, -5.5, 1.2],
						"1.4167": [-4.8, -5, 1.2],
						"1.5": [-4.8, -6, 1.2],
						"1.7083": [-4.8, -5, 1.2],
						"2.0": [-4.80488, -3.5, 1.19512]
					}
				},
				"m1911": {
					"rotation": {
						"0.0": [0, 0, 7.5],
						"0.125": [0, 0, -2.5],
						"0.2917": [0, 0, 0],
						"1.5833": [0, 0, 0],
						"1.6667": [0, 0, 7.5]
					},
					"position": [0, -0.19512, -1],
					"scale": [0.6, 0.6, 0.7]
				},
				"slidebody": {
					"position": {
						"0.0": [0, 0, 0],
						"1.5833": [0, 0, 0],
						"1.7083": [0, 0, -3]
					}
				},
				"ammo": {
					"rotation": {
						"0.0": [0, 0, 0],
						"0.5833": [0, 0, 0],
						"0.625": [-20, 0, 0],
						"0.7917": [0, 0, 0],
						"1.0833": [0, 0, 20],
						"1.3333": [0, 0, 0]
					},
					"position": {
						"0.0": [0, 0, 0],
						"0.5833": [0, 0, 0],
						"0.625": [0, -6, 0],
						"0.7917": [0, -16, 3],
						"1.0833": [-4, -15, 3],
						"1.3333": [0, 0, 0]
					}
				},
				"bullet": {
					"position": {
						"0.0": [0, 0, 0],
						"0.7917": [0, 0, 0],
						"0.8333": [0, 0.70732, -0.29268]
					}
				},
				"slidebodyA": {
					"position": {
						"1.5833": [0, 0, 0],
						"1.7083": [0, 0, 3]
					}
				}
			},
			"sound_effects": {
				"0.625": {
					"effect": "m1911.mag.out"
				},
				"1.2917": {
					"effect": "m1911.futz"
				},
				"1.375": {
					"effect": "m1911.mag.in"
				},
				"1.7083": {
					"effect": "m1911.slide.forward"
				}
			}
		}
	}
}
