{
	"format_version": "1.8.0",
	"animations": {
		"animation.xm4_reload": {
			"loop": "hold_on_last_frame",
			"animation_length": 3,
			"bones": {
				"rightArm": {
					"rotation": {
						"0.0": ["90+ variable.is_using_vr * 7.5", "5+ variable.is_using_vr * 7.5", "180.0 + variable.is_using_vr * -2.5"],
						"0.125": ["90+ variable.is_using_vr * 7.5", "5+ variable.is_using_vr * 7.5", "187.5 + variable.is_using_vr * -2.5"],
						"0.25": ["95+ variable.is_using_vr * 7.5", "5+ variable.is_using_vr * 7.5", "180.0 + variable.is_using_vr * -2.5"],
						"0.5": ["95+ variable.is_using_vr * 7.5", "5+ variable.is_using_vr * 7.5", "180.0 + variable.is_using_vr * -2.5"],
						"0.6667": ["85+ variable.is_using_vr * 7.5", "5+ variable.is_using_vr * 7.5", "180.0 + variable.is_using_vr * -2.5"],
						"0.8333": ["90+ variable.is_using_vr * 7.5", "5+ variable.is_using_vr * 7.5", "187.5 + variable.is_using_vr * -2.5"],
						"1.375": ["90+ variable.is_using_vr * 7.5", "2.5+ variable.is_using_vr * 7.5", "182.5 + variable.is_using_vr * -2.5"],
						"1.8333": ["90+ variable.is_using_vr * 7.5", "5+ variable.is_using_vr * 7.5", "182.5 + variable.is_using_vr * -2.5"],
						"2.1667": ["90+ variable.is_using_vr * 7.5", "5+ variable.is_using_vr * 7.5", "187.5 + variable.is_using_vr * -2.5"],
						"2.3333": ["90+ variable.is_using_vr * 7.5", "2.5+ variable.is_using_vr * 7.5", "182.5 + variable.is_using_vr * -2.5"],
						"2.6667": ["90+ variable.is_using_vr * 7.5", "5+ variable.is_using_vr * 7.5", "187.5 + variable.is_using_vr * -2.5"],
						"3.0": ["90+ variable.is_using_vr * 7.5", "5+ variable.is_using_vr * 7.5", "180.0 + variable.is_using_vr * -2.5"]
					},
					"position": {
						"0.0": [10, -1, -2],
						"0.125": [10, -2, -2],
						"0.25": [10, 1, -4],
						"0.5": [10, -2, -4],
						"0.6667": [10, -2, -3],
						"0.8333": [10, -1.5, -2],
						"1.375": [10, -1, -2],
						"1.8333": [10, -1.5, -2],
						"1.9583": [10, -1.5, -2],
						"2.0417": [10, -1.17, -2],
						"2.1667": [10, -1.5, -2],
						"2.3333": [10, -1.5, -2],
						"2.4583": [10, -1.5, -2],
						"2.5417": [10.5, -1.5, -2],
						"2.6667": [10, -1.5, -2],
						"3.0": [10, -1, -2]
					}
				},
				"leftArm": {
					"rotation": {
						"0.0": ["57.5+ variable.is_using_vr * 7.5", "-25+ variable.is_using_vr * 7.5", "180+ variable.is_using_vr * -2.5"],
						"1.5": ["75+ variable.is_using_vr * 7.5", "-25+ variable.is_using_vr * 7.5", "197.5+ variable.is_using_vr * -2.5"],
						"2.3333": ["75+ variable.is_using_vr * 7.5", "-25+ variable.is_using_vr * 7.5", "172.5+ variable.is_using_vr * -2.5"],
						"2.5": ["70+ variable.is_using_vr * 7.5", "-25+ variable.is_using_vr * 7.5", "197.5+ variable.is_using_vr * -2.5"],
						"2.6667": ["75+ variable.is_using_vr * 7.5", "-25+ variable.is_using_vr * 7.5", "180+ variable.is_using_vr * -2.5"],
						"3.0": ["57.5+ variable.is_using_vr * 7.5", "-25+ variable.is_using_vr * 7.5", "180+ variable.is_using_vr * -2.5"]
					},
					"position": {
						"0.0": [-6, -3, 9],
						"0.5": [-13, -10, 1],
						"1.0417": [-5, -17, 2],
						"1.25": [-5, -18, 3],
						"1.5": [-6, -16, 2],
						"1.75": [-6, -16, 2],
						"2.0": [-5, -6, 3],
						"2.1667": [-7, -4, 3],
						"2.3333": [-7, -2, 3],
						"2.5": [-6, -1, 1],
						"2.6667": [-7, -2, 3],
						"3.0": [-6, -3, 9]
					}
				},
				"ammo": {
					"rotation": {
						"0.5833": [0, 0, 0],
						"1.0417": [0, 0, 0],
						"1.25": [0, 0, 0],
						"1.75": [0, 0, 0]
					},
					"position": {
						"0.0": [0, 0, 0],
						"0.4583": [0, 0, 0],
						"0.5833": [0, -11, 0],
						"1.0417": [0, -11, 0],
						"1.25": [-1, -11, -1],
						"1.5": [0, -11, 0],
						"1.75": [0, -10, 0],
						"2.0": [0, 0, 0]
					}
				},
				"bullet": {
					"position": {
						"0.0": [0, 0, 0],
						"0.4583": [0, 0, 0],
						"0.5": [0, -3, -1],
						"1.2083": [0, -3, -1],
						"1.25": [0, 0, 0]
					}
				},
				"xm4": {
					"rotation": [0, 0, 0],
					"position": [0, 0, 0.7]
				},
				"detail": {
					"rotation": {
						"0.0": [0, 0, -2.5],
						"0.1667": [0, 0, 5],
						"0.3333": [0, 0, -2.22],
						"0.5": [0, 0, 7.06],
						"0.6667": [0, 0, -2.94],
						"0.8333": [0, 0, 7.06],
						"1.125": [0, 0, -3.13],
						"1.375": [0, 0, 2.06],
						"1.625": [0, 0, 7.06],
						"1.8333": [0, 0, 0.56],
						"2.0": [0, 0, 2.06],
						"2.1667": [0, 0, -4.19],
						"2.3333": [0, 0, 4.56],
						"2.4583": [0, 0, 0.18],
						"2.5": [0, 0, -9.19],
						"2.6667": [0, 0, 4.56],
						"3.0": [0, 0, 0]
					}
				}
			},
			"sound_effects": {
				"0.5": {
					"effect": "xm4.mag.out"
				},
				"2.0417": {
					"effect": "xm4.mag.in"
				},
				"2.5": {
					"effect": "xm4.button"
				}
			}
		}
	}
}
