{
	"format_version": "1.8.0",
	"animations": {
		"animation.item.pkm_reload": {
		"loop": true,
			"animation_length": 4.08333,
			"bones": {
				"leftArm": {
					"position": {
						"0.0": [0, -1, -5.725],
						"0.25": [-2.5, 1.4, -0.17],
						"0.4167": [-2.5, 8.65, -5.695],
						"0.5833": [-2.5, -4.475, -4.965],
						"0.7917": [-4.1, -3.27, -4.96],
						"1.5": [-4.1, -17.27, -4.96],
						"2.5": [-4.1, -6.27, -4.96],
						"2.625": [-1.75, -4.795, -4.96],
						"3.125": [-1.75, -4.79, -4.96],
						"3.25": [-2.75, 8.21, -4.96],
						"3.4167": [-2.75, 1.21, 1.04],
						"3.6667": [-0.75, -5.79, -5.96]
					}
				},
				"rightArm": {
					"position": {
						"2.6667": [0, 0, 0],
						"2.7917": [-2, 3, -4],
						"3.0": [-2, 3, -4],
						"3.25": [0, 0, 0],
						"3.875": [0, 0, -2.5],
						"4.0": [0, 0, 0]
					}
				},
				"gun": {
					"position": {
						"2.6667": [1, 0, 0],
						"2.7917": [3, 4, 3],
						"3.0": [3, 3, 3],
						"3.25": [1, 0, 0],
						"3.875": [1, 2.5, 0],
						"4.0": [1, 0, 0]
					}
				},
				"base": {
					"rotation": [0, 7.5, 0]
				},
				"bone": {
					"position": {
						"0.0": [0, 0, 0],
						"0.5833": [0, 0, 0],
						"0.7917": [-4, 0, -2.05],
						"1.5": [-4, -13, -2.05],
						"2.5": [0, 0, 0]
					}
				},
				"bone2": {
					"position": {
						"0.0": [0, -11, 0],
						"1.3333": [0, -1.9, 0],
						"1.5": [0, -1.35, 0],
						"1.5417": [0, -1.35, 0],
						"2.8333": [0, -1.58, 0],
						"3.0": [0, 0.65, 0]
					}
				},
				"bone3": {
					"position": {
						"0.7917": [0, -15, 0],
						"1.5": [0, -3, 0]
					}
				},
				"bone10": {
					"rotation": {
						"0.25": [0, 0, 0],
						"0.4167": [-60, 0, 0],
						"3.25": [-60, 0, 0],
						"3.4167": [0, 0, 0]
					}
				},
				"bone11": {
					"position": {
						"2.8333": [0, 0, 0],
						"3.0": [0, 3, 0]
					}
				},
				"bone12": {
					"rotation": [0, 0, 82.5],
					"position": {
						"2.8333": [-12.25, 4.07, 0],
						"3.0": [-12.25, 7.075, 0]
					}
				},
				"bone14": {
					"position": {
						"3.875": [0, 0, 0],
						"4.0": [0, 0, -2],
						"4.0833": [0, 0, 0]
					}
				}
			}
		}
	}
}