{
  "format_version": "1.16.0",
  "minecraft:entity": {
    "description": {
      "identifier": "tank:m1a2",
      "is_spawnable": true,
      "is_summonable": true,
      "is_experimental": false,
      "animations": {
        "mechanic": "controller.animation.m1a2_mechanic",
        "weapon": "controller.animation.tm1a2_weapon"
      },
      "scripts": {
        "animate": ["mechanic", "weapon"]
      }
    },

    "events": {
      "m1a2:machinegun": {
        "add": {
          "component_groups": ["m1a2:machinegun"]
        }
      },
      "m1a2:stop_machinegun": {
        "remove": {
          "component_groups": ["m1a2:machinegun"]
        }
      },
      "m1a2:shoot": {
        "add": {
          "component_groups": ["m1a2:shoot"]
        }
      },
      "m1a2:stop_shoot": {
        "remove": {
          "component_groups": ["m1a2:shoot"]
        }
      },
      "minecraft:entity_born": {
        "add": {
          "component_groups": ["a_spawned"]
        }
      },
      "minecraft:entity_spawned": {
        "sequence": [
          {
            "randomize": [
              {
                "weight": 1,
                "add": {
                  "component_groups": [
                    "m1a2:makenormal",
                    "player_spawned"
                  ]
                }
              },
              {
                "weight": 1,
                "add": {
                  "component_groups": [
                    "m1a2:makeus",
                    "player_spawned"
                  ]
                }
              }
            ]
          }
        ]
      },
      "disappear": {
        "add": {
          "component_groups": ["disappear"]
        }
      }
    },

    "component_groups": {
      "m1a2:makewhite":{
        "minecraft:variant":{
          "value":0
        }
      },
      "m1a2:makenormal":{
        "minecraft:variant":{
          "value":1
        }
      },
      "m1a2:machinegun": {
        "minecraft:spawn_entity": {
          "entities": {
            "min_wait_time": 0.1,
            "max_wait_time": 0.1,
            "spawn_entity": "newmob:12.7x108ammo"
          }
        },
        "minecraft:timer": {
          "looping": false,
          "time": 1,
          "time_down_event": {
            "event": "m1a2:stop_machinegun",
            "target": "self"
          }
        }
      },
      "m1a2:shoot": {
        "minecraft:spawn_entity": {
          "entities": {
            "min_wait_time": 0.1,
            "max_wait_time": 0.1,
            "spawn_entity": "newmob:projectile120mm",
            "single_use": true
          }
        },
        "minecraft:timer": {
          "looping": false,
          "time": 10.0,
          "time_down_event": {
            "event": "m1a2:stop_shoot",
            "target": "self"
          }
        }
      },
      "disappear": {
        "minecraft:despawn": {}
      },
      "player_spawned": {
        "minecraft:healable": {
          "items": [
            {
              "item": "iron_block",
              "heal_amount": 20
            }
          ]
        },
        "minecraft:movement": {
          "value": 0.4,
          "max": 0.65
        },
        "minecraft:movement.basic": {},
        "minecraft:input_ground_controlled": {},
        "minecraft:behavior.controlled_by_player": {},
        "minecraft:interact": {
          "interactions": [
            {
              "on_interact": {
                "filters": {
                  "all_of": [
                    {
                      "test": "has_equipment",
                      "subject": "player",
                      "domain": "hand",
                      "operator": "equals",
                      "value": "projectile:120mm"
                    }
                  ]
                },
                "target": "self"
              },
              "use_item": false,
              "spawn_entities": "newmob:projectile120mm",
              "interact_text": "action.interact.m1a2.fire"
            },

            {
              "on_interact": {
                "filters": {
                  "all_of": [
                    {
                      "test": "has_equipment",
                      "subject": "player",
                      "domain": "hand",
                      "operator": "equals",
                      "value": "iron_ingot"
                    }
                  ]
                },
                "target": "self"
              },
              "use_item": false,
              "spawn_entities": "newmob:12.7x108ammo",
              "interact_text": "action.interact.m1a2.firem"
            }
          ]
        },
        "minecraft:rideable": {
          "seat_count": 1,
          "rider_can_interact": true,
          "crouching_skip_interact": true,
          "family_types": ["player"],
          "interact_text": "action.interact.m1a2.get_on",
          "seats": {
            "position": [-0.85, 3.5, 1.25]
          }
        },
        "minecraft:scale": {
          "value": 0.8
        },
        "minecraft:collision_box": {
          "width": 7,
          "height": 4.3
        }
      }
    },

    "components": {
      "minecraft:pushable": {
        "is_pushable": true,
        "is_pushable_by_piston": true
      },
      "minecraft:type_family": {
        "family": ["tank"]
      },
      "minecraft:health": {
        "value": 130,
        "max": 130
      },
      "minecraft:knockback_resistance": {
        "value": 2.0
      },
      "minecraft:jump.static": {},
      "minecraft:fire_immune": true,
      "minecraft:breathable": {
        "breathesAir": true,
        "breathesWater": true
      },
      "minecraft:leashable": {
        "soft_distance": 14.0,
        "hard_distance": 1.0,
        "max_distance": 20.0
      },
      "minecraft:balloonable": {},
      "minecraft:loot": {
        "table": "loot_tables/entities/m1a2.json"
      },
      "minecraft:nameable": {},
      "minecraft:physics": {},
      "minecraft:persistent": {}
    }
  }
}
