{
  "format_version": "1.16.0",
  "minecraft:entity": {
    "description": {
      "identifier": "helicopter:mi24",
      "is_spawnable": true,
      "is_summonable": true,
      "is_experimental": false,
      "scripts": {
        "animate": ["mechanic", "weapon"]
      },
      "animations": {
        "mechanic": "controller.animation.mi24_mechanic",
        "weapon": "controller.animation.mi24_weapon"
      }
    },

    "events": {
      "mi24:shoot": {
        "add": {
          "component_groups": ["mi24:shoot"]
        }
      },
      "mi24:stop_shoot": {
        "remove": {
          "component_groups": ["mi24:shoot"]
        }
      },
      "minecraft:entity_spawned": {
        "add": {
          "component_groups": ["player_spawned"]
        }
      },
      "disappear": {
        "add": {
          "component_groups": ["disappear"]
        }
      }
    },

    "component_groups": {
      "mi24:shoot": {
        "minecraft:spawn_entity": {
          "entities": {
            "min_wait_time": 0.0001,
            "max_wait_time": 0.0001,
            "spawn_entity": "minecraft:tnt"
          }
        },
        "minecraft:timer": {
          "looping": false,
          "time": 0.05,
          "time_down_event": {
            "event": "mi24:stop_shoot",
            "target": "self"
          }
        }
      },
      "disappear": {
        "minecraft:despawn": {}
      },
      "player_spawned": {
        "minecraft:pushable": {
          "is_pushable": true,
          "is_pushable_by_piston": true
        },
        "minecraft:healable": {
          "items": [
            {
              "item": "leather",
              "heal_amount": 5
            }
          ]
        },
        "minecraft:movement.basic": {},
        "minecraft:movement": {
          "value": 0.8
        },
        "minecraft:input_ground_controlled": {},
        "minecraft:behavior.controlled_by_player": {},
        "minecraft:interact": {
          "interactions": [
            {
              "on_interact": {
                "filters": {
                  "all_of": [
                    {
                      "test": "has_equipment",
                      "subject": "player",
                      "domain": "hand",
                      "operator": "equals",
                      "value": "tnt"
                    }
                  ]
                },
                "target": "self"
              },
              "use_item": true,
              "spawn_entities": "minecraft:tnt",
              "interact_text": "action.interact.mi24.fire"
            }
          ]
        },
        "minecraft:rideable": {
          "seat_count": 1,
          "rider_can_interact": true,
          "crouching_skip_interact": true,
          "family_types": ["player"],
          "interact_text": "action.interact.mi24.get_on",
          "seats": {
            "position": [0, 1.45, 4.25]
          }
        },
        "minecraft:scale": {
          "value": 1.0
        },
        "minecraft:collision_box": {
          "width": 8.5,
          "height": 4
        }
      }
    },

    "components": {
      "minecraft:type_family": {
        "family": ["helicopter"]
      },
      "minecraft:health": {
        "value": 100,
        "max": 100
      },
      "minecraft:jump.static": {},
      "minecraft:fire_immune": true,
      "minecraft:floats_in_liquid": {},
      "minecraft:behavior.float": {},
      "minecraft:breathable": {
        "breathesAir": true,
        "breathesWater": false
      },
      "minecraft:leashable": {
        "soft_distance": 4.0,
        "hard_distance": 6.0,
        "max_distance": 10.0
      },
      "minecraft:balloonable": {},
      "minecraft:loot": {
        "table": "loot_tables/entities/mi24.json"
      },
      "minecraft:nameable": {},
      "minecraft:physics": {},
      "minecraft:persistent": {}
    }
  }
}
