{
	"format_version": "1.8.0",
	"animations": {
		"animation.item.ar15_reload": {
			"loop": true,
			"animation_length": 2.20833,
			"bones": {
				"leftArm": {
					"rotation": {
						"0.0": [0, 0, 0],
						"1.5417": [0, 0, 0],
						"1.7083": [0, 0, 35],
						"2.0833": [0, 0, 0]
					},
					"position": {
						"0.0": [0, 1.95, -8.125],
						"0.2083": [-0.7, -0.45, -6.13],
						"0.25": [-0.59, -0.24, -6.13],
						"1.0": [1.3, -15.45, -6.13],
						"1.0417": [1.3, -15.45, -6.13],
						"1.4583": [-0.7, -0.45, -7.13],
						"1.5417": [-0.7, -0.45, -7.13],
						"1.7083": [-0.7, 1.55, -7.13],
						"1.8333": [-0.4, 1.25, -5.13],
						"2.0833": [-0.7, 1.25, -9.33]
					}
				},
				"rightArm": {
					"rotation": {
						"0.0": [0, 0, 0],
						"0.2083": [0, 0, 15],
						"1.9167": [0, 0, 15],
						"2.0833": [0, 0, 0]
					}
				},
				"gun": {
					"rotation": {
						"0.0": [0, 0, 15],
						"0.2083": [0, 0, 15],
						"0.25": [-5, 0, 15],
						"0.3333": [0, 0, 15],
						"1.4167": [0, 0, 15],
						"1.4583": [2.5, 0, 15],
						"1.5417": [0, 0, 15]
					},
					"position": [5.9, -1, 0]
				},
				"something": {
					"position": {
						"1.7917": [0, 0, 0],
						"1.8333": [-0.1, 0, 0],
						"1.875": [0, 0, 0]
					}
				},
				"ammo": {
					"position": {
						"0.2083": [0, 0, 0],
						"0.25": [0, 0.21, 0],
						"1.0": [0, -15, 0],
						"1.0417": [0, -15, 0],
						"1.4583": [0, 0, 0]
					}
				},
				"cover": {
					"position": {
						"0.0": [0, 0, 2],
						"1.7917": [0, 0, 2],
						"1.8333": [0, 0, 0]
					}
				},
				"gilza": {
					"position": {
						"0.25": [0, -10, 0],
						"1.0417": [0, -17.075, 0.2],
						"1.4167": [0, -3.57, 0.2],
						"1.4583": [0, -2.57, 0.2]
					}
				}
			}
		}
	}
}