{
	"format_version": "1.10.0",
	"animation_controllers": {
		"controller.animation.ammo_out": {
			"initial_state" : "default",
			"states": {                                                                                     
				"default": {
					"transitions": [
						{
			        "akm_out": "query.get_equipped_item_name('main_hand') == 'rem_acr_empty'"
						},
						{
			        "as_val_out": "query.get_equipped_item_name('main_hand') == 'as_val_empty'"
						},
						{
			        "m24_out": "query.get_equipped_item_name('main_hand') == 'm24_empty'"
						},
						{
			        "kar98k_out": "query.get_equipped_item_name('main_hand') == 'kar98k_empty'"
						},
						{
			        "ar15_out": "query.get_equipped_item_name('main_hand') == 'ar15_empty'"
						},
						{
			        "m4a1_out": "query.get_equipped_item_name('main_hand') == 'm4a1_empty'"
						},
						{
			        "m4a1_out": "query.get_equipped_item_name('main_hand') == 'm4a4_empty'"
						},
						{
			        "ks23_out": "query.get_equipped_item_name('main_hand') == 'ks23_empty'"
						},
						{
			        "remington700_out": "query.get_equipped_item_name('main_hand') == 'remington700_empty'"
						},
						{
			        "vector_out": "query.get_equipped_item_name('main_hand') == 'vector_empty'"
						},
						{
			        "sawedoff_out": "query.get_equipped_item_name('main_hand') == 'sawedoff_empty'"
						},
						{
			        "m357_out": "query.get_equipped_item_name('main_hand') == 'm357_empty'"
						},
						{
			        "rpg_out": "query.get_equipped_item_name('main_hand') == 'rpg_empty'"
						},
						{
			        "mk18_out": "query.get_equipped_item_name('main_hand') == 'mk18_empty'"
						},
						{
			        "tec9_out": "query.get_equipped_item_name('main_hand') == 'tec9_empty'"
						},
						{
			        "p90_out": "query.get_equipped_item_name('main_hand') == 'p90_empty'"
						},
						{
			        "bizon_out": "query.get_equipped_item_name('main_hand') == 'bizon_empty'"
						},
						{
			        "famas_out": "query.get_equipped_item_name('main_hand') == 'famas_empty'"
						},
						{
			        "usp_out": "query.get_equipped_item_name('main_hand') == 'usp_empty'"
						},
						{
			        "mac10_out": "query.get_equipped_item_name('main_hand') == 'mac10_empty'"
						},
						{
			        "deagle_out": "query.get_equipped_item_name('main_hand') == 'deagle_empty'"
						},
						{
			        "s686_out": "query.get_equipped_item_name('main_hand') == 's686_empty'"
						},
						{
			        "scar_out": "query.get_equipped_item_name('main_hand') == 'scar_empty'"
						},
						{
			        "glock_out": "query.get_equipped_item_name('main_hand') == 'glock_empty'"
						},
						{
			        "awm_out": "query.get_equipped_item_name('main_hand') == 'awm_empty'"
						},
						{
			        "ump45_out": "query.get_equipped_item_name('main_hand') == 'ump45_empty'"
						},
						{
			        "m16a1_out": "query.get_equipped_item_name('main_hand') == 'm16a1_empty'"
						},
						{
			        "akm_out": "query.get_equipped_item_name('main_hand') == 'akmt_empty'"
						},
						{
			        "akm_out": "query.get_equipped_item_name('main_hand') == 'akm_empty'"
						},
						{
			        "m249_out": "query.get_equipped_item_name('main_hand') == 'm249_empty'"
						},
						{
			        "shotgun_out": "query.get_equipped_item_name('main_hand') == 'shotgun_empty'"
						}
					]
				},
				"m4a1_out": {
					"transitions": [
						{
							"default": "(1.0)"
						}
					],
					"on_entry": [
            "/title @s actionbar 0/30"
					]
				},
				"as_val_out": {
					"transitions": [
						{
							"default": "(1.0)"
						}
					],
					"on_entry": [
            "/title @s actionbar 0/20"
					]
				},
				"kar98k_out": {
					"transitions": [
						{
							"default": "(1.0)"
						}
					],
					"on_entry": [
            "/title @s actionbar 0/10"
					]
				},
				"m24_out": {
					"transitions": [
						{
							"default": "(1.0)"
						}
					],
					"on_entry": [
            "/title @s actionbar 0/5"
					]
				},
				"ar15_out": {
					"transitions": [
						{
							"default": "(1.0)"
						}
					],
					"on_entry": [
            "/title @s actionbar 0/30"
					]
				},
				"ks23_out": {
					"transitions": [
						{
							"default": "(1.0)"
						}
					],
					"on_entry": [
            "/title @s actionbar 0/4"
					]
				},
				"m357_out": {
					"transitions": [
						{
							"default": "(1.0)"
						}
					],
					"on_entry": [
            "/title @s actionbar 0/6"
					]
				},
				"remington700_out": {
					"transitions": [
						{
							"default": "(1.0)"
						}
					],
					"on_entry": [
            "/title @s actionbar 0/5"
					]
				},
				"sawedoff_out": {
					"transitions": [
						{
							"default": "(1.0)"
						}
					],
					"on_entry": [
            "/title @s actionbar 0/2"
					]
				},
				"vector_out": {
					"transitions": [
						{
							"default": "(1.0)"
						}
					],
					"on_entry": [
            "/title @s actionbar 0/30"
					]
				},
				"mk18_out": {
					"transitions": [
						{
							"default": "(1.0)"
						}
					],
					"on_entry": [
            "/title @s actionbar 0/30"
					]
				},
				"tec9_out": {
					"transitions": [
						{
							"default": "(1.0)"
						}
					],
					"on_entry": [
            "/title @s actionbar 0/18"
					]
				},
				"p90_out": {
					"transitions": [
						{
							"default": "(1.0)"
						}
					],
					"on_entry": [
            "/title @s actionbar 0/50"
					]
				},
				"rpg_out": {
					"transitions": [
						{
							"default": "(1.0)"
						}
					],
					"on_entry": [
            "/title @s actionbar 0/1"
					]
				},
				"bizon_out": {
					"transitions": [
						{
							"default": "(1.0)"
						}
					],
					"on_entry": [
            "/title @s actionbar 0/64"
					]
				},
				"famas_out": {
					"transitions": [
						{
							"default": "(1.0)"
						}
					],
					"on_entry": [
            "/title @s actionbar 0/25"
					]
				},
				"mac10_out": {
					"transitions": [
						{
							"default": "(1.0)"
						}
					],
					"on_entry": [
            "/title @s actionbar 0/32"
					]
				},
				"shotgun_out": {
					"transitions": [
						{
							"default": "(1.0)"
						}
					],
					"on_entry": [
            "/title @s actionbar 0/5"
					]
				},
				"deagle_out": {
					"transitions": [
						{
							"default": "(1.0)"
						}
					],
					"on_entry": [
            "/title @s actionbar 0/7"
					]
				},
				"usp_out": {
					"transitions": [
						{
							"default": "(1.0)"
						}
					],
					"on_entry": [
            "/title @s actionbar 0/12"
					]
				},
				"glock_out": {
					"transitions": [
						{
							"default": "(1.0)"
						}
					],
					"on_entry": [
            "/title @s actionbar 0/12"
					]
				},
				"s686_out": {
					"transitions": [
						{
							"default": "(1.0)"
						}
					],
					"on_entry": [
            "/title @s actionbar 0/2"
					]
				},
				"scar_out": {
					"transitions": [
						{
							"default": "(1.0)"
						}
					],
					"on_entry": [
            "/title @s actionbar 0/30"
					]
				},
				"awm_out": {
					"transitions": [
						{
							"default": "(1.0)"
						}
					],
					"on_entry": [
            "/title @s actionbar 0/10"
					]
				},
				"ump45_out": {
					"transitions": [
						{
							"default": "(1.0)"
						}
					],
					"on_entry": [
            "/title @s actionbar 0/30"
					]
				},
				"m16a1_out": {
					"transitions": [
						{
							"default": "(1.0)"
						}
					],
					"on_entry": [
            "/title @s actionbar 0/30"
					]
				},
				"akm_out": {
					"transitions": [
						{
							"default": "(1.0)"
						}
					],
					"on_entry": [
            "/title @s actionbar 0/30"
					]
				},
				"m249_out": {
					"transitions": [
						{
							"default": "(1.0)"
						}
					],
					"on_entry": [
            "/title @s actionbar 0/100"
					]
				}
			}
		}
	}
}