{
	"format_version": "1.10.0",
	"animation_controllers": {
        "controller.animation.rem_acr_hold": {
        "initial_state" : "default",
         "states": {
           "default": {
             "transitions": [
               { "equip": "query.get_equipped_item_name('main_hand') == 'rem_acr'" }
             ]
           },
           "equip": {
             "transitions": [
               { "default": "1.0" }
              ],
              "on_entry": [
				"/function rem_acr_hold"
          ]
        }
      }
    },
        "controller.animation.m4a4_hold": {
        "initial_state" : "default",
         "states": {
           "default": {
             "transitions": [
               { "equip": "query.get_equipped_item_name('main_hand') == 'm4a4'" }
             ]
           },
           "equip": {
             "transitions": [
               { "default": "1.0" }
              ],
              "on_entry": [
				"/function m4a4_hold"
          ]
        }
      }
    },
        "controller.animation.m4a1_hold": {
        "initial_state" : "default",
         "states": {
           "default": {
             "transitions": [
               { "equip": "query.get_equipped_item_name('main_hand') == 'm4a1'" }
             ]
           },
           "equip": {
             "transitions": [
               { "default": "1.0" }
              ],
              "on_entry": [
				"/function m4a1_hold"
          ]
        }
      }
    },
        "controller.animation.as_val_hold": {
        "initial_state" : "default",
         "states": {
           "default": {
             "transitions": [
               { "equip": "query.get_equipped_item_name('main_hand') == 'as_val'" }
             ]
           },
           "equip": {
             "transitions": [
               { "default": "1.0" }
              ],
              "on_entry": [
				"/function as_val_hold"
          ]
        }
      }
    },
        "controller.animation.m24_hold": {
        "initial_state" : "default",
         "states": {
           "default": {
             "transitions": [
               { "equip": "query.get_equipped_item_name('main_hand') == 'm24'" }
             ]
           },
           "equip": {
             "transitions": [
               { "default": "1.0" }
              ],
              "on_entry": [
				"/function m24_hold"
          ]
        }
      }
    },
        "controller.animation.kar98k_hold": {
        "initial_state" : "default",
         "states": {
           "default": {
             "transitions": [
               { "equip": "query.get_equipped_item_name('main_hand') == 'kar98k'" }
             ]
           },
           "equip": {
             "transitions": [
               { "default": "1.0" }
              ],
              "on_entry": [
				"/function kar98k_hold"
          ]
        }
      }
    },
        "controller.animation.ks23_hold": {
        "initial_state" : "default",
         "states": {
           "default": {
             "transitions": [
               { "equip": "query.get_equipped_item_name('main_hand') == 'ks23'" }
             ]
           },
           "equip": {
             "transitions": [
               { "default": "1.0" }
              ],
              "on_entry": [
				"/function ks23_hold"
          ]
        }
      }
    },
        "controller.animation.ar15_hold": {
        "initial_state" : "default",
         "states": {
           "default": {
             "transitions": [
               { "equip": "query.get_equipped_item_name('main_hand') == 'ar15'" }
             ]
           },
           "equip": {
             "transitions": [
               { "default": "1.0" }
              ],
              "on_entry": [
				"/function ar15_hold"
          ]
        }
      }
    },
        "controller.animation.remington700_hold": {
        "initial_state" : "default",
         "states": {
           "default": {
             "transitions": [
               { "equip": "query.get_equipped_item_name('main_hand') == 'remington700'" }
             ]
           },
           "equip": {
             "transitions": [
               { "default": "1.0" }
              ],
              "on_entry": [
				"/function remington700_hold"
          ]
        }
      }
    },
        "controller.animation.sawedoff_hold": {
        "initial_state" : "default",
         "states": {
           "default": {
             "transitions": [
               { "equip": "query.get_equipped_item_name('main_hand') == 'sawedoff'" }
             ]
           },
           "equip": {
             "transitions": [
               { "default": "1.0" }
              ],
              "on_entry": [
				"/function sawedoff_hold"
          ]
        }
      }
    },
        "controller.animation.m357_hold": {
        "initial_state" : "default",
         "states": {
           "default": {
             "transitions": [
               { "equip": "query.get_equipped_item_name('main_hand') == 'm357'" }
             ]
           },
           "equip": {
             "transitions": [
               { "default": "1.0" }
              ],
              "on_entry": [
				"/function m357_hold"
          ]
        }
      }
    },
        "controller.animation.vector_hold": {
        "initial_state" : "default",
         "states": {
           "default": {
             "transitions": [
               { "equip": "query.get_equipped_item_name('main_hand') == 'vector'" }
             ]
           },
           "equip": {
             "transitions": [
               { "default": "1.0" }
              ],
              "on_entry": [
				"/function vector_hold"
          ]
        }
      }
    },
        "controller.animation.mk18_hold": {
        "initial_state" : "default",
         "states": {
           "default": {
             "transitions": [
               { "equip": "query.get_equipped_item_name('main_hand') == 'mk18'" }
             ]
           },
           "equip": {
             "transitions": [
               { "default": "1.0" }
              ],
              "on_entry": [
				"/function mk18_hold"
          ]
        }
      }
    },
        "controller.animation.tec9_hold": {
        "initial_state" : "default",
         "states": {
           "default": {
             "transitions": [
               { "equip": "query.get_equipped_item_name('main_hand') == 'tec9'" }
             ]
           },
           "equip": {
             "transitions": [
               { "default": "1.0" }
              ],
              "on_entry": [
				"/function tec9_hold"
          ]
        }
      }
    },
        "controller.animation.p90_hold": {
        "initial_state" : "default",
         "states": {
           "default": {
             "transitions": [
               { "equip": "query.get_equipped_item_name('main_hand') == 'p90'" }
             ]
           },
           "equip": {
             "transitions": [
               { "default": "1.0" }
              ],
              "on_entry": [
				"/function p90_hold"
          ]
        }
      }
    },
        "controller.animation.akmt_hold": {
        "initial_state" : "default",
         "states": {
           "default": {
             "transitions": [
               { "equip": "query.get_equipped_item_name('main_hand') == 'akmt'" }
             ]
           },
           "equip": {
             "transitions": [
               { "default": "1.0" }
              ],
              "on_entry": [
				"/function akmt_hold"
          ]
        }
      }
    },
        "controller.animation.famas_hold": {
        "initial_state" : "default",
         "states": {
           "default": {
             "transitions": [
               { "equip": "query.get_equipped_item_name('main_hand') == 'famas'" }
             ]
           },
           "equip": {
             "transitions": [
               { "default": "1.0" }
              ],
              "on_entry": [
				"/function famas_hold"
          ]
        }
      }
    },
        "controller.animation.bizon_hold": {
        "initial_state" : "default",
         "states": {
           "default": {
             "transitions": [
               { "equip": "query.get_equipped_item_name('main_hand') == 'bizon'" }
             ]
           },
           "equip": {
             "transitions": [
               { "default": "1.0" }
              ],
              "on_entry": [
				"/function bizon_hold"
          ]
        }
      }
    },
        "controller.animation.rpg_hold": {
        "initial_state" : "default",
         "states": {
           "default": {
             "transitions": [
               { "equip": "query.get_equipped_item_name('main_hand') == 'rpg'" }
             ]
           },
           "equip": {
             "transitions": [
               { "default": "1.0" }
              ],
              "on_entry": [
				"/function rpg_hold"
          ]
        }
      }
    },
        "controller.animation.mac10_hold": {
        "initial_state" : "default",
         "states": {
           "default": {
             "transitions": [
               { "equip": "query.get_equipped_item_name('main_hand') == 'mac10'" }
             ]
           },
           "equip": {
             "transitions": [
               { "default": "1.0" }
              ],
              "on_entry": [
				"/function mac10_hold"
          ]
        }
      }
    },
        "controller.animation.deagle_hold": {
        "initial_state" : "default",
         "states": {
           "default": {
             "transitions": [
               { "equip": "query.get_equipped_item_name('main_hand') == 'deagle'" }
             ]
           },
           "equip": {
             "transitions": [
               { "default": "1.0" }
              ],
              "on_entry": [
				"/function deagle_hold"
          ]
        }
      }
    },
        "controller.animation.shotgun_hold": {
        "initial_state" : "default",
         "states": {
           "default": {
             "transitions": [
               { "equip": "query.get_equipped_item_name('main_hand') == 'shotgun'" }
             ]
           },
           "equip": {
             "transitions": [
               { "default": "1.0" }
              ],
              "on_entry": [
				"/function shotgun_hold"
          ]
        }
      }
    },
        "controller.animation.s686_hold": {
        "initial_state" : "default",
         "states": {
           "default": {
             "transitions": [
               { "equip": "query.get_equipped_item_name('main_hand') == 's686'" }
             ]
           },
           "equip": {
             "transitions": [
               { "default": "1.0" }
              ],
              "on_entry": [
				"/function s686_hold"
          ]
        }
      }
    },
        "controller.animation.usp_hold": {
        "initial_state" : "default",
         "states": {
           "default": {
             "transitions": [
               { "equip": "query.get_equipped_item_name('main_hand') == 'usp'" }
             ]
           },
           "equip": {
             "transitions": [
               { "default": "1.0" }
              ],
              "on_entry": [
				"/function usp_hold"
          ]
        }
      }
    },
        "controller.animation.glock_hold": {
        "initial_state" : "default",
         "states": {
           "default": {
             "transitions": [
               { "equip": "query.get_equipped_item_name('main_hand') == 'glock'" }
             ]
           },
           "equip": {
             "transitions": [
               { "default": "1.0" }
              ],
              "on_entry": [
				"/function glock_hold"
          ]
        }
      }
    },
        "controller.animation.m249_hold": {
        "initial_state" : "default",
         "states": {
           "default": {
             "transitions": [
               { "equip": "query.get_equipped_item_name('main_hand') == 'm249'" }
             ]
           },
           "equip": {
             "transitions": [
               { "default": "1.0" }
              ],
              "on_entry": [
				"/function m249_hold"
          ]
        }
      }
    },
        "controller.animation.scar_hold": {
        "initial_state" : "default",
         "states": {
           "default": {
             "transitions": [
               { "equip": "query.get_equipped_item_name('main_hand') == 'scar'" }
             ]
           },
           "equip": {
             "transitions": [
               { "default": "1.0" }
              ],
              "on_entry": [
				"/function scar_hold"
          ]
        }
      }
    },
        "controller.animation.m16a1_hold": {
        "initial_state" : "default",
         "states": {
           "default": {
             "transitions": [
               { "equip": "query.get_equipped_item_name('main_hand') == 'm16a1'" }
             ]
           },
           "equip": {
             "transitions": [
               { "default": "1.0" }
              ],
              "on_entry": [
				"/function m16a1_hold"
          ]
        }
      }
    },
        "controller.animation.ump45_hold": {
        "initial_state" : "default",
         "states": {
           "default": {
             "transitions": [
               { "equip": "query.get_equipped_item_name('main_hand') == 'ump45'" }
             ]
           },
           "equip": {
             "transitions": [
               { "default": "1.0" }
              ],
              "on_entry": [
				"/function ump45_hold"
          ]
        }
      }
    },
        "controller.animation.awm_hold": {
        "initial_state" : "default",
         "states": {
           "default": {
             "transitions": [
               { "equip": "query.get_equipped_item_name('main_hand') == 'awm'" }
             ]
           },
           "equip": {
             "transitions": [
               { "default": "1.0" }
              ],
              "on_entry": [
				"/function awm_hold"
          ]
        }
      }
    },
        "controller.animation.akm_hold": {
        "initial_state" : "default",
         "states": {
           "default": {
             "transitions": [
               { "equip": "query.get_equipped_item_name('main_hand') == 'akm'" }
             ]
           },
           "equip": {
             "transitions": [
               { "default": "1.0" }
              ],
              "on_entry": [
				"/function akm_hold"
          ]
        }
      }
    }
  }
}