{
	"format_version": "1.10.0",
	"animation_controllers": {
        "controller.animation.nv_goggles": {
        "initial_state" : "default",
         "states": {
           "default": {
             "transitions": [
               { "equip": "query.is_sheared" }
             ]
           },
           "equip": {
             "transitions": [
               { "default": "1.0" }
              ],
					"on_entry": [
                        "/effect @s night_vision 11 0 true"
		  ]
        }
      }
    }
  }
}