{
    "format_version": "1.10.0",
    "animation_controllers": {
        "controller.animation.aug_tpp": {
            "initial_state": "aug_hold_tpp",
            "states": {
                "aug_hold_tpp": {
                    "animations":[
                        {
                            "aug_hold_tpp": "(variable.aug || variable.aug_ammo || variable.aug_emp)"
                        }
                    ],
                    "transitions": [
                        {
                            "aug_sprint_tpp": "(variable.aug || variable.aug_emp) && query.is_sprinting"
                        },
                        {
                            "aug_aim_tpp": "(variable.aug || variable.aug_emp) && query.is_sneaking"
                        },
                        {
                            "aug_reload_tpp": "variable.aug_ammo && query.is_using_item && !query.is_sneaking"
                        },
                        {
                            "aug_shoot_tpp": "variable.aug && query.is_using_item"
                        },
                        {
                            "aug_aim_shoot_tpp": "variable.aug && query.is_using_item && query.is_sneaking"
                        },
                        {
                            "aug_sneak_reload_tpp": "variable.aug_ammo && query.is_using_item && query.is_sneaking"
                        }
                     ],
                      "blend_transition": 0.1
                },
                "aug_sprint_tpp": {
                    "animations":[
                        {
                            "aug_sprint_tpp": "(variable.aug || variable.aug_emp) && !variable.is_first_person"
                        }
                    ],
                    "transitions": [
                        {
                           "aug_hold_tpp": "(variable.aug || variable.aug_ammo || variable.aug_emp) && !query.is_sprinting"
                        }
                     ],
                      "blend_transition": 0.1
                },
                "aug_aim_tpp": {
                    "animations":[
                        {
                            "aug_aim_tpp": "(variable.aug || variable.aug_emp) && !variable.is_first_person"
                        }
                    ],
                    "transitions": [
                        {
                           "aug_hold_tpp": "(variable.aug || variable.aug_ammo || variable.aug_emp) && !query.is_sneaking"
                        },
                        {
                           "aug_aim_shoot_tpp": "variable.aug && query.is_using_item && query.is_sneaking"
                        },
                        {
                           "aug_sneak_reload_tpp": "variable.aug_ammo && query.is_using_item && query.is_sneaking"
                        }
                     ],
                      "blend_transition": 0.1
                },
                "aug_reload_tpp": {
                    "animations":["aug_reload_tpp"],
                    "transitions": [
                        {
                           "aug_hold_tpp": "!variable.aug_ammo || query.all_animations_finished"
                        }
                     ],
                      "blend_transition": 0.1
                },
                "aug_sneak_reload_tpp": {
                    "animations":[
                        {
                            "aug_sneak_reload_tpp": "variable.aug_ammo && !variable.is_first_person"
                        }
                    ],
                    "transitions": [
                        {
                            "aug_aim_tpp": "!variable.aug_ammo && || query.all_animations_finished"
                        },
                        {
                           "aug_reload_tpp": "!variable.aug_ammo"
                        }
                     ],
                      "blend_transition": 0.1
                },
                "aug_shoot_tpp": {
                    "animations":[
                        {
                            "aug_shoot_tpp": "variable.aug && !variable.is_first_person"
                        }
                    ],
                    "transitions": [
                        {
                           "aug_hold_tpp": "!variable.aug || query.all_animations_finished"
                        }
                     ],
                      "blend_transition": 0.0
                },
                "aug_aim_shoot_tpp": {
                    "animations":[
                        {
                            "aug_aim_shoot_tpp": "variable.aug && !variable.is_first_person"
                        }
                    ],
                    "transitions": [
                        {
                           "aug_aim_tpp": "!variable.aug || query.all_animations_finished"
                        }
                     ],
                      "blend_transition": 0.0
                }
            }
        }
    }
}
