{
    "format_version": "1.10.0",
    "animation_controllers": {
        "controller.animation.m1911_tpp": {
            "initial_state": "m1911_hold_tpp",
            "states": {
                "m1911_hold_tpp": {
                    "animations":[
                        {
                            "m1911_hold_tpp": "(variable.m1911 || variable.m1911_ammo || variable.m1911_emp)"
                        }
                    ],
                    "transitions": [
                        {
                            "m1911_sprint_tpp": "(variable.m1911 || variable.m1911_emp) && query.is_sprinting"
                        },
                        {
                            "m1911_aim_tpp": "(variable.m1911 || variable.m1911_emp) && query.is_sneaking"
                        },
                        {
                            "m1911_reload_tpp": "variable.m1911_ammo && query.is_using_item && !query.is_sneaking"
                        },
                        {
                            "m1911_shoot_tpp": "variable.m1911 && query.is_using_item"
                        },
                        {
                            "m1911_aim_shoot_tpp": "variable.m1911 && query.is_using_item && query.is_sneaking"
                        },
                        {
                            "m1911_sneak_reload_tpp": "variable.m1911_ammo && query.is_using_item && query.is_sneaking"
                        }
                     ],
                      "blend_transition": 0.1
                },
                "m1911_sprint_tpp": {
                    "animations":[
                        {
                            "m1911_sprint_tpp": "(variable.m1911 || variable.m1911_emp) && !variable.is_first_person"
                        }
                    ],
                    "transitions": [
                        {
                           "m1911_hold_tpp": "(variable.m1911 || variable.m1911_ammo || variable.m1911_emp) && !query.is_sprinting"
                        }
                     ],
                      "blend_transition": 0.1
                },
                "m1911_aim_tpp": {
                    "animations":[
                        {
                            "m1911_aim_tpp": "(variable.m1911 || variable.m1911_emp) && !variable.is_first_person"
                        }
                    ],
                    "transitions": [
                        {
                           "m1911_hold_tpp": "(variable.m1911 || variable.m1911_ammo || variable.m1911_emp) && !query.is_sneaking"
                        },
                        {
                           "m1911_aim_shoot_tpp": "variable.m1911 && query.is_using_item && query.is_sneaking"
                        },
                        {
                           "m1911_sneak_reload_tpp": "variable.m1911_ammo && query.is_using_item && query.is_sneaking"
                        }
                     ],
                      "blend_transition": 0.1
                },
                "m1911_reload_tpp": {
                    "animations":["m1911_reload_tpp"],
                    "transitions": [
                        {
                           "m1911_hold_tpp": "!variable.m1911_ammo || query.all_animations_finished"
                        }
                     ],
                      "blend_transition": 0.0
                },
                "m1911_sneak_reload_tpp": {
                    "animations":[
                        {
                            "m1911_sneak_reload_tpp": "variable.m1911_ammo && !variable.is_first_person"
                        }
                    ],
                    "transitions": [
                        {
                            "m1911_aim_tpp": "!variable.m1911_ammo && || query.all_animations_finished"
                        },
                        {
                           "m1911_reload_tpp": "!variable.m1911_ammo"
                        }
                     ],
                      "blend_transition": 0.0
                },
                "m1911_shoot_tpp": {
                    "animations":[
                        {
                            "m1911_shoot_tpp": "variable.m1911 && !variable.is_first_person"
                        }
                    ],
                    "transitions": [
                        {
                           "m1911_hold_tpp": "!variable.m1911 || query.all_animations_finished"
                        }
                     ],
                      "blend_transition": 0.0
                },
                "m1911_aim_shoot_tpp": {
                    "animations":[
                        {
                            "m1911_aim_shoot_tpp": "variable.m1911 && !variable.is_first_person"
                        }
                    ],
                    "transitions": [
                        {
                           "m1911_aim_tpp": "!variable.m1911 || query.all_animations_finished"
                        }
                     ],
                      "blend_transition": 0.0
                }
            }
        }
    }
}
