{
    "format_version": "1.10.0",
    "animation_controllers": {
        "controller.animation.makarov_tpp": {
            "initial_state": "makarov_hold_tpp",
            "states": {
                "makarov_hold_tpp": {
                    "animations":[
                        {
                            "makarov_hold_tpp": "(variable.makarov || variable.makarov_ammo || variable.makarov_emp)"
                        }
                    ],
                    "transitions": [
                        {
                            "makarov_sprint_tpp": "(variable.makarov || variable.makarov_emp) && query.is_sprinting"
                        },
                        {
                            "makarov_aim_tpp": "(variable.makarov || variable.makarov_emp) && query.is_sneaking"
                        },
                        {
                            "makarov_reload_tpp": "variable.makarov_ammo && query.is_using_item && !query.is_sneaking"
                        },
                        {
                            "makarov_shoot_tpp": "variable.makarov && query.is_using_item"
                        },
                        {
                            "makarov_aim_shoot_tpp": "variable.makarov && query.is_using_item && query.is_sneaking"
                        },
                        {
                            "makarov_sneak_reload_tpp": "variable.makarov_ammo && query.is_using_item && query.is_sneaking"
                        }
                     ],
                      "blend_transition": 0.1
                },
                "makarov_sprint_tpp": {
                    "animations":[
                        {
                            "makarov_sprint_tpp": "(variable.makarov || variable.makarov_emp) && !variable.is_first_person"
                        }
                    ],
                    "transitions": [
                        {
                           "makarov_hold_tpp": "(variable.makarov || variable.makarov_ammo || variable.makarov_emp) && !query.is_sprinting"
                        }
                     ],
                      "blend_transition": 0.1
                },
                "makarov_aim_tpp": {
                    "animations":[
                        {
                            "makarov_aim_tpp": "(variable.makarov || variable.makarov_emp) && !variable.is_first_person"
                        }
                    ],
                    "transitions": [
                        {
                           "makarov_hold_tpp": "(variable.makarov || variable.makarov_ammo || variable.makarov_emp) && !query.is_sneaking"
                        },
                        {
                           "makarov_aim_shoot_tpp": "variable.makarov && query.is_using_item && query.is_sneaking"
                        },
                        {
                           "makarov_sneak_reload_tpp": "variable.makarov_ammo && query.is_using_item && query.is_sneaking"
                        }
                     ],
                      "blend_transition": 0.1
                },
                "makarov_reload_tpp": {
                    "animations":["makarov_reload_tpp"],
                    "transitions": [
                        {
                           "makarov_hold_tpp": "!variable.makarov_ammo || query.all_animations_finished"
                        }
                     ],
                      "blend_transition": 0.0
                },
                "makarov_sneak_reload_tpp": {
                    "animations":[
                        {
                            "makarov_sneak_reload_tpp": "variable.makarov_ammo && !variable.is_first_person"
                        }
                    ],
                    "transitions": [
                        {
                            "makarov_aim_tpp": "!variable.makarov_ammo && || query.all_animations_finished"
                        },
                        {
                           "makarov_reload_tpp": "!variable.makarov_ammo"
                        }
                     ],
                      "blend_transition": 0.0
                },
                "makarov_shoot_tpp": {
                    "animations":[
                        {
                            "makarov_shoot_tpp": "variable.makarov && !variable.is_first_person"
                        }
                    ],
                    "transitions": [
                        {
                           "makarov_hold_tpp": "!variable.makarov || query.all_animations_finished"
                        }
                     ],
                      "blend_transition": 0.0
                },
                "makarov_aim_shoot_tpp": {
                    "animations":[
                        {
                            "makarov_aim_shoot_tpp": "variable.makarov && !variable.is_first_person"
                        }
                    ],
                    "transitions": [
                        {
                           "makarov_aim_tpp": "!variable.makarov || query.all_animations_finished"
                        }
                     ],
                      "blend_transition": 0.0
                }
            }
        }
    }
}
