{
    "format_version": "1.10.0",
    "animation_controllers": {
        "controller.animation.mp5k_tpp": {
            "initial_state": "mp5k_hold_tpp",
            "states": {
                "mp5k_hold_tpp": {
                    "animations":[
                        {
                            "mp5k_hold_tpp": "(variable.mp5k || variable.mp5k_ammo || variable.mp5k_emp)"
                        }
                    ],
                    "transitions": [
                        {
                            "mp5k_sprint_tpp": "(variable.mp5k || variable.mp5k_emp) && query.is_sprinting"
                        },
                        {
                            "mp5k_aim_tpp": "(variable.mp5k || variable.mp5k_emp) && query.is_sneaking"
                        },
                        {
                            "mp5k_reload_tpp": "variable.mp5k_ammo && query.is_using_item && !query.is_sneaking"
                        },
                        {
                            "mp5k_shoot_tpp": "variable.mp5k && query.is_using_item"
                        },
                        {
                            "mp5k_aim_shoot_tpp": "variable.mp5k && query.is_using_item && query.is_sneaking"
                        },
                        {
                            "mp5k_sneak_reload_tpp": "variable.mp5k_ammo && query.is_using_item && query.is_sneaking"
                        }
                     ],
                      "blend_transition": 0.1
                },
                "mp5k_sprint_tpp": {
                    "animations":[
                        {
                            "mp5k_sprint_tpp": "(variable.mp5k || variable.mp5k_emp) && !variable.is_first_person"
                        }
                    ],
                    "transitions": [
                        {
                           "mp5k_hold_tpp": "(variable.mp5k || variable.mp5k_ammo || variable.mp5k_emp) && !query.is_sprinting"
                        }
                     ],
                      "blend_transition": 0.1
                },
                "mp5k_aim_tpp": {
                    "animations":[
                        {
                            "mp5k_aim_tpp": "(variable.mp5k || variable.mp5k_emp) && !variable.is_first_person"
                        }
                    ],
                    "transitions": [
                        {
                           "mp5k_hold_tpp": "(variable.mp5k || variable.mp5k_ammo || variable.mp5k_emp) && !query.is_sneaking"
                        },
                        {
                           "mp5k_aim_shoot_tpp": "variable.mp5k && query.is_using_item && query.is_sneaking"
                        },
                        {
                           "mp5k_sneak_reload_tpp": "variable.mp5k_ammo && query.is_using_item && query.is_sneaking"
                        }
                     ],
                      "blend_transition": 0.1
                },
                "mp5k_reload_tpp": {
                    "animations":["mp5k_reload_tpp"],
                    "transitions": [
                        {
                           "mp5k_hold_tpp": "!variable.mp5k_ammo || query.all_animations_finished"
                        }
                     ],
                      "blend_transition": 0.1
                },
                "mp5k_sneak_reload_tpp": {
                    "animations":[
                        {
                            "mp5k_sneak_reload_tpp": "variable.mp5k_ammo && !variable.is_first_person"
                        }
                    ],
                    "transitions": [
                        {
                            "mp5k_aim_tpp": "!variable.mp5k_ammo && || query.all_animations_finished"
                        },
                        {
                           "mp5k_reload_tpp": "!variable.mp5k_ammo"
                        }
                     ],
                      "blend_transition": 0.1
                },
                "mp5k_shoot_tpp": {
                    "animations":[
                        {
                            "mp5k_shoot_tpp": "variable.mp5k && !variable.is_first_person"
                        }
                    ],
                    "transitions": [
                        {
                           "mp5k_hold_tpp": "!variable.mp5k || query.all_animations_finished"
                        }
                     ],
                      "blend_transition": 0.0
                },
                "mp5k_aim_shoot_tpp": {
                    "animations":[
                        {
                            "mp5k_aim_shoot_tpp": "variable.mp5k && !variable.is_first_person"
                        }
                    ],
                    "transitions": [
                        {
                           "mp5k_aim_tpp": "!variable.mp5k || query.all_animations_finished"
                        }
                     ],
                      "blend_transition": 0.0
                }
            }
        }
    }
}
