{
    "format_version": "1.10.0",
    "animation_controllers": {
        "controller.animation.rpk_tpp": {
            "initial_state": "rpk_hold_tpp",
            "states": {
                "rpk_hold_tpp": {
                    "animations":[
                        {
                            "rpk_hold_tpp": "(variable.rpk || variable.rpk_ammo || variable.rpk_emp)"
                        }
                    ],
                    "transitions": [
                        {
                            "rpk_sprint_tpp": "(variable.rpk || variable.rpk_emp) && query.is_sprinting"
                        },
                        {
                            "rpk_aim_tpp": "(variable.rpk || variable.rpk_emp) && query.is_sneaking"
                        },
                        {
                            "rpk_reload_tpp": "variable.rpk_ammo && query.is_using_item && !query.is_sneaking"
                        },
                        {
                            "rpk_shoot_tpp": "variable.rpk && query.is_using_item"
                        },
                        {
                            "rpk_aim_shoot_tpp": "variable.rpk && query.is_using_item && query.is_sneaking"
                        },
                        {
                            "rpk_sneak_reload_tpp": "variable.rpk_ammo && query.is_using_item && query.is_sneaking"
                        }
                     ],
                      "blend_transition": 0.1
                },
                "rpk_sprint_tpp": {
                    "animations":[
                        {
                            "rpk_sprint_tpp": "(variable.rpk || variable.rpk_emp) && !variable.is_first_person"
                        }
                    ],
                    "transitions": [
                        {
                           "rpk_hold_tpp": "(variable.rpk || variable.rpk_ammo || variable.rpk_emp) && !query.is_sprinting"
                        }
                     ],
                      "blend_transition": 0.1
                },
                "rpk_aim_tpp": {
                    "animations":[
                        {
                            "rpk_aim_tpp": "(variable.rpk || variable.rpk_emp) && !variable.is_first_person"
                        }
                    ],
                    "transitions": [
                        {
                           "rpk_hold_tpp": "(variable.rpk || variable.rpk_ammo || variable.rpk_emp) && !query.is_sneaking"
                        },
                        {
                           "rpk_aim_shoot_tpp": "variable.rpk && query.is_using_item && query.is_sneaking"
                        },
                        {
                           "rpk_sneak_reload_tpp": "variable.rpk_ammo && query.is_using_item && query.is_sneaking"
                        }
                     ],
                      "blend_transition": 0.1
                },
                "rpk_reload_tpp": {
                    "animations":["rpk_reload_tpp"],
                    "transitions": [
                        {
                           "rpk_hold_tpp": "!variable.rpk_ammo || query.all_animations_finished"
                        }
                     ],
                      "blend_transition": 0.1
                },
                "rpk_sneak_reload_tpp": {
                    "animations":[
                        {
                            "rpk_sneak_reload_tpp": "variable.rpk_ammo && !variable.is_first_person"
                        }
                    ],
                    "transitions": [
                        {
                            "rpk_aim_tpp": "!variable.rpk_ammo && || query.all_animations_finished"
                        },
                        {
                           "rpk_reload_tpp": "!variable.rpk_ammo"
                        }
                     ],
                      "blend_transition": 0.1
                },
                "rpk_shoot_tpp": {
                    "animations":[
                        {
                            "rpk_shoot_tpp": "variable.rpk && !variable.is_first_person"
                        }
                    ],
                    "transitions": [
                        {
                           "rpk_hold_tpp": "!variable.rpk || query.all_animations_finished"
                        }
                     ],
                      "blend_transition": 0.0
                },
                "rpk_aim_shoot_tpp": {
                    "animations":[
                        {
                            "rpk_aim_shoot_tpp": "variable.rpk && !variable.is_first_person"
                        }
                    ],
                    "transitions": [
                        {
                           "rpk_aim_tpp": "!variable.rpk || query.all_animations_finished"
                        }
                     ],
                      "blend_transition": 0.0
                }
            }
        }
    }
}
