{
    "format_version": "1.10.0",
    "animation_controllers": {
        "controller.animation.spas12_tpp": {
            "initial_state": "spas12_hold_tpp",
            "states": {
                "spas12_hold_tpp": {
                    "animations":[
                        {
                            "spas12_hold_tpp": "(variable.spas12 || variable.spas12_ammo || variable.spas12_emp)"
                        }
                    ],
                    "transitions": [
                        {
                            "spas12_sprint_tpp": "(variable.spas12 || variable.spas12_emp) && query.is_sprinting"
                        },
                        {
                            "spas12_aim_tpp": "(variable.spas12 || variable.spas12_emp) && query.is_sneaking"
                        },
                        {
                            "spas12_reload_tpp": "variable.spas12_ammo && query.is_using_item && !query.is_sneaking"
                        },
                        {
                            "spas12_shoot_tpp": "variable.spas12 && query.is_using_item"
                        },
                        {
                            "spas12_aim_shoot_tpp": "variable.spas12 && query.is_using_item && query.is_sneaking"
                        },
                        {
                            "spas12_sneak_reload_tpp": "variable.spas12_ammo && query.is_using_item && query.is_sneaking"
                        }
                     ],
                      "blend_transition": 0.1
                },
                "spas12_sprint_tpp": {
                    "animations":[
                        {
                            "spas12_sprint_tpp": "(variable.spas12 || variable.spas12_emp) && !variable.is_first_person"
                        }
                    ],
                    "transitions": [
                        {
                           "spas12_hold_tpp": "(variable.spas12 || variable.spas12_ammo || variable.spas12_emp) && !query.is_sprinting"
                        }
                     ],
                      "blend_transition": 0.1
                },
                "spas12_aim_tpp": {
                    "animations":[
                        {
                            "spas12_aim_tpp": "(variable.spas12 || variable.spas12_emp) && !variable.is_first_person"
                        }
                    ],
                    "transitions": [
                        {
                           "spas12_hold_tpp": "(variable.spas12 || variable.spas12_ammo || variable.spas12_emp) && !query.is_sneaking"
                        },
                        {
                           "spas12_aim_shoot_tpp": "variable.spas12 && query.is_using_item && query.is_sneaking"
                        },
                        {
                           "spas12_sneak_reload_tpp": "variable.spas12_ammo && query.is_using_item && query.is_sneaking"
                        }
                     ],
                      "blend_transition": 0.1
                },
                "spas12_reload_tpp": {
                    "animations":["spas12_reload_tpp"],
                    "transitions": [
                        {
                           "spas12_hold_tpp": "!variable.spas12_ammo || query.all_animations_finished"
                        }
                     ],
                      "blend_transition": 0.1
                },
                "spas12_sneak_reload_tpp": {
                    "animations":[
                        {
                            "spas12_sneak_reload_tpp": "variable.spas12_ammo && !variable.is_first_person"
                        }
                    ],
                    "transitions": [
                        {
                            "spas12_aim_tpp": "!variable.spas12_ammo && || query.all_animations_finished"
                        },
                        {
                           "spas12_reload_tpp": "!variable.spas12_ammo"
                        }
                     ],
                      "blend_transition": 0.1
                },
                "spas12_shoot_tpp": {
                    "animations":[
                        {
                            "spas12_shoot_tpp": "variable.spas12 && !variable.is_first_person"
                        }
                    ],
                    "transitions": [
                        {
                           "spas12_hold_tpp": "!variable.spas12 || query.all_animations_finished"
                        }
                     ],
                      "blend_transition": 0.1
                },
                "spas12_aim_shoot_tpp": {
                    "animations":[
                        {
                            "spas12_aim_shoot_tpp": "variable.spas12 && !variable.is_first_person"
                        }
                    ],
                    "transitions": [
                        {
                           "spas12_aim_tpp": "!variable.spas12 || query.all_animations_finished"
                        }
                     ],
                      "blend_transition": 0.1
                }
            }
        }
    }
}
