{
    "format_version": "1.8.0",
    "animation_controllers": {
        "controller.animation.ar15_sc":{
          "initial_state" : "event0",
            "states":{
                "event0":{
                    "transitions":[
                        {
                            "event1":"query.is_using_item==1&&query.get_equipped_item_name=='ar15_s'"
                        }]
                },
                "event1": {
                    "transitions": [
                        {
                            "event0": "(1.0)"
                        }],
                    "on_entry": [
                        "/gamerule sendcommandfeedback false",
                        "/clear @s addon:ar15_s 0 1",
                        "/replaceitem entity @s slot.weapon.mainhand 0 addon:ar15_1",
                        "/give @s addon:acog"
                    ]
                }
            }
        }
    }
}
