{
  "format_version": "1.16.100",
  "minecraft:item": {
    "description": {
      "identifier": "addon:nv_goggles",
      "category": "equipment"
    },
    "components": {
      "minecraft:creative_category": {
        "parent": "itemGroup.name.wearables"
      },
      "minecraft:display_name": {},
     "minecraft:icon": {
        "texture": "nv_goggles"
     },
    "minecraft:render_offsets": "helmets",
      "minecraft:max_stack_size": 1,
      "minecraft:enchantable": {
        "value": 10,
        "slot": "armor_head"
      },
      "minecraft:durability": {
        "max_damage": 152,
        "damage_chance": {
          "min": 95,
          "max": 100
        }
      },
      "minecraft:armor": {
        "protection": 1
      },
      "minecraft:wearable": {
        "slot": "slot.armor.head"
      }
    }
  }
}