{
    "format_version": "1.8.0",
    "animations": {
        "animation.ak74u_reload": {
            "loop":"hold_on_last_frame",
            "animation_length": 3.7917,
            "timeline": {
                "0.0":"/title @s actionbar Reloading",
                "1.0":"/title @s actionbar Reloading",
                "2.0":"/title @s actionbar Reloading",
                "3.0":"/title @s actionbar Reloading",
                "3.75":"/replaceitem entity @s slot.weapon.mainhand 0 blockops:ak74u"
            }
        }
    }
}
