{
    "format_version": "1.8.0",
    "animations": {
        "animation.m16_reload": {
            "loop":"hold_on_last_frame",
            "animation_length": 3.5417,
            "timeline": {
                "0.0":"/title @s actionbar Reloading",
                "1.0":"/title @s actionbar Reloading",
                "2.0":"/title @s actionbar Reloading",
                "2.5":"/title @s actionbar Reloading",
                "3.5":"/replaceitem entity @s slot.weapon.mainhand 0 blockops:m16 7"
            }
        }
    }
}
