{
    "format_version": "1.8.0",
    "animations": {
        "animation.mp5k_reload": {
            "loop":"hold_on_last_frame",
            "animation_length": 4.7917,
            "timeline": {
                "0.0":"/title @s actionbar Reloading",
                "0.0":"/title @s actionbar Reloading",
                "1.0":"/title @s actionbar Reloading",
                "2.0":"/title @s actionbar Reloading",
                "3.0":"/title @s actionbar Reloading",
                "4.0":"/title @s actionbar Reloading",
                "4.75":"/replaceitem entity @s slot.weapon.mainhand 0 blockops:mp5k"
            }
        }
    }
}
