{
  "format_version": "1.10.0",
  "animation_controllers": {
    "controller.animation.drop_vss": {
      "states": {
        "default": {
          "transitions": [
            {
              "walking": "(0.0)"
            }
          ],
          "on_entry": [
        "/gamerule sendcommandfeedback false",
        "/give @p[r=5] addon:vss"
          ]
        },
        "walking": {
          "transitions": [
            {
              "default": "(0.0)"
            }
          ],
          "on_entry": [
        "/gamerule sendcommandfeedback false",
        "/give @p[r=5] addon:vss"
          ]
        }
      }
    }
  }
}
