{
	"effect.tiros": {
		"category": "weather",
		"min_distance": 100,
		"sounds": [
			"sounds/effect/tiros1",
			"sounds/effect/tiros2",
			"sounds/effect/tiros3",
			"sounds/effect/tiros4",
			"sounds/effect/tiros5",
			"sounds/effect/tiros6",
			"sounds/effect/tiros7",
			"sounds/effect/tiros8",
			"sounds/effect/tiros9",
			"sounds/effect/tiros10",
			"sounds/effect/tiros11",
			"sounds/effect/tiros12"
		]
	},
	"gun.akr": {
		"category": "neutral",
		"sounds": [
			"sounds/gun/akr"
		]
	},
	"gun.akr12": {
		"category": "neutral",
		"sounds": [
			"sounds/gun/akr12"
		]
	},
	"gun.awm": {
		"category": "neutral",
		"sounds": [
			"sounds/gun/awm"
		]
	},
	"gun.eagle": {
		"category": "neutral",
		"sounds": [
			"sounds/gun/eagle"
		]
	},
	"gun.fabm": {
		"category": "neutral",
		"sounds": [
			"sounds/gun/fabm"
		]
	},
	"gun.famas": {
		"category": "neutral",
		"sounds": [
			"sounds/gun/famas"
		]
	},
	"gun.fnfal": {
		"category": "neutral",
		"sounds": [
			"sounds/gun/fnfal"
		]
	},
	"gun.m4": {
		"category": "neutral",
		"sounds": [
			"sounds/gun/m4"
		]
	},
	"gun.m16": {
		"category": "neutral",
		"sounds": [
			"sounds/gun/m16"
		]
	},
	"gun.m40": {
		"category": "neutral",
		"sounds": [
			"sounds/gun/m40"
		]
	},
	"gun.m110": {
		"category": "neutral",
		"sounds": [
			"sounds/gun/m110"
		]
	},
	"gun.mp5": {
		"category": "neutral",
		"sounds": [
			"sounds/gun/mp5"
		]
	},
	"gun.mp7": {
		"category": "neutral",
		"sounds": [
			"sounds/gun/mp7"
		]
	},
	"gun.p90": {
		"category": "neutral",
		"sounds": [
			"sounds/gun/p90"
		]
	},
	"gun.tec9": {
		"category": "neutral",
		"sounds": [
			"sounds/gun/tec9"
		]
	},
	"gun.f-s": {
		"category": "neutral",
		"sounds": [
			"sounds/gun/f-s"
		]
	},
	"gun.g22": {
		"category": "neutral",
		"sounds": [
			"sounds/gun/g22"
		]
	},
	"gun.p350": {
		"category": "neutral",
		"sounds": [
			"sounds/gun/p350"
		]
	},
	"gun.sm1014": {
		"category": "neutral",
		"sounds": [
			"sounds/gun/sm1014"
		]
	},
	"gun.usp": {
		"category": "neutral",
		"sounds": [
			"sounds/gun/usp"
		]
	},
	"gun.ump45": {
		"category": "neutral",
		"sounds": [
			"sounds/gun/ump45"
		]
	},
	"mob.walker.hurt": {
		"category": "neutral",
		"sounds": [
			"sounds/mob/walker/hurt1",
			"sounds/mob/walker/hurt2",
			"sounds/mob/walker/hurt3",
			"sounds/mob/walker/hurt4",
			"sounds/mob/walker/hurt5",
			"sounds/mob/walker/hurt6",
			"sounds/mob/walker/hurt7",
			"sounds/mob/walker/hurt8"
		]
	}
}