{
	"format_version": "1.16.100",
	"minecraft:item": {
		"description": {
			"identifier": "bridge:capa1",
			"category": "Equipment"
		},
		"components": {
			"minecraft:creative_category": {
				"parent": "Equipment"
			},
			"minecraft:icon": {
				"texture": "capa1"
			},
			"minecraft:armor": {
				"texture_type": "capacete",
				"protection": 2
			},
			"minecraft:render_offsets": "helmets",
			"minecraft:display_name": {
				"value": "Helmet Level 1"
			},
			"minecraft:max_stack_size": 1,
			"minecraft:enchantable": {
				"value": 25,
				"slot": "armor_head"
			},
			"minecraft:durability": {
				"max_damage": 77,
				"damage_chance": {
					"min": 60,
					"max": 100
				}
			},
			"minecraft:mining_speed": 12,
			"minecraft:damage": 0,
			"minecraft:wearable": {
				"slot": "slot.armor.head"
			}
		}
	}
}