{
	"format_version": "1.16.100",
	"minecraft:item": {
		"description": {
			"identifier": "bridge:capacete_moto",
			"category": "Equipment"
		},
		"components": {
			"minecraft:creative_category": {
				"parent": "Equipment"
			},
			"minecraft:icon": {
				"texture": "capacete_moto"
			},
			"minecraft:armor": {
				"texture_type": "capacete",
				"protection": 1
			},
			"minecraft:render_offsets": "helmets",
			"minecraft:display_name": {
				"value": "Motorcycle Helmet"
			},
			"minecraft:max_stack_size": 1,
			"minecraft:enchantable": {
				"value": 15,
				"slot": "armor_head"
			},
			"minecraft:durability": {
				"max_damage": 55,
				"damage_chance": {
					"min": 60,
					"max": 100
				}
			},
			"minecraft:wearable": {
				"slot": "slot.armor.head"
			},
			"minecraft:dyeable": {
				"default_color": "ffa06540"
			}
		}
	}
}