{
	"format_version": "1.16.100",
	"minecraft:item": {
		"description": {
			"identifier": "bridge:colhete_nivel1",
			"category": "Equipment"
		},
		"components": {
			"minecraft:creative_category": {
				"parent": "Equipment"
			},
			"minecraft:icon": {
				"texture": "colhete_nivel1"
			},
			"minecraft:armor": {
				"texture_type": "colhete",
				"protection": 5
			},
			"minecraft:render_offsets": "chestplates",
			"minecraft:display_name": {
				"value": "Vest Level 1"
			},
			"minecraft:max_stack_size": 1,
			"minecraft:enchantable": {
				"value": 25,
				"slot": "armor_torso"
			},
			"minecraft:durability": {
				"max_damage": 112,
				"damage_chance": {
					"min": 60,
					"max": 100
				}
			},
			"minecraft:mining_speed": 12,
			"minecraft:damage": 0,
			"minecraft:wearable": {
				"slot": "slot.armor.chest"
			}
		}
	}
}