{
	"format_version": "1.8.0",
	"animations": {
		"animation.item.knife_attack": {
			"loop": true,
			"animation_length": 0.2,
			"anim_time_update": "query.anim_time + query.delta_time * 0.58",
			"bones": {
				"rightArm": {
					"position": {
						"0.0": [0, 0, 0],
						"0.02": [0, 0, 0],
						"0.08": [0, 0, 0],
						"0.16": [0, 0, 0]
					},
					"rotation": {
						"0.0": [0, 0, 0],
						"0.04": [0, 0, -40],
						"0.08": [0, 0, -50],
						"0.1": [30, 0, -50],
						"0.1155": [50, 0, -50],
						"0.15": [60, 0, -50],
						"0.2": [0, 0, 0]
					}
				},
				"leftArm": {
					"position": {
						"0.0": [0, 0, 0],
						"0.02": [0, 0, 0],
						"0.08": [0, 0, 0],
						"0.16": [0, 0, 0]
					},
					"rotation": {
						"0.0": [0, 0, 0],
						"0.02": [0, 0, 0],
						"0.08": [0, 0, 0],
						"0.16": [0, 0, 0]
					}
				}
			}
		}
	}
}