{
	"format_version": "1.8.0",
	"animations": {
		"animation.chaos_l.general": {
			"loop": true,
			"bones": {
				"head": {
					"rotation": ["query.target_x_rotation - this", "query.target_y_rotation - this", 0]
				},
				"rightArm": {
					"rotation": ["-20+Math.cos(query.anim_time * 40 + 40) *2", -25, 45]
				},
				"leftArm": {
					"rotation": ["-15+Math.cos(query.anim_time * 40 + 40) *2", 40, 0]
				},
				"rightArm2": {
					"rotation": [-75, -30, 0]
				},
				"leftArm2": {
					"rotation": [-20, 0, 0]
				},
				"gun": {
					"rotation": [-30, 0, -25]
				},
				"rightLeg": {
					"rotation": [0, 0, 2]
				},
				"leftLeg": {
					"rotation": [0, 0, -2]
				},
				"body": {
					"rotation": ["Math.sin(query.life_time * 180.0) * 1", 0, 0]
				},
				"bone6": {
					"position": [-1, 0, 0]
				}
			}
		},
		"animation.chaos_l.moving": {
			"loop": true,
			"anim_time_update": "query.modified_distance_moved",
			"bones": {
				"rightLeg": {
					"rotation": ["Math.cos(query.anim_time * 40 + 40) *50.0", 0, 0],
					"position": [0, -1, 0]
				},
				"leftLeg": {
					"rotation": ["Math.cos(query.anim_time * 40 + 40) *-50.0", 0, 0],
					"position": [0, -1, 0]
				},
				"rightLeg2": {
					"rotation": ["32+Math.cos(query.anim_time * 40 + 40) *32.0", 0, 0]
				},
				"leftLeg2": {
					"rotation": ["32+Math.cos(query.anim_time * 40 + 40) *-32.0", 0, 0]
				},
				"head": {
					"rotation": ["query.target_x_rotation - this", "query.target_y_rotation - this", 0]
				},
				"body": {
					"rotation": [15, "Math.cos(query.anim_time * 40 + 40) *5", "Math.cos(query.anim_time * 40 + 40) *-3.0"],
					"position": [0, -1, 0]
				},
				"rightArm": {
					"rotation": [0, 0, "Math.cos(query.anim_time * 40 + 40) *20.0"]
				},
				"leftArm": {
					"rotation": [0, 0, "Math.cos(query.anim_time * 40 + 40) *20.0"]
				}
			}
		},
		"animation.chaos_l.shooting": {
			"loop": true,
			"animation_length": 9.1,
			"bones": {
				"head": {
					"rotation": {
						"0.0": [-10, "query.target_y_rotation - this", -25],
						"3.0": [-10, "query.target_y_rotation - this", -25]
					}
				},
				"rightArm": {
					"rotation": {
						"0.0": [-25, 0, 35],
						"0.4833": [-25, 0, -10],
						"3.0": ["-25+Math.cos(query.anim_time * 2000 + 600) *2", 0, 35]
					}
				},
				"leftArm": {
					"rotation": {
						"0.0": [-80, 32.5, 0],
						"0.4833": [20, 40, 0],
						"3.0": ["-80+Math.cos(query.anim_time * 2000 + 600) *2", 50, 0]
					},
					"position": [0, 0, -1]
				},
				"rightArm2": {
					"rotation": {
						"0.0": [-110, -35, 0],
						"0.4833": [-110, -35, 0],
						"3.0": [-110, -35, 0]
					}
				},
				"leftArm2": {
					"rotation": {
						"0.0": [0, 0, 20],
						"0.4833": [0, 0, 10],
						"3.0": [0, 0, 20]
					}
				},
				"body": {
					"rotation": {
						"0.0": [5, 0, 0],
						"3.0": ["5+query.target_x_rotation - this", 0, 0]
					}
				},
				"gun": {
					"rotation": {
						"0.0": [35, 10, 55],
						"0.4833": [105, 10, 15],
						"2.4833": [65, 10, 46.75],
						"3.0": [35, 10, 55]
					},
					"position": {
						"0.0": [-3, -1, 3],
						"0.4833": [-1, -1, 3],
						"2.4833": [-2.59, -1, 3],
						"3.0": [-3, -1, 3]
					}
				},
				"rightLeg": {
					"rotation": {
						"0.0": [10, 0, 5],
						"3.0": [10, 0, 5]
					}
				},
				"leftLeg": {
					"rotation": {
						"0.0": [-10, 0, -5],
						"3.0": [-10, 0, -5]
					}
				},
				"rightLeg2": {
					"rotation": {
						"0.0": [15, 0, 0],
						"3.0": [15, 0, 0]
					}
				},
				"leftLeg2": {
					"rotation": {
						"0.0": [10, 0, 0],
						"3.0": [10, 0, 0]
					}
				},
				"gun2": {
					"rotation": [0, 0, 0],
					"position": {
						"0.0": [0, 0, 0],
						"0.2333": [7.04, -7.25, 1.61],
						"0.5167": [13, -7, -3],
						"1.5167": [9, -8, 2],
						"2.5167": [0, 0, 0]
					}
				},
				"bone6": {
					"position": [2, 0, 4]
				}
			}
		},
		"animation.chaos_l.attacking": {
			"animation_length": 0.5667,
			"bones": {
				"body": {
					"rotation": [0, 0, 0]
				},
				"head": {
					"rotation": [0, 0, 0]
				},
				"rightArm": {
					"rotation": {
						"0.0": [0, 0, 0],
						"0.2": [-120, 65, 0],
						"0.4": [5, 65, 30],
						"0.5667": [0, 0, 0]
					}
				},
				"rightArm2": {
					"rotation": {
						"0.0": [0, 0, 0],
						"0.2": [-65, 40, 0],
						"0.4": [-65, -70, 40],
						"0.5667": [0, 0, 0]
					}
				},
				"gun": {
					"rotation": [0, 0, 0]
				},
				"leftArm": {
					"rotation": [0, 0, 0]
				},
				"leftArm2": {
					"rotation": [0, 0, 0]
				},
				"rightLeg": {
					"rotation": [0, 0, 0]
				},
				"rightLeg2": {
					"rotation": [0, 0, 0]
				},
				"leftLeg": {
					"rotation": [0, 0, 0]
				},
				"leftLeg2": {
					"rotation": [0, 0, 0]
				}
			}
		},
		"animation.chaos_l.summoning": {
			"loop": true,
			"animation_length": 2.32,
			"override_previous_animation": true,
			"bones": {
				"body": {
					"rotation": {
						"0.0": [0, 0, 0],
						"2.3167": [0, 0, 0]
					},
					"position": {
						"0.0": [0, 0, 0],
						"0.5167": [0, -1, 0],
						"2.3167": [0, 0, 0]
					}
				},
				"head": {
					"rotation": {
						"0.0": [0, 0, 0],
						"0.5167": [30, 0, 0],
						"1.0": [45, 0, 0],
						"1.4833": [25, 0, 0],
						"1.9167": [50, 0, 0],
						"2.3167": [0, 0, 0]
					}
				},
				"rightArm": {
					"rotation": {
						"0.0": [0, 0, 0],
						"0.5167": [5, 0, 0],
						"2.3167": [0, 0, 0]
					}
				},
				"rightArm2": {
					"rotation": {
						"0.0": [0, 0, 0],
						"0.5167": [-70, -25, 0],
						"2.3167": [0, 0, 0]
					}
				},
				"leftArm": {
					"rotation": {
						"0.0": [0, 0, 0],
						"0.5167": [-55, 35, 0],
						"2.3167": [0, 0, 0]
					}
				},
				"leftArm2": {
					"rotation": {
						"0.0": [0, 0, 0],
						"0.5167": [0, 0, 55],
						"2.3167": [0, 0, 0]
					}
				},
				"rightLeg": {
					"rotation": {
						"0.0": [0, 0, 0],
						"0.5167": [-15, 0, 0],
						"2.3167": [0, 0, 0]
					},
					"position": {
						"0.0": [0, 0, 0],
						"0.5167": [0, -1, 0],
						"2.3167": [0, 0, 0]
					}
				},
				"rightLeg2": {
					"rotation": {
						"0.0": [0, 0, 0],
						"0.5167": [50, 0, 0],
						"2.3167": [0, 0, 0]
					}
				},
				"leftLeg": {
					"rotation": {
						"0.0": [0, 0, 0],
						"0.5167": [-45, 0, 0],
						"2.3167": [0, 0, 0]
					},
					"position": {
						"0.0": [0, 0, 0],
						"0.5167": [0, -2, 0],
						"2.3167": [0, 0, 0]
					}
				},
				"leftLeg2": {
					"rotation": {
						"0.0": [0, 0, 0],
						"0.5167": [30, 0, 0],
						"2.3167": [0, 0, 0]
					}
				}
			}
		}
	}
}