{
	"format_version": "1.8.0",
	"animations": {
		"animation.t90.move": {
			"loop": true,
			"animation_length": 1,
			"bones": {
				"bone2": {
					"rotation": {
						"0.0": [0, 0, 0],
						"0.2": [2.5, 0, 0],
						"0.5": [-2.5, 0, 0],
						"0.8": [0, 0, 0]
					}
				},
				"katok1": {
					"rotation": {
						"0.0": [0, 0, 0],
						"1.0": [360, 0, 0]
					}
				},
				"katok2": {
					"rotation": {
						"0.0": [0, 0, 0],
						"1.0": [360, 0, 0]
					}
				},
				"katok3": {
					"rotation": {
						"0.0": [0, 0, 0],
						"1.0": [360, 0, 0]
					}
				},
				"katok4": {
					"rotation": {
						"0.0": [0, 0, 0],
						"1.0": [360, 0, 0]
					}
				},
				"katok5": {
					"rotation": {
						"0.0": [0, 0, 0],
						"1.0": [360, 0, 0]
					}
				},
				"katok6": {
					"rotation": {
						"0.0": [0, 0, 0],
						"1.0": [360, 0, 0]
					}
				},
				"katok7": {
					"rotation": {
						"0.0": [0, 0, 0],
						"1.0": [360, 0, 0]
					}
				},
				"katok8": {
					"rotation": {
						"0.0": [0, 0, 0],
						"1.0": [360, 0, 0]
					}
				},
				"head": {
					"rotation": {
						"0.0": [0, 0, 0],
						"1.0": [0, 0, 0]
					}
				},
				"bone9": {
					"rotation": {
						"0.0": [0, 0, 0],
						"0.2": [-2.5, 0, 0],
						"0.5": [2.5, 0, 0],
						"0.8": [0, 0, 0]
					}
				},
				"bone": {
					"rotation": {
						"0.0": [0, 0, 0],
						"0.3": [-2.5, 0, 0],
						"0.7": [2.5, 0, 0],
						"1.0": [0, 0, 0]
					}
				},
				"roBHo": {
					"rotation": {
						"0.5": [7.5, 0, 0],
						"0.7": [25, 0, 0],
						"0.9": [45, 0, 0]
					},
					"position": {
						"0.0": [0, 0, 0],
						"0.2": [0, 0, -13],
						"0.5": [0, 0, -24.12],
						"0.7": [0, 13, -34],
						"1.0": [0, 7, -34]
					}
				},
				"roBHo2": {
					"rotation": [37.5, 0, 0],
					"position": {
						"0.0": [0, 0, -33],
						"0.2": [0, -6, -43],
						"0.3": [0, -18, -37],
						"0.6": [0, 17, -15]
					}
				},
				"roBHo3": {
					"position": {
						"0.1": [-3, 25, 20],
						"0.3": [-3, 28, 27],
						"0.5": [-3, 3, 27],
						"0.7": [-3, -3, 12],
						"0.9": [-3, 6, 16]
					}
				},
				"roBHo4": {
					"rotation": {
						"0.3": [10, 0, 0],
						"0.4": [25, 0, 0],
						"0.6": [82.5, 0, 0]
					},
					"position": {
						"0.0": [72, -5, -51],
						"0.3": [67.61, -8.14, -56.35],
						"0.5": [65, -10, -42],
						"0.6": [65, 25, -50]
					}
				},
				"roBHo5": {
					"rotation": [0, 0, 0],
					"position": [0, 0, 11]
				},
				"roBHo6": {
					"position": {
						"0.6": [0, -3, 0],
						"1.0": [0, -3, -29]
					}
				},
				"gusla": {
					"rotation": {
						"0.0": [0, 0, 0],
						"0.2": [-2.5, 0, 0],
						"0.5": [2.5, 0, 0],
						"0.8": [0, 0, 0]
					}
				},
				"gusla2": {
					"rotation": {
						"0.0": [0, 0, 0],
						"0.2": [-2.5, 0, 0],
						"0.5": [2.5, 0, 0],
						"0.8": [0, 0, 0]
					}
				},
				"bone5": {
					"rotation": {
						"0.2": [-2.5, 0, 0],
						"0.5": [2.5, 0, 0],
						"0.8": [0, 0, 0]
					}
				}
			}
		}
	}
}