{
  "format_version": "1.10.0",
  "animation_controllers": {
    "controller.animation.m1911_reload_function": {
      "initial_state": "default",
      "states": {
        "default": {
          "transitions": [
            {
              "reload": "query.mark_variant == 1 && query.get_equipped_item_name=='m1911_ammo' && query.item_remaining_use_duration > 0"
            }
          ]
        },
        "reload": {
          "transitions": [
            {
              "default": "query.mark_variant == 1 && query.get_equipped_item_name=='m1911_ammo' && query.item_remaining_use_duration > 0"
            }
          ],
          "on_entry": [
            "/playsound m1911_reloading @a[r=5]",
            "/scoreboard players set @s m1911 1",
            "/clear @s blockops:m1911_emp",
            "/clear @s blockops:m1911"
          ]
        }
      }
    }
  }
}
