{
  "format_version": "1.8.0",
  "minecraft:entity": {
    "description": {
      "identifier": "drop:get_mac10_empty",
      "is_spawnable": false,
      "is_summonable": true,
      "is_experimental": false,
	  "scripts": {
	    "animate": [ "walk" ]
	  },
	  "animations": {
	    "walk": "controller.animation.drop_mac10_empty"
	  }
    },
	
	"components": {
	  "minecraft:type_family": {
	    "family": [ "despawncito" ]
	  },
	  "minecraft:despawn": {
	    "filters": {
		  "all_of": [
		    { "test": "is_family", "subject": "self", "value": "despawncito" }
		  ]
		}
	  },
	  "minecraft:health": {
	    "value": 1
	  },
	  "minecraft:physics": {
	  }
	}
  }
}