{
	"format_version": "1.8.0",
	"animations": {
		"animation.ntf_d.general": {
			"loop": true,
			"animation_length": 1000,
			"bones": {
				"head": {
					"rotation": {
						"0.0": [0, 0, 0],
						"0.2833": [35, 25, 0],
						"0.6333": [-55, 25, 0],
						"1.0": [-90, 25, 0],
						"2.0333": [-90, 25, 0],
						"2.3667": [-15, 25, 0]
					}
				},
				"rightArm": {
					"rotation": {
						"0.0": ["-35 + Math.cos(query.anim_time * 40 + 40) *5.0", -45, 0],
						"0.2833": [-35, 65, 0]
					}
				},
				"leftArm": {
					"rotation": {
						"0.0": ["-55 + Math.cos(query.anim_time * 40 + 40) *5.0", 25, 0],
						"0.2833": ["-55 + Math.cos(query.anim_time * 40 + 40) *5.0", 65, 0],
						"0.4833": [-52.68, -8.5, -95],
						"0.5667": [-52.78, -137.9, -54],
						"0.6333": ["-55+ Math.cos(query.anim_time * 40 + 40) *5.0", -82, -80],
						"1.0": ["-55+ Math.cos(query.anim_time * 40 + 40) *5.0", -122, -80],
						"2.0333": ["-55+ Math.cos(query.anim_time * 40 + 40) *5.0", -122, -80],
						"2.4": ["-55+ Math.cos(query.anim_time * 40 + 40) *5.0", -82, -80]
					}
				},
				"rightLeg": {
					"rotation": {
						"0.0": [0, 0, 0],
						"0.2833": [-15, 0, 20],
						"0.6333": [0, 0, 0]
					},
					"position": [0, 0, 0]
				},
				"rightLeg2": {
					"rotation": {
						"0.0": [0, 0, 0],
						"0.2833": [65, 0, 0],
						"0.6333": [0, 0, 0]
					}
				},
				"leftLeg": {
					"rotation": {
						"0.0": [0, 0, 0],
						"0.2833": [20, 0, -5],
						"0.6333": [0, 0, -50]
					}
				},
				"leftLeg2": {
					"rotation": {
						"0.0": [0, 0, 0],
						"0.2833": [10, 0, 0],
						"0.6333": [0, 0, 40]
					}
				},
				"rightArm2": {
					"rotation": [-20, 0, 0]
				},
				"leftArm2": {
					"rotation": {
						"0.0": [0, 0, 40],
						"0.2833": [0, 0, 0],
						"0.4833": [-80, 0, 0],
						"0.6333": [-40, 0, 0]
					}
				},
				"waist": {
					"rotation": {
						"0.0": [0, 0, 0],
						"0.2833": [-90, -40, 90],
						"0.6333": [-90, 0, 180]
					},
					"position": {
						"0.0": [0, 0, 0],
						"0.2833": [0, -0.74, 0],
						"0.6333": [0, -10, 0]
					}
				},
				"body": {
					"rotation": {
						"0.0": [0, 0, 0],
						"0.2833": [0, 40, 0],
						"0.6333": [0, 0, 0],
						"1.0": [-5, 0, 0],
						"2.0333": [-5, 0, 0],
						"2.3667": [0, 0, 0]
					}
				},
				"gun": {
					"rotation": {
						"0.0": [0, 0, 0],
						"0.6333": [0, 0, 20]
					},
					"position": {
						"0.0": [0, 0, 0],
						"0.5667": [0, 0, 0],
						"0.6333": [-2, 7, -10]
					},
					"scale": [0.5, 0.5, 0.5]
				}
			}
		}
	}
}