{
	"format_version": "1.16.0",
	"minecraft:entity": {
		"description": {
			"identifier": "bridge:human",
			"is_spawnable": true,
			"is_summonable": true,
			"is_experimental": false
		},

		"component_groups": {
			"8e22ea570a4749ba912679b5a870a18b": {
				"minecraft:variant": {
					"value": 0
				}
			},
			"8dbb090025904c359f4882dfa78e5441": {
				"minecraft:variant": {
					"value": 1
				}
			},
			"ab97d00a68d4429aa43544e27a82f6c5": {
				"minecraft:variant": {
					"value": 2
				}
			},
			"d056ca3d4be34922a2afcd61024f4d61": {
				"minecraft:variant": {
					"value": 3
				}
			},
			"3e29f70a0cdb4019b77ba4545d649b70": {
				"minecraft:variant": {
					"value": 4
				}
			},
			"7a214f070a45476c8a5f2219a1e65b0b": {
				"minecraft:variant": {
					"value": 5
				}
			},
			"c6291abd207442a49ecc7250bbeea4bd": {
				"minecraft:variant": {
					"value": 6
				}
			},
			"09ee395ec98a4d0285806bb03b466700": {
				"minecraft:variant": {
					"value": 7
				}
			}
		},

		"components": {
			"minecraft:experience_reward": {
				"on_death": "query.last_hit_by_player ? 5 + (query.equipment_count * Math.Random(1,3)) : 0"
			},
			"minecraft:equip_item": {},
			"minecraft:collision_box": {
				"width": 0.6,
				"height": 1.9
			},
			"minecraft:type_family": {
				"family": [
					"human",
					"player"
				]
			},
			"minecraft:breathable": {
				"total_supply": 15,
				"suffocate_time": 0,
				"breathes_water": true
			},
			"minecraft:health": {
				"value": 20,
				"max": 20
			},
			"minecraft:hurt_on_condition": {
				"damage_conditions": [
					{
						"filters": {
							"test": "in_lava",
							"subject": "self",
							"operator": "==",
							"value": true
						},
						"cause": "lava",
						"damage_per_tick": 4
					}
				]
			},
			"minecraft:loot": {
				"table": "loot_tables/entities/human.json"
			},
			"minecraft:movement": {
				"value": 0.25
			},
			"minecraft:navigation.walk": {
				"is_amphibious": true,
				"avoid_water": true
			},
			"minecraft:movement.basic": {},
			"minecraft:jump.static": {},
			"minecraft:can_climb": {},
			"minecraft:nameable": {},
			"minecraft:equipment": {
				"table": "loot_tables/entities/human_gear.json"
			},
			"minecraft:shooter": {
				"def": "bullet:akr"
			},
			"minecraft:despawn": {
				"despawn_from_distance": {}
			},
			"minecraft:behavior.ranged_attack": {
				"priority": 0,
				"attack_interval_min": 0.1,
				"attack_interval_max": 0.1,
				"attack_radius": 25.0
			},
			"minecraft:behavior.hurt_by_target": {
				"priority": 1
			},
			"minecraft:behavior.nearest_attackable_target": {
				"priority": 2,
				"must_see": true,
				"reselect_targets": true,
				"entity_types": [
					{
						"filters": {
							"test": "is_family",
							"subject": "other",
							"value": "bandit"
						},
						"max_dist": 16
					},
					{
						"filters": {
							"test": "is_family",
							"subject": "other",
							"value": "monster"
						},
						"max_dist": 16
					}
				]
			},
			"minecraft:behavior.equip_item": {
				"priority": 3
			},
			"minecraft:behavior.random_stroll": {
				"priority": 6,
				"speed_multiplier": 1
			},
			"minecraft:behavior.look_at_player": {
				"priority": 7,
				"look_distance": 8
			},
			"minecraft:behavior.random_look_around": {
				"priority": 8
			},
			"minecraft:physics": {},
			"minecraft:pushable": {
				"is_pushable": true,
				"is_pushable_by_piston": true
			},
			"minecraft:conditional_bandwidth_optimization": {}
		},

		"events": {
			"minecraft:entity_spawned": {
				"sequence": [
					{
						"add": {
							"component_groups": [
								"minecraft:ranged_attack"
							]
						}
					},
					{
						"randomize": [
							{
								"add": {
									"component_groups": [
										"8e22ea570a4749ba912679b5a870a18b"
									]
								}
							},
							{
								"add": {
									"component_groups": [
										"8dbb090025904c359f4882dfa78e5441"
									]
								}
							},
							{
								"add": {
									"component_groups": [
										"ab97d00a68d4429aa43544e27a82f6c5"
									]
								}
							},
							{
								"add": {
									"component_groups": [
										"d056ca3d4be34922a2afcd61024f4d61"
									]
								}
							},
							{
								"add": {
									"component_groups": [
										"3e29f70a0cdb4019b77ba4545d649b70"
									]
								}
							},
							{
								"add": {
									"component_groups": [
										"7a214f070a45476c8a5f2219a1e65b0b"
									]
								}
							},
							{
								"add": {
									"component_groups": [
										"c6291abd207442a49ecc7250bbeea4bd"
									]
								}
							},
							{
								"add": {
									"component_groups": [
										"09ee395ec98a4d0285806bb03b466700"
									]
								}
							}
						]
					}
				]
			}
		}
	}
}