{
	"format_version": "1.16.0",
	"minecraft:entity": {
		"description": {
			"identifier": "bridge:walker",
			"is_spawnable": true,
			"is_summonable": true,
			"is_experimental": false
		},

		"component_groups": {
			"0f189e93_3f2c_4144_9b28_836863b1c537": {
				"minecraft:variant": {
					"value": 0
				}
			},
			"bcdd9516_4ef4_41b5_be37_51eeda0742c3": {
				"minecraft:variant": {
					"value": 1
				}
			},
			"0659e65c_0025_4961_92bb_b89644ae162b": {
				"minecraft:variant": {
					"value": 2
				}
			},
			"384defab_7cae_4dc4_9048_863231694bd1": {
				"minecraft:variant": {
					"value": 3
				}
			},
			"e425c1b2_02e5_42e7_b3e3_058213245e86": {
				"minecraft:variant": {
					"value": 4
				}
			},
			"150e746e_07d7_4755_a444_dde442b85e88": {
				"minecraft:variant": {
					"value": 5
				}
			},
			"71f0251d_375f_4c00_af01_69ccc1cffe4a": {
				"minecraft:variant": {
					"value": 6
				}
			},
			"ceaadcac_5dbb_4ab8_9234_3b7fbc7a1d9a": {
				"minecraft:variant": {
					"value": 7
				}
			},
			"143e39c2_980c_4354_8587_1e885d85e358": {
				"minecraft:variant": {
					"value": 8
				}
			},
			"02ae0c76_138d_4fd5_9ea7_061695f45964": {
				"minecraft:variant": {
					"value": 9
				}
			},
			"9de6f952_57ae_4582_8a22_ac7e7fe6afff": {
				"minecraft:variant": {
					"value": 10
				}
			},
			"64155347_54b3_4591_87e8_cc0c155d680b": {
				"minecraft:variant": {
					"value": 11
				}
			},
			"b7fa7e9b_c98b_44fd_a099_1c25dda1cb07": {
				"minecraft:variant": {
					"value": 12
				}
			},
			"eeb30195_a016_4dec_9b46_1549359b05b2": {
				"minecraft:variant": {
					"value": 13
				}
			},
			"52892767_8244_4ffe_9b18_a6d9c0d58b2c": {
				"minecraft:variant": {
					"value": 14
				}
			},
			"4ff1383e_89e9_4e4b_ba6b_2a72264f0010": {
				"minecraft:variant": {
					"value": 15
				}
			},
			"ca8bf6fa_7a6f_4b8d_b9f1_e9ade2ddeb4a": {
				"minecraft:variant": {
					"value": 16
				}
			},
			"2dbd4bc2_a696_4ff3_acaf_0dc14cf1ad21": {
				"minecraft:variant": {
					"value": 17
				}
			},
			"1787f47e_7fe9_46f4_b60c_b5a84b1eb0af": {
				"minecraft:variant": {
					"value": 18
				}
			},
			"ea20cef3_4020_4c74_85ad_d405e94c6fb4": {
				"minecraft:variant": {
					"value": 19
				}
			},
			"41ede101_efa3_4d8b_99d9_5a0e6292dae2": {
				"minecraft:is_saddled": {}
			},
			"72d9fe17_d4e5_4e34_bb60_270a0b158317": {
				"minecraft:attack": {
					"damage": 2
				}
			},
			"b67eb03d_b548_49ea_a556_cb4260b72e70": {
				"minecraft:attack": {
					"damage": 4
				}
			},
			"7dc77399_94a9_4f69_88e2_e95bb46aa466": {
				"minecraft:attack": {
					"damage": 6
				}
			},
			"324f1871_2dfb_4c85_acb5_11c70ba8a873": {
				"minecraft:attack": {
					"damage": 8
				}
			},
			"c50f7492_3f52_4f1a_917b_6e77f2d216b6": {
				"minecraft:attack": {
					"damage": 2,
					"effect_name": "nausea",
					"effect_duration": 1
				}
			},
			"23c85921_938f_4204_8814_a37f5a609cd3": {
				"minecraft:attack": {
					"damage": 4,
					"effect_name": "nausea",
					"effect_duration": 1
				}
			},
			"ef9cec02_047a_4f08_b28a_e5f945f53566": {
				"minecraft:attack": {
					"damage": 6,
					"effect_name": "nausea",
					"effect_duration": 1
				}
			},
			"dd526e54_e025_4460_bcd1_3913e09031da": {
				"minecraft:attack": {
					"damage": 8,
					"effect_name": "nausea",
					"effect_duration": 1
				}
			},
			"621afb9e_568c_4366_94e5_3069f29d74a9": {
				"minecraft:movement": {
					"value": 0.2
				}
			},
			"11b9f016_38b5_4a7e_bc1d_903102f41921": {
				"minecraft:movement": {
					"value": 0.22
				}
			},
			"33e47fdb_42b0_43bc_9e71_e56d679db796": {
				"minecraft:movement": {
					"value": 0.24
				}
			},
			"1c88cd82_4ea7_402f_830d_1ffd2d0dd52f": {
				"minecraft:movement": {
					"value": 0.26
				}
			},
			"2cf972b3_5d38_4990_9180_2e23f2aa6afd": {
				"minecraft:health": {
					"value": 5,
					"max": 5
				}
			},
			"9280c758_f6a7_4976_a610_0ae6998127e8": {
				"minecraft:health": {
					"value": 9,
					"max": 9
				}
			},
			"68d814fe_641b_4ca0_bc7e_5a978335c057": {
				"minecraft:health": {
					"value": 13,
					"max": 13
				}
			},
			"1bbe39b1_3f94_4e5f_9f36_4892095927aa": {
				"minecraft:health": {
					"value": 17,
					"max": 17
				}
			},
			"280556b6_530c_428a_b087_d9b7704923dd": {
				"minecraft:health": {
					"value": 21,
					"max": 21
				}
			},
			"ba6ac844_d4e4_4a30_b003_f8b7f9ebaa36": {
				"minecraft:health": {
					"value": 25,
					"max": 25
				}
			},
			"3b9acb06_f5db_44fb_a75a_bc256bea91a6": {
				"minecraft:mark_variant": {
					"value": 0
				}
			},
			"872c243e_3679_4f95_9323_855895743e60": {
				"minecraft:mark_variant": {
					"value": 1
				}
			},
			"3e40d58e_12ce_4807_87e6_be4e7312a46f": {
				"minecraft:mark_variant": {
					"value": 2
				}
			},
			"b2d637a6_9454_41cb_ba53_327d79c2fd92": {
				"minecraft:variant": {
					"value": 3
				}
			},
			"f915df69_d43d_4f77_857f_1f443f4152a0": {
				"minecraft:mark_variant": {
					"value": 4
				}
			}
		},

		"components": {
			"minecraft:experience_reward": {
				"on_death": "query.last_hit_by_player ? 5 + (query.equipment_count * Math.Random(1,3)) : 0"
			},
			"minecraft:nameable": {},
			"minecraft:type_family": {
				"family": [
					"zombie",
					"undead",
					"monster",
					"mob"
				]
			},
			"minecraft:collision_box": {
				"width": 0.6,
				"height": 1.9
			},
			"minecraft:movement": {
				"value": 0.23
			},
			"minecraft:movement.basic": {},
			"minecraft:navigation.walk": {
				"is_amphibious": true,
				"can_pass_doors": true,
				"can_walk": true,
				"can_break_doors": true
			},
			"minecraft:annotation.break_door": {},
			"minecraft:jump.static": {},
			"minecraft:can_climb": {},
			"minecraft:health": {
				"value": 20,
				"max": 20
			},
			"minecraft:hurt_on_condition": {
				"damage_conditions": [
					{
						"filters": {
							"test": "in_lava",
							"subject": "self",
							"operator": "==",
							"value": true
						},
						"cause": "lava",
						"damage_per_tick": 4
					}
				]
			},
			"minecraft:breathable": {
				"total_supply": 15,
				"suffocate_time": 0,
				"breathes_air": true,
				"breathes_water": true
			},
			"minecraft:attack": {
				"damage": 3
			},
			"minecraft:loot": {
				"table": "loot_tables/zombie.json"
			},
			"minecraft:despawn": {
				"despawn_from_distance": {}
			},
			"minecraft:behavior.melee_attack": {
				"priority": 3
			},
			"minecraft:behavior.stomp_turtle_egg": {
				"priority": 4,
				"speed_multiplier": 1,
				"search_range": 10,
				"search_height": 2,
				"goal_radius": 1.14,
				"interval": 20
			},
			"minecraft:behavior.random_stroll": {
				"priority": 7,
				"speed_multiplier": 1
			},
			"minecraft:behavior.look_at_player": {
				"priority": 8,
				"look_distance": 6,
				"probability": 0.02
			},
			"minecraft:behavior.random_look_around": {
				"priority": 9
			},
			"minecraft:behavior.hurt_by_target": {
				"priority": 1
			},
			"minecraft:behavior.nearest_attackable_target": {
				"priority": 2,
				"must_see": true,
				"reselect_targets": true,
				"within_radius": 25.0,
				"must_see_forget_duration": 17.0,
				"entity_types": [
					{
						"filters": {
							"any_of": [
								{
									"test": "is_family",
									"subject": "other",
									"value": "player"
								},
								{
									"test": "is_family",
									"subject": "other",
									"value": "snowgolem"
								},
								{
									"test": "is_family",
									"subject": "other",
									"value": "irongolem"
								}
							]
						},
						"max_dist": 35
					},
					{
						"filters": {
							"any_of": [
								{
									"test": "is_family",
									"subject": "other",
									"value": "villager"
								},
								{
									"test": "is_family",
									"subject": "other",
									"value": "wandering_trader"
								}
							]
						},
						"max_dist": 35,
						"must_see": false
					},
					{
						"filters": {
							"all_of": [
								{
									"test": "is_family",
									"subject": "other",
									"value": "baby_turtle"
								},
								{
									"test": "in_water",
									"subject": "other",
									"operator": "!=",
									"value": true
								}
							]
						},
						"max_dist": 35
					}
				]
			},
			"minecraft:physics": {},
			"minecraft:pushable": {
				"is_pushable": true,
				"is_pushable_by_piston": true
			},
			"minecraft:conditional_bandwidth_optimization": {}
		},

		"events": {
			"minecraft:entity_spawned": {
				"sequence": [
					{
						"randomize": [
							{
								"add": {
									"component_groups": [
										"0f189e93_3f2c_4144_9b28_836863b1c537"
									]
								}
							},
							{
								"add": {
									"component_groups": [
										"bcdd9516_4ef4_41b5_be37_51eeda0742c3"
									]
								}
							},
							{
								"add": {
									"component_groups": [
										"0659e65c_0025_4961_92bb_b89644ae162b"
									]
								}
							},
							{
								"add": {
									"component_groups": [
										"384defab_7cae_4dc4_9048_863231694bd1"
									]
								}
							},
							{
								"add": {
									"component_groups": [
										"e425c1b2_02e5_42e7_b3e3_058213245e86"
									]
								}
							},
							{
								"add": {
									"component_groups": [
										"150e746e_07d7_4755_a444_dde442b85e88"
									]
								}
							},
							{
								"add": {
									"component_groups": [
										"71f0251d_375f_4c00_af01_69ccc1cffe4a"
									]
								}
							},
							{
								"add": {
									"component_groups": [
										"ceaadcac_5dbb_4ab8_9234_3b7fbc7a1d9a"
									]
								}
							},
							{
								"add": {
									"component_groups": [
										"143e39c2_980c_4354_8587_1e885d85e358"
									]
								}
							},
							{
								"add": {
									"component_groups": [
										"02ae0c76_138d_4fd5_9ea7_061695f45964"
									]
								}
							},
							{
								"add": {
									"component_groups": [
										"9de6f952_57ae_4582_8a22_ac7e7fe6afff"
									]
								}
							},
							{
								"add": {
									"component_groups": [
										"64155347_54b3_4591_87e8_cc0c155d680b"
									]
								}
							},
							{
								"add": {
									"component_groups": [
										"b7fa7e9b_c98b_44fd_a099_1c25dda1cb07"
									]
								}
							},
							{
								"add": {
									"component_groups": [
										"eeb30195_a016_4dec_9b46_1549359b05b2"
									]
								}
							},
							{
								"add": {
									"component_groups": [
										"52892767_8244_4ffe_9b18_a6d9c0d58b2c"
									]
								}
							},
							{
								"add": {
									"component_groups": [
										"4ff1383e_89e9_4e4b_ba6b_2a72264f0010"
									]
								}
							},
							{
								"add": {
									"component_groups": [
										"ca8bf6fa_7a6f_4b8d_b9f1_e9ade2ddeb4a"
									]
								}
							},
							{
								"add": {
									"component_groups": [
										"2dbd4bc2_a696_4ff3_acaf_0dc14cf1ad21"
									]
								}
							},
							{
								"add": {
									"component_groups": [
										"1787f47e_7fe9_46f4_b60c_b5a84b1eb0af"
									]
								}
							},
							{
								"add": {
									"component_groups": [
										"ea20cef3_4020_4c74_85ad_d405e94c6fb4"
									]
								}
							}
						]
					},
					{
						"randomize": [
							{},
							{
								"add": {
									"component_groups": [
										"41ede101_efa3_4d8b_99d9_5a0e6292dae2"
									]
								}
							}
						]
					},
					{
						"randomize": [
							{
								"add": {
									"component_groups": [
										"72d9fe17_d4e5_4e34_bb60_270a0b158317"
									]
								}
							},
							{
								"add": {
									"component_groups": [
										"b67eb03d_b548_49ea_a556_cb4260b72e70"
									]
								}
							},
							{
								"add": {
									"component_groups": [
										"7dc77399_94a9_4f69_88e2_e95bb46aa466"
									]
								}
							},
							{
								"add": {
									"component_groups": [
										"324f1871_2dfb_4c85_acb5_11c70ba8a873"
									]
								}
							},
							{
								"add": {
									"component_groups": [
										"c50f7492_3f52_4f1a_917b_6e77f2d216b6"
									]
								}
							},
							{
								"add": {
									"component_groups": [
										"23c85921_938f_4204_8814_a37f5a609cd3"
									]
								}
							},
							{
								"add": {
									"component_groups": [
										"ef9cec02_047a_4f08_b28a_e5f945f53566"
									]
								}
							},
							{
								"add": {
									"component_groups": [
										"dd526e54_e025_4460_bcd1_3913e09031da"
									]
								}
							}
						]
					},
					{
						"randomize": [
							{
								"add": {
									"component_groups": [
										"621afb9e_568c_4366_94e5_3069f29d74a9"
									]
								}
							},
							{
								"add": {
									"component_groups": [
										"11b9f016_38b5_4a7e_bc1d_903102f41921"
									]
								}
							},
							{
								"add": {
									"component_groups": [
										"33e47fdb_42b0_43bc_9e71_e56d679db796"
									]
								}
							},
							{
								"add": {
									"component_groups": [
										"1c88cd82_4ea7_402f_830d_1ffd2d0dd52f"
									]
								}
							}
						]
					},
					{
						"randomize": [
							{
								"add": {
									"component_groups": [
										"2cf972b3_5d38_4990_9180_2e23f2aa6afd"
									]
								}
							},
							{
								"add": {
									"component_groups": [
										"9280c758_f6a7_4976_a610_0ae6998127e8"
									]
								}
							},
							{
								"add": {
									"component_groups": [
										"68d814fe_641b_4ca0_bc7e_5a978335c057"
									]
								}
							},
							{
								"add": {
									"component_groups": [
										"1bbe39b1_3f94_4e5f_9f36_4892095927aa"
									]
								}
							},
							{
								"add": {
									"component_groups": [
										"280556b6_530c_428a_b087_d9b7704923dd"
									]
								}
							},
							{
								"add": {
									"component_groups": [
										"ba6ac844_d4e4_4a30_b003_f8b7f9ebaa36"
									]
								}
							}
						]
					},
					{
						"randomize": [
							{
								"add": {
									"component_groups": [
										"3b9acb06_f5db_44fb_a75a_bc256bea91a6"
									]
								}
							},
							{
								"add": {
									"component_groups": [
										"872c243e_3679_4f95_9323_855895743e60"
									]
								}
							},
							{
								"add": {
									"component_groups": [
										"3e40d58e_12ce_4807_87e6_be4e7312a46f"
									]
								}
							},
							{
								"add": {
									"component_groups": [
										"b2d637a6_9454_41cb_ba53_327d79c2fd92"
									]
								}
							},
							{
								"add": {
									"component_groups": [
										"f915df69_d43d_4f77_857f_1f443f4152a0"
									]
								}
							}
						]
					}
				]
			}
		}
	}
}