{
    "format_version": "1.8.0",
    "animation_controllers": {
		"controller.animation.akmt": {
			"initial_state" : "default",
			"states": {
				"default": {
					"transitions": [
						{
			        "noscope": "query.get_equipped_item_name('main_hand') == 'akmt' && query.is_using_item==1 && !query.is_sneaking"
						},
						{
			        "scope": "query.get_equipped_item_name('main_hand') == 'akmt' && query.is_using_item==1 && query.is_sneaking"
						}
					]
				},
				"noscope": {
					"transitions": [
						{
							"default": "(1.0)"
						}
					],
                    "on_entry": [
                        "/gamerule sendcommandfeedback false",
                        "/function akmt",
                        "/playsound addon.akm @a[r=64] ~~1.6~0.4",
                        "@s akmt_bullet_noscope",
                        "/particle minecraft:basic_smoke_particle ^^1.6^0.8"
                    ]
				},
				"scope": {
					"transitions": [
						{
							"default": "(1.0)"
						}
					],
                    "on_entry": [
                        "/gamerule sendcommandfeedback false",
                        "/function akmt",
                        "/playsound addon.akm @a[r=64] ~~1.6~0.4",
                        "@s akmt_bullet_scope",
                        "/particle minecraft:basic_smoke_particle ^^1.6^0.8"
                    ]
				}
			}
		}
    }
}
