{
    "format_version": "1.8.0",
    "animation_controllers": {
		"controller.animation.s686_noscope": {
			"states": {
				"default": {
				"transitions":                     [
				{
				"shoot": "query.get_equipped_item_name=='s686' && query.is_using_item ==1 && !query.is_sneaking"
				}
				],
				"on_entry": [
            "/gamerule sendcommandfeedback false",
            "/replaceitem entity @s slot.weapon.mainhand 0 addon:s686 1 10",
            "/function s686",
            "/playsound addon.s686 @a[r=64] ~~1.6~0.4",
            "@s s686_bullet_noscope",
            "/particle minecraft:basic_smoke_particle ^^1.6^0.8"
				]
				},
				"shoot": {
				"transitions": [
				{
							"default":  "query.get_equipped_item_name=='s686' && query.is_using_item ==1 && !query.is_sneaking"
				}
				],
				"on_entry": [
            "/gamerule sendcommandfeedback false",
            "/replaceitem entity @s slot.weapon.mainhand 0 addon:s686 1 15",
            "/function s686",
            "/playsound addon.s686 @a[r=64] ~~1.6~0.4",
            "@s s686_bullet_noscope",
            "/particle minecraft:basic_smoke_particle ^^1.6^0.8"
					]
				}
			}
		},
		"controller.animation.s686_scope": {
			"states": {
				"default": {
				"transitions":                     [
				{
				"shoot": "query.get_equipped_item_name=='s686' && query.is_using_item ==1 && query.is_sneaking"
				}
				],
				"on_entry": [
            "/gamerule sendcommandfeedback false",
            "/replaceitem entity @s slot.weapon.mainhand 0 addon:s686 1 10",
            "/function s686",
            "/playsound addon.s686 @a[r=64] ~~1.6~0.4",
            "@s s686_bullet_scope",
            "/particle minecraft:basic_smoke_particle ^^1.6^0.8"
				]
				},
				"shoot": {
				"transitions": [
				{
							"default":  "query.get_equipped_item_name=='s686' && query.is_using_item ==1 && query.is_sneaking"
				}
				],
				"on_entry": [
            "/gamerule sendcommandfeedback false",
            "/replaceitem entity @s slot.weapon.mainhand 0 addon:s686 1 15",
            "/function s686",
            "/playsound addon.s686 @a[r=64] ~~1.6~0.4",
            "@s s686_bullet_scope",
            "/particle minecraft:basic_smoke_particle ^^1.6^0.8"
					]
				}
			}
		}
    }
}
