{
    "pools": [{
            "rolls": 1,
            "entries": [{
                    "type": "item",
                    "name": "gun:p90_noammo",
                    "weight": 1,
                    "functions": [{
                            "function": "set_count",
                            "count": {
                                "min": 0,
                                "max": 1
                            }
                        }
                    ]
                }
            ]
        }
	]
}