{
	"format_version": "1.16.100",
	"minecraft:item": {
		"description": {
			"identifier": "bridge:kitchen_knife",
			"category": "Equipment"
		},

		"components": {
			"minecraft:creative_category": {
				"parent": "Equipment"
			},
			"minecraft:icon": {
				"texture": "kitchen_knife"
			},
			"minecraft:render_offsets": "tools",
			"minecraft:display_name": {
				"value": "Kitchen Knife"
			},
			"minecraft:max_stack_size": 1,
			"minecraft:use_duration": 3600,
			"minecraft:hand_equipped": true,
			"minecraft:durability": {
				"max_damage": 100
			},
			"minecraft:damage": 6,
			"minecraft:can_destroy_in_creative": false,
			"minecraft:weapon": {}
		}
	}
}