{
	"format_version": "1.16.100",
	"minecraft:item": {
		"description": {
			"identifier": "bridge:shovel",
			"category": "Equipment"
		},

		"components": {
			"minecraft:creative_category": {
				"parent": "Equipment"
			},
			"minecraft:icon": {
				"texture": "shovell"
			},
			"minecraft:render_offsets": "tools",
			"minecraft:display_name": {
				"value": "Shovel"
			},
			"minecraft:max_stack_size": 1,
			"minecraft:use_duration": 3600,
			"minecraft:hand_equipped": true,
			"minecraft:durability": {
				"max_damage": 100
			},
			"minecraft:mining_speed": 1,
			"minecraft:damage": 5,
			"minecraft:can_destroy_in_creative": false,
			"minecraft:weapon": {},
			"minecraft:digger": {
				"use_efficiency": true,
				"destroy_speeds": [
					{
						"block": {
							"tags": "q.any_tag('dirt', 'sand', 'gravel', 'grass', 'snow')"
						},
						"speed": 10
					}
				]
			},
			"tag:minecraft:is_shovel": {}
		}
	}
}