{
	"format_version": "1.16.100",
	"minecraft:item": {
		"description": {
			"identifier": "bridge:splitting_axe",
			"category": "Equipment"
		},

		"components": {
			"minecraft:creative_category": {
				"parent": "Equipment"
			},
			"minecraft:icon": {
				"texture": "splitting_axe"
			},
			"minecraft:render_offsets": "tools",
			"minecraft:display_name": {
				"value": "Splitting Axe"
			},
			"minecraft:max_stack_size": 1,
			"minecraft:use_duration": 3600,
			"minecraft:hand_equipped": true,
			"minecraft:durability": {
				"max_damage": 100
			},
			"minecraft:mining_speed": 1,
			"minecraft:damage": 10,
			"minecraft:can_destroy_in_creative": false,
			"minecraft:weapon": {},
			"minecraft:digger": {
				"use_efficiency": true,
				"destroy_speeds": [
					{
						"block": {
							"tags": "q.any_tag('wood', 'pumpkin', 'plant')"
						},
						"speed": 12
					},
					{
						"block": "minecraft:chest",
						"speed": 12
					},
					{
						"block": "minecraft:melon_block",
						"speed": 12
					}
				]
			},
			"tag:minecraft:is_axe": {}
		}
	}
}