{
	"format_version": "1.8.0",
	"animations": {
"animation.item.mp5_sprint" : {
			"loop" : true,
			"bones" : {
				"rightItem" : {
					"position": [ 0, -800, 0]
				},
				"rightArm": {
				    "position" : ["variable.is_first_person?-1:0", "variable.is_first_person?0:0", "variable.is_first_person?-5:0"],
					"rotation": ["variable.is_first_person?0:0", "variable.is_first_person?0:0", "variable.is_first_person?0:0"]
				},
				"leftArm": {
				    "position" : ["variable.is_first_person?-8:0", "variable.is_first_person?-0.5:0", "variable.is_first_person?-16:0"],
					"rotation": ["variable.is_first_person?0:0", "variable.is_first_person?0:0", "variable.is_first_person?0:0"]
				},
				"gun" : {
				    "position" : ["variable.is_first_person?3:0", "variable.is_first_person?0:0", "variable.is_first_person?0:0"],
				    "rotation": ["variable.is_first_person?0:0", "variable.is_first_person?0:0", "variable.is_first_person?-60:0"]
				}
			}
		}
	}
}
