{
	"format_version": "1.8.0",
	"animations": {
		"animatiom.item.mp5_shoot": {
			"animation_length": 0.12,
			"bones": {
				"zatvor": {
					"position": {
						"0.0": [0, 0, 0],
						"0.08": [2, 0, 0],
						"0.12": [0, 0, 0]
					}
				},
				"gilza": {
					"position": {
						"0.0": [0, 0, 0],
						"0.08": [0.4, 0, 0.9],
						"0.12": [0.4, -1.6, 2.8]
					}
				},
				"gun": {
					"position": [0, 0, 0]
				},
				"body": {
					"position": {
						"0.0": [0, 0, 0],
						"0.04": [0, 0, 1],
						"0.08": [0, 0, 0]
					}
				}
			}
		}
	}
}