{
	"format_version": "1.8.0",
	"animations": {
		"animation.item.92_reload": {
			"loop": true,
			"animation_length": 2.10833,
			"bones": {
				"rightArm": {
					"rotation": {
						"0.0": [0, -2.5, 0],
						"0.125": [0, -2.5, -12.5],
						"1.3333": [0, -2.5, -12.5],
						"1.4167": [0, -2.5, 0],
						"1.5833": [0, -2.5, 7.5],
						"1.7083": [0, -2.5, 0]
					}
				},
				"gun": {
					"rotation": {
						"0.0833": [5, 0.1, 0],
						"0.125": [5, 0.1, 0],
						"0.2083": [-0.08, 0.1, 0],
						"1.0": [0, 2.5, 0],
						"1.0833": [2.5, 0, 0],
						"1.1667": [0, 0, 0],
						"1.5833": [2.5, 0, 0],
						"1.625": [0, 0, 0]
					},
					"position": {
						"0.125": [0, 0, 0],
						"1.0": [0, 0, 0],
						"1.1667": [0, 0, 0],
						"1.7083": [0, 0.375, -0.15]
					}
				},
				"ammo": {
					"position": {
						"0.0833": [0, 0, 0],
						"0.4583": [0, -14, 0],
						"0.7083": [0, -14, 0],
						"1.2083": [0, 0, 0]
					}
				},
				"gilza2": {
					"position": {
						"0.0": [0, -13, 0],
						"0.4583": [0, 0, 0],
						"0.5": [0, 0, 0]
					}
				},
				"gilza3": {
					"position": {
						"0.0": [0, -13, 0],
						"0.4583": [0, 0, 0],
						"0.5": [0, 0, 0]
					}
				},
				"gilza4": {
					"position": {
						"0.0": [0, -13, 0],
						"0.4583": [0, 0, 0],
						"0.5": [0, 0, 0]
					}
				},
				"gilza5": {
					"rotation": [0, 0, 0],
					"position": {
						"0.0": [0, -13, 0],
						"0.4583": [0, 0, 0],
						"0.5": [0, 0, 0]
					}
				},
				"zatvor": {
					"position": {
						"1.5833": [0, 0, 0],
						"1.6667": [0, 0, -1.25]
					}
				},
				"leftArm": {
					"rotation": {
						"0.0": [0, 0, 0],
						"1.375": [0, 0, 0],
						"1.5833": [0, 0, 20],
						"1.6667": [0, 0, 0]
					},
					"position": {
						"0.0": [0, -1, 0],
						"0.375": [0, -12.625, 0],
						"0.7083": [0, -12.625, 0],
						"1.2083": [0, -2.995, 0],
						"1.5833": [0, -1, 0]
					}
				}
			}
		}
	}
}