{
	"format_version": "1.8.0",
	"animations": {
		"animation.item.aim": {
			"loop": true,
			"bones": {
				"head": {
					"rotation": [0, 0, -12.5]
				}
			}
		},
		"animation.item.3m_shoot": {
			"loop": true,
			"animation_length": 0.16,
			"bones": {
				"top": {
					"position": {
						"0.0": [0, 0, 0],
						"0.3": [0, 0, 1.5],
						"0.6": [0, 0, 3],
						"0.9": [0, 0, 4.5],
						"1.2": [0, 0, 6],
						"1.5": [0, 0, 7.5],
						"1.8": [0, 0, 9]
					}
				},
				"zatvor": {
					"position": {
						"0.0": [0, 0, 0.25],
						"0.02": [0, 0, 0.6],
						"0.08": [0, 0, 1],
						"0.16": [0, 0, 1.35]
					}
				},
				"rightArm": {
					"rotation": {
						"0.0": [-3, 0, 0],
						"0.02": [-6, 0, 0],
						"0.08": [-3, 0, 0],
						"0.16": [-6, 0, 0]
					}
				},
				"bullet": {
					"position": {
						"0.0": [-2, 0, 0],
						"0.02": [-3, 0, 0],
						"0.08": [-4, 0, 0],
						"0.16": [-5, 0, 0]
					}
				},
				"leftArm": {
					"rotation": {
						"0.0": [-3, 0, 0],
						"0.02": [-6, 0, 0],
						"0.08": [-3, 0, 0],
						"0.16": [-6, 0, 0]
					}
				}
			}
		},
		"animation.item.hands": {
			"loop": true,
			"bones": {
				"leftarm" : {
					"rotation" : [ "query.target_x_rotation - 90.0 - math.sin(query.life_time * 76.8) * 2.865 - this", "query.target_y_rotation + 28.65", "-(math.cos(query.life_time * 103.2) * 2.865) - 2.865" ]
				},
				"rightarm" : {
					"rotation" : [ "query.target_x_rotation - 90.0 + math.sin(query.life_time * 76.8) * 2.865 - this", "query.target_y_rotation - 5.73", "(math.cos(query.life_time * 103.2) * 2.865) + 2.865" ]
				},
				"gun" : {
					"scale" : 1
				},
				"rightItem" : {
					"scale" : 0.0
				}
			}
		},
		"animation.item.hands_sprint": {
			"loop": true,
			"bones": {
				"leftarm" : {
					"rotation" : [ "query.target_x_rotation - 70.0 - math.sin(query.life_time * 76.8) * 2.865 - this", "query.target_y_rotation + 28.65", "-(math.cos(query.life_time * 103.2) * 2.865) - 2.865" ]
				},
				"rightarm" : {
					"rotation" : [ "query.target_x_rotation - 70.0 + math.sin(query.life_time * 76.8) * 2.865 - this", "query.target_y_rotation - 28.65", "(math.cos(query.life_time * 103.2) * 2.865) + 2.865" ]
				},
				"gun" : {
					"scale" : 1
				},
				"rightItem" : {
					"scale" : 0.0
				}
			}
		},
		"animation.item.hands_sprint2": {
			"loop": true,
			"bones": {
				"leftarm" : {
					"rotation" : [ "query.target_x_rotation - 55.0 - math.sin(query.life_time * 76.8) * 2.865 - this", "query.target_y_rotation", "-(math.cos(query.life_time * 103.2) * 2.865) - 2.865" ]
				},
				"rightarm" : {
					"rotation" : [ "query.target_x_rotation - 130.0 + math.sin(query.life_time * 76.8) * 2.865 - this", "query.target_y_rotation", "(math.cos(query.life_time * 103.2) * 2.865) + 2.865" ]
				},
				"gun" : {
					"scale" : 1
				},
				"rightItem" : {
					"scale" : 0.0
				}
			}
		}
	}
}