{
	"format_version": "1.8.0",
	"animations": {
		"animation.first_person.ak74u": {
			"loop": true,
			"bones": {
				"rightArm": {
					"rotation": ["90+ variable.is_using_vr * 7.5", "5+ variable.is_using_vr * 7.5", "180.0 + variable.is_using_vr * -2.5"],
					"position": [10, -1, -2]
				},
				"leftArm": {
					"rotation": ["130+ variable.is_using_vr * 7.5", "-40+ variable.is_using_vr * 7.5", "77.5+ variable.is_using_vr * -2.5"],
					"position": [-6, -5, 9]
				},
				"ak74u": {
					"rotation": [0, 0, 0],
					"position": [0, 0, 0]
				}
			}
		},
		"animation.first_person.ak74u_ammo": {
			"loop": true,
			"bones": {
				"rightArm": {
					"rotation": ["90+ variable.is_using_vr * 7.5", "5+ variable.is_using_vr * 7.5", "180.0 + variable.is_using_vr * -2.5"],
					"position": [10, -1, -2]
				},
				"leftArm": {
					"rotation": ["130+ variable.is_using_vr * 7.5", "-40+ variable.is_using_vr * 7.5", "77.5+ variable.is_using_vr * -2.5"],
					"position": [-6, -5, 9]
				},
				"ak74u": {
					"rotation": [0, 0, 0],
					"position": [0, 0, 0]
				}
			}
		},
		"animation.first_person.ak74u_aim": {
			"loop": true,
			"animation_length": 0.1,
			"bones": {
				"rightArm": {
					"rotation": ["90+ variable.is_using_vr * 7.5", " variable.is_using_vr * 7.5", "180.0 + variable.is_using_vr * -2.5"],
					"position": [4, 0.5, -2.44512]
				},
				"leftArm": {
					"rotation": ["130+ variable.is_using_vr * 7.5", "-40+ variable.is_using_vr * 7.5", "77.5+ variable.is_using_vr * -2.5"],
					"position": [-10, -3.5, 8]
				},
				"ak74u": {
					"rotation": [0, 0, 0],
					"position": [0, 0, 0]
				}
			}
		},
		"animation.first_person.ak74u_sprint": {
			"loop": true,
			"animation_length": 0.1,
			"bones": {
				"rightArm": {
					"rotation": ["100+ variable.is_using_vr * 7.5", "20+ variable.is_using_vr * 7.5", "170 + variable.is_using_vr * -2.5"],
					"position": [10, -1, -2]
				},
				"leftArm": {
					"rotation": ["130+ variable.is_using_vr * 7.5", "-40+ variable.is_using_vr * 7.5", "77.5+ variable.is_using_vr * -2.5"],
					"position": [-10, -9, 8]
				},
				"ak74u": {
					"rotation": [0, 0, 0],
					"position": [0, 0, 0]
				}
			}
		},
		"animation.first_person.ak74u_shoot": {
			"loop": "hold_on_last_frame",
			"animation_length": 1,
			"anim_time_update": "query.anim_time + query.delta_time * 15.0",
			"bones": {
				"rightArm": {
					"rotation": {
						"0.0": ["90+ variable.is_using_vr * 7.5", "5+ variable.is_using_vr * 7.5", "180.0 + variable.is_using_vr * -2.5"],
						"0.5": ["87.5+ variable.is_using_vr * 7.5", "5+ variable.is_using_vr * 7.5", "180.0 + variable.is_using_vr * -2.5"],
						"1.0": ["90+ variable.is_using_vr * 7.5", "5+ variable.is_using_vr * 7.5", "180.0 + variable.is_using_vr * -2.5"]
					},
					"position": {
						"0.0": [10, -1, -2],
						"0.5": [10, -2, -4],
						"1.0": [10, -1, -2]
					}
				},
				"leftArm": {
					"rotation": {
						"0.0": ["130+ variable.is_using_vr * 7.5", "-40+ variable.is_using_vr * 7.5", "77.5+ variable.is_using_vr * -2.5"],
						"0.5": ["130+ variable.is_using_vr * 7.5", "-40+ variable.is_using_vr * 7.5", "77.5+ variable.is_using_vr * -2.5"],
						"1.0": ["130+ variable.is_using_vr * 7.5", "-40+ variable.is_using_vr * 7.5", "77.5+ variable.is_using_vr * -2.5"]
					},
					"position": {
						"0.0": [-6, -5, 9],
						"0.5": [-6, -5.25, 6.5],
						"1.0": [-6, -5, 9]
					}
				},
				"ak74u": {
					"rotation": [0, 0, 0],
					"position": [0, 0, 0]
				}
			}
		},
		"animation.first_person.ak74u_aim_shoot": {
			"loop": "hold_on_last_frame",
			"animation_length": 1,
			"anim_time_update": "query.anim_time + query.delta_time * 15.0",
			"bones": {
				"rightArm": {
					"rotation": {
						"0.0": ["90+ variable.is_using_vr * 7.5", " variable.is_using_vr * 7.5", "180.0 + variable.is_using_vr * -2.5"],
						"1.0": ["90+ variable.is_using_vr * 7.5", " variable.is_using_vr * 7.5", "180.0 + variable.is_using_vr * -2.5"]
					},
					"position": {
						"0.0": [4, 0.5, -2.44512],
						"0.5": [4, 0.5, -3.45],
						"1.0": [4, 0.5, -2.44512]
					}
				},
				"leftArm": {
					"rotation": {
						"0.0": ["130+ variable.is_using_vr * 7.5", "-40+ variable.is_using_vr * 7.5", "77.5+ variable.is_using_vr * -2.5"],
						"1.0": ["130+ variable.is_using_vr * 7.5", "-40+ variable.is_using_vr * 7.5", "77.5+ variable.is_using_vr * -2.5"]
					},
					"position": {
						"0.0": [-10, -3.5, 8],
						"0.5": [-10, -3.5, 7],
						"1.0": [-10, -3.5, 8]
					}
				},
				"ak74u": {
					"rotation": [0, 0, 0],
					"position": [0, 0, 0]
				}
			}
		}
	}
}