{
	"format_version": "1.8.0",
	"animations": {
		"animation.first_person.dragunov": {
			"loop": true,
			"animation_length": 0.08,
			"bones": {
				"rightArm": {
					"rotation": ["90+ variable.is_using_vr * 7.5", "5+ variable.is_using_vr * 7.5", "180.0 + variable.is_using_vr * -2.5"],
					"position": [10, -1, -2]
				},
				"leftArm": {
					"rotation": ["75+ variable.is_using_vr * 7.5", "-25+ variable.is_using_vr * 7.5", "180+ variable.is_using_vr * -2.5"],
					"position": [-3, -3, 10]
				},
				"dragunov": {
					"rotation": [0, 0, 0],
					"position": [0, 0, 0.5]
				},
				"dragunov_r": {
					"rotation": [-12.5, 7.5, -30],
					"position": [5.29268, 9.12195, -2.10976]
				}
			}
		},
		"animation.first_person.dragunov_aim": {
			"loop": "hold_on_last_frame",
			"animation_length": 0.1,
			"bones": {
				"rightArm": {
					"rotation": ["90+ variable.is_using_vr * 7.5", " variable.is_using_vr * 7.5", "180.0 + variable.is_using_vr * -2.5"],
					"position": [4, 0, -5]
				},
				"leftArm": {
					"rotation": ["75+ variable.is_using_vr * 7.5", "-25+ variable.is_using_vr * 7.5", "180+ variable.is_using_vr * -2.5"],
					"position": [-8, -3, 5]
				},
				"dragunov": {
					"rotation": [0, 0, 0],
					"position": [-0.59375, 0, 0.6875]
				},
				"dragunov_r": {
					"rotation": [-12.5, 7.5, -30],
					"position": [5.29268, 9.12195, -2.10976]
				},
				"scope": {
					"position": [0, 2, 0]
				},
				"bone41": {
					"position": [0, -1.26829, 0]
				},
				"bone42": {
					"position": [0, -1.46341, 0]
				},
				"bone26": {
					"position": [0.19512, 0, 0]
				},
				"scope3": {
					"position": [0, 5.21951, 0]
				},
				"scope4": {
					"position": [0, 99, 99]
				},
				"bone36": {
					"position": [0, 0, 0.19512],
					"scale": [1.3, 1, 1.3]
				},
				"bone6": {
					"position": [-0.03125, 0.5625, -0.6875]
				}
			}
		},
		"animation.first_person.dragunov_ammo": {
			"loop": true,
			"animation_length": 0.08,
			"bones": {
				"rightArm": {
					"rotation": ["90+ variable.is_using_vr * 7.5", "5+ variable.is_using_vr * 7.5", "180.0 + variable.is_using_vr * -2.5"],
					"position": [10, -1, -2]
				},
				"leftArm": {
					"rotation": ["75+ variable.is_using_vr * 7.5", "-25+ variable.is_using_vr * 7.5", "180+ variable.is_using_vr * -2.5"],
					"position": [-3, -3, 10]
				},
				"dragunov_r": {
					"rotation": [-12.5, 7.5, -30],
					"position": [5.29268, 9.12195, -2.10976]
				}
			}
		},
		"animation.first_person.dragunov_sprint": {
			"loop": true,
			"animation_length": 0.1,
			"bones": {
				"rightArm": {
					"rotation": ["100+ variable.is_using_vr * 7.5", "20+ variable.is_using_vr * 7.5", "170 + variable.is_using_vr * -2.5"],
					"position": [10, -1, -2]
				},
				"leftArm": {
					"rotation": ["65+ variable.is_using_vr * 7.5", "-47.5+ variable.is_using_vr * 7.5", "167.5+ variable.is_using_vr * -2.5"],
					"position": [-8.5, -8.5, 8]
				}
			}
		},
		"animation.first_person.dragunov_shoot": {
			"loop": "hold_on_last_frame",
			"animation_length": 1,
			"anim_time_update": "query.anim_time + query.delta_time * 5.0",
			"bones": {
				"rightArm": {
					"rotation": {
						"0.0": ["90+ variable.is_using_vr * 7.5", "5+ variable.is_using_vr * 7.5", "180.0 + variable.is_using_vr * -2.5"],
						"0.5": ["85+ variable.is_using_vr * 7.5", "5+ variable.is_using_vr * 7.5", "180.0 + variable.is_using_vr * -2.5"],
						"1.0": ["90+ variable.is_using_vr * 7.5", "5+ variable.is_using_vr * 7.5", "180.0 + variable.is_using_vr * -2.5"]
					},
					"position": {
						"0.0": [10, -1, -2],
						"0.5": [10, -2, -4],
						"1.0": [10, -1, -2]
					}
				},
				"leftArm": {
					"rotation": {
						"0.0": ["75+ variable.is_using_vr * 7.5", "-25+ variable.is_using_vr * 7.5", "180+ variable.is_using_vr * -2.5"],
						"0.5": ["70+ variable.is_using_vr * 7.5", "-25+ variable.is_using_vr * 7.5", "180+ variable.is_using_vr * -2.5"],
						"1.0": ["75+ variable.is_using_vr * 7.5", "-25+ variable.is_using_vr * 7.5", "180+ variable.is_using_vr * -2.5"]
					},
					"position": {
						"0.0": [-3, -3, 10],
						"0.5": [-3, -3, 8],
						"1.0": [-3, -3, 10]
					}
				},
				"dragunov": {
					"rotation": [0, 0, 0],
					"position": [0, 0, 0.5]
				},
				"dragunov_r": {
					"rotation": [-12.5, 7.5, -30],
					"position": [5.29268, 9.12195, -2.10976]
				}
			}
		},
		"animation.first_person.dragunov_aim_shoot": {
			"loop": "hold_on_last_frame",
			"animation_length": 1,
			"anim_time_update": "query.anim_time + query.delta_time * 5.0",
			"bones": {
				"rightArm": {
					"rotation": {
						"0.0": ["90+ variable.is_using_vr * 7.5", " variable.is_using_vr * 7.5", "180.0 + variable.is_using_vr * -2.5"],
						"1.0": ["90+ variable.is_using_vr * 7.5", " variable.is_using_vr * 7.5", "180.0 + variable.is_using_vr * -2.5"]
					},
					"position": {
						"0.0": [4, 0, -5],
						"0.5": [4, 0, -6],
						"1.0": [4, 0, -5]
					}
				},
				"leftArm": {
					"rotation": {
						"0.0": ["75+ variable.is_using_vr * 7.5", "-25+ variable.is_using_vr * 7.5", "180+ variable.is_using_vr * -2.5"],
						"1.0": ["75+ variable.is_using_vr * 7.5", "-25+ variable.is_using_vr * 7.5", "180+ variable.is_using_vr * -2.5"]
					},
					"position": {
						"0.0": [-8, -3, 5],
						"0.5": [-8, -3, 4],
						"1.0": [-8, -3, 5]
					}
				},
				"dragunov": {
					"rotation": [0, 0, 0],
					"position": [-0.59375, 0, 0.6875]
				},
				"dragunov_r": {
					"rotation": [-12.5, 7.5, -30],
					"position": [5.29268, 9.12195, -2.10976]
				},
				"scope": {
					"position": [0, 2, 0]
				},
				"bone41": {
					"position": [0, -1.26829, 0]
				},
				"bone42": {
					"position": [0, -1.46341, 0]
				},
				"bone26": {
					"position": [0.19512, 0, 0]
				},
				"scope3": {
					"position": [0, 5.21951, 0]
				},
				"scope4": {
					"position": [0, 99, 99]
				},
				"bone36": {
					"position": [0, 0, 0.19512],
					"scale": [1.3, 1, 1.3]
				},
				"bone6": {
					"position": [-0.03125, 0.5625, -0.6875]
				}
			}
		}
	}
}
