{
	"format_version": "1.8.0",
	"animations": {
		"animation.first_person.famas": {
			"loop": true,
			"animation_length": 0.08,
			"bones": {
				"rightArm": {
					"rotation": ["90+ variable.is_using_vr * 7.5", "5+ variable.is_using_vr * 7.5", "180.0 + variable.is_using_vr * -2.5"],
					"position": [10, -3, 1]
				},
				"leftArm": {
					"rotation": ["65+ variable.is_using_vr * 7.5", "-35+ variable.is_using_vr * 7.5", "180+ variable.is_using_vr * -2.5"],
					"position": [-4, -8, 10]
				}
			}
		},
		"animation.first_person.famas_aim": {
			"loop": true,
			"animation_length": 0.1,
			"bones": {
				"rightArm": {
					"rotation": ["90+ variable.is_using_vr * 7.5", " variable.is_using_vr * 7.5", "180.0 + variable.is_using_vr * -2.5"],
					"position": [4, -3.25, -2.44512]
				},
				"leftArm": {
					"rotation": ["65+ variable.is_using_vr * 7.5", "-35+ variable.is_using_vr * 7.5", "180+ variable.is_using_vr * -2.5"],
					"position": [-9, -8.25, 7]
				},
				"ironsightdetail26": {
					"position": [0, -0.03125, 0]
				}
			}
		},
		"animation.first_person.famas_ammo": {
			"loop": true,
			"animation_length": 0.08,
			"bones": {
				"rightArm": {
					"rotation": ["90+ variable.is_using_vr * 7.5", "5+ variable.is_using_vr * 7.5", "180.0 + variable.is_using_vr * -2.5"],
					"position": [10, -3, 1]
				},
				"leftArm": {
					"rotation": ["65+ variable.is_using_vr * 7.5", "-35+ variable.is_using_vr * 7.5", "180+ variable.is_using_vr * -2.5"],
					"position": [-4, -8, 10]
				}
			}
		},
		"animation.first_person.famas_sprint": {
			"loop": true,
			"bones": {
				"rightArm": {
					"rotation": ["100+ variable.is_using_vr * 7.5", "20+ variable.is_using_vr * 7.5", "170 + variable.is_using_vr * -2.5"],
					"position": [10, -1, 2]
				},
				"leftArm": {
					"rotation": ["65+ variable.is_using_vr * 7.5", "-47.5+ variable.is_using_vr * 7.5", "167.5+ variable.is_using_vr * -2.5"],
					"position": [-7.5, -10, 11]
				}
			}
		},
		"animation.first_person.famas_shoot": {
			"loop": "hold_on_last_frame",
			"animation_length": 1,
			"anim_time_update": "query.anim_time + query.delta_time * 15.0",
			"bones": {
				"rightArm": {
					"rotation": {
						"0.0": ["90+ variable.is_using_vr * 7.5", "5+ variable.is_using_vr * 7.5", "180.0 + variable.is_using_vr * -2.5"],
						"0.5": ["87.5+ variable.is_using_vr * 7.5", "5+ variable.is_using_vr * 7.5", "180.0 + variable.is_using_vr * -2.5"],
						"1.0": ["90+ variable.is_using_vr * 7.5", "5+ variable.is_using_vr * 7.5", "180.0 + variable.is_using_vr * -2.5"]
					},
					"position": {
						"0.0": [10, -3, 1],
						"0.5": [10, -4, -1],
						"1.0": [10, -3, 1]
					}
				},
				"leftArm": {
					"rotation": {
						"0.0": ["65+ variable.is_using_vr * 7.5", "-35+ variable.is_using_vr * 7.5", "180+ variable.is_using_vr * -2.5"],
						"0.5": ["62.5+ variable.is_using_vr * 7.5", "-35+ variable.is_using_vr * 7.5", "180+ variable.is_using_vr * -2.5"],
						"1.0": ["65+ variable.is_using_vr * 7.5", "-35+ variable.is_using_vr * 7.5", "180+ variable.is_using_vr * -2.5"]
					},
					"position": {
						"0.0": [-4, -8, 10],
						"0.5": [-4, -8.5, 8.5],
						"1.0": [-4, -8, 10]
					}
				}
			},
			"particle_effects": {
				"0.5": {
					"effect": "gun:muzzle_flash",
					"locator": "locator"
				}
			}
		},
		"animation.first_person.famas_aim_shoot": {
			"loop": "hold_on_last_frame",
			"animation_length": 1,
			"anim_time_update": "query.anim_time + query.delta_time * 15.0",
			"bones": {
				"rightArm": {
					"rotation": {
						"0.0": ["90+ variable.is_using_vr * 7.5", " variable.is_using_vr * 7.5", "180.0 + variable.is_using_vr * -2.5"],
						"1.0": ["90+ variable.is_using_vr * 7.5", " variable.is_using_vr * 7.5", "180.0 + variable.is_using_vr * -2.5"]
					},
					"position": {
						"0.0": [4, -3.25, -2.44512],
						"0.5": [4, -3.25, -4.45],
						"1.0": [4, -3.25, -2.44512]
					}
				},
				"leftArm": {
					"rotation": {
						"0.0": ["65+ variable.is_using_vr * 7.5", "-35+ variable.is_using_vr * 7.5", "180+ variable.is_using_vr * -2.5"],
						"1.0": ["65+ variable.is_using_vr * 7.5", "-35+ variable.is_using_vr * 7.5", "180+ variable.is_using_vr * -2.5"]
					},
					"position": {
						"0.0": [-9, -8.25, 7],
						"0.5": [-9, -8.25, 5],
						"1.0": [-9, -8.25, 7]
					}
				},
				"ironsightdetail26": {
					"position": [0, -0.03125, 0]
				}
			}
		}
	}
}
