{
	"format_version": "1.8.0",
	"animations": {
		"animation.first_person.m16": {
			"loop": true,
			"bones": {
				"rightArm": {
					"rotation": ["90+ variable.is_using_vr * 7.5", "5+ variable.is_using_vr * 7.5", "180.0 + variable.is_using_vr * -2.5"],
					"position": [10, -1, -2]
				},
				"leftArm": {
					"rotation": ["75+ variable.is_using_vr * 7.5", "-32.5+ variable.is_using_vr * 7.5", "147.5+ variable.is_using_vr * -2.5"],
					"position": [-5.5, -3, 9]
				},
				"m16": {
					"rotation": [0, 0, 0],
					"position": [0, 0, 0.7]
				}
			}
		},
		"animation.first_person.m16_aim": {
			"loop": true,
			"animation_length": 0.1,
			"bones": {
				"rightArm": {
					"rotation": ["90+ variable.is_using_vr * 7.5", " variable.is_using_vr * 7.5", "180.0 + variable.is_using_vr * -2.5"],
					"position": [4, -1, -2.44512]
				},
				"leftArm": {
					"rotation": ["75+ variable.is_using_vr * 7.5", "-32.5+ variable.is_using_vr * 7.5", "147.5+ variable.is_using_vr * -2.5"],
					"position": [-9.5, -3, 10]
				},
				"m16": {
					"position": [-0.25, 0, 0.79375]
				},
				"base26": {
					"position": [0, 0.125, 0]
				},
				"base11": {
					"position": [0, 0.125, 0]
				},
				"base15": {
					"position": [0, 0.125, 0]
				}
			}
		},
		"animation.first_person.m16_ammo": {
			"loop": true,
			"bones": {
				"rightArm": {
					"rotation": ["90+ variable.is_using_vr * 7.5", "5+ variable.is_using_vr * 7.5", "180.0 + variable.is_using_vr * -2.5"],
					"position": [10, -1, -2]
				},
				"leftArm": {
					"rotation": ["75+ variable.is_using_vr * 7.5", "-32.5+ variable.is_using_vr * 7.5", "147.5+ variable.is_using_vr * -2.5"],
					"position": [-5.5, -3, 9]
				},
				"m16": {
					"rotation": [0, 0, 0],
					"position": [0, 0, 0.7]
				}
			}
		},
		"animation.first_person.m16_sprint": {
			"loop": true,
			"animation_length": 0.1,
			"bones": {
				"rightArm": {
					"rotation": ["100+ variable.is_using_vr * 7.5", "20+ variable.is_using_vr * 7.5", "170 + variable.is_using_vr * -2.5"],
					"position": [10, -1, -2]
				},
				"leftArm": {
					"rotation": ["75+ variable.is_using_vr * 7.5", "-32.5+ variable.is_using_vr * 7.5", "147.5+ variable.is_using_vr * -2.5"],
					"position": [-10, -7, 7.5]
				}
			}
		},
		"animation.first_person.m16_shoot": {
			"loop": "hold_on_last_frame",
			"animation_length": 1,
			"anim_time_update": "query.anim_time + query.delta_time * 15.0",
			"bones": {
				"rightArm": {
					"rotation": {
						"0.0": ["90+ variable.is_using_vr * 7.5", "5+ variable.is_using_vr * 7.5", "180.0 + variable.is_using_vr * -2.5"],
						"0.5": ["87.5+ variable.is_using_vr * 7.5", "5+ variable.is_using_vr * 7.5", "180.0 + variable.is_using_vr * -2.5"],
						"1.0": ["90+ variable.is_using_vr * 7.5", "5+ variable.is_using_vr * 7.5", "180.0 + variable.is_using_vr * -2.5"]
					},
					"position": {
						"0.0": [10, -1, -2],
						"0.5": [10, -2, -4],
						"1.0": [10, -1, -2]
					}
				},
				"leftArm": {
					"rotation": {
						"0.0": ["75+ variable.is_using_vr * 7.5", "-32.5+ variable.is_using_vr * 7.5", "147.5+ variable.is_using_vr * -2.5"],
						"0.5": ["70+ variable.is_using_vr * 7.5", "-32.5+ variable.is_using_vr * 7.5", "147.5+ variable.is_using_vr * -2.5"],
						"1.0": ["75+ variable.is_using_vr * 7.5", "-32.5+ variable.is_using_vr * 7.5", "147.5+ variable.is_using_vr * -2.5"]
					},
					"position": {
						"0.0": [-5.5, -3, 9],
						"0.5": [-5, -4, 7],
						"1.0": [-5.5, -3, 9]
					}
				},
				"m16": {
					"rotation": [0, 0, 0],
					"position": [0, 0, 0.7]
				}
			}
		},
		"animation.first_person.m16_aim_shoot": {
			"loop": "hold_on_last_frame",
			"animation_length": 0.5,
			"anim_time_update": "query.anim_time + query.delta_time * 15.0",
			"bones": {
				"rightArm": {
					"rotation": ["90+ variable.is_using_vr * 7.5", " variable.is_using_vr * 7.5", "180.0 + variable.is_using_vr * -2.5"],
					"position": {
						"0.0": [4, -1, -2.44512],
						"0.5": [4, -1, -3.95]
					}
				},
				"leftArm": {
					"rotation": ["75+ variable.is_using_vr * 7.5", "-32.5+ variable.is_using_vr * 7.5", "147.5+ variable.is_using_vr * -2.5"],
					"position": {
						"0.0": [-9.5, -3, 10],
						"0.5": [-9.5, -3, 8.5]
					}
				},
				"m16": {
					"position": [-0.25, 0, 0.79375]
				},
				"base26": {
					"position": [0, 0.125, 0]
				},
				"base11": {
					"position": [0, 0.125, 0]
				},
				"base15": {
					"position": [0, 0.125, 0]
				}
			}
		}
	}
}
