{
	"format_version": "1.8.0",
	"animations": {
		"animation.first_person.m1911": {
			"loop": true,
			"animation_length": 0.08,
			"bones": {
				"rightArm": {
					"rotation": ["90+ variable.is_using_vr * 7.5", "15+ variable.is_using_vr * 7.5", "180.0 + variable.is_using_vr * -2.5"],
					"position": [10, -1, 1]
				},
				"leftArm": {
					"rotation": ["77.5+ variable.is_using_vr * 7.5", "-22.5+ variable.is_using_vr * 7.5", "182.5+ variable.is_using_vr * -2.5"],
					"position": [-4.80488, -3.5, 1.19512]
				},
				"m1911": {
					"rotation": [0, 0, 7.5],
					"position": [0, -0.19512, -1],
					"scale": [0.6, 0.6, 0.7]
				}
			}
		},
		"animation.first_person.m1911_aim": {
			"loop": "hold_on_last_frame",
			"animation_length": 0.1,
			"bones": {
				"rightArm": {
					"rotation": ["90+ variable.is_using_vr * 7.5", " variable.is_using_vr * 7.5", "180.0 + variable.is_using_vr * -2.5"],
					"position": [4, 1, 1]
				},
				"leftArm": {
					"rotation": ["77.5+ variable.is_using_vr * 7.5", "-22.5+ variable.is_using_vr * 7.5", "182.5+ variable.is_using_vr * -2.5"],
					"position": [-8.30488, -1.5, 1.69512]
				},
				"m1911": {
					"rotation": [-1.2, 0, -0.5],
					"position": [-0.19512, -0.19512, -1],
					"scale": [0.6, 0.6, 0.7]
				}
			}
		},
		"animation.first_person.m1911_ammo": {
			"loop": true,
			"animation_length": 0.08,
			"bones": {
				"rightArm": {
					"rotation": ["90+ variable.is_using_vr * 7.5", "15+ variable.is_using_vr * 7.5", "180.0 + variable.is_using_vr * -2.5"],
					"position": [10, -1, 1]
				},
				"leftArm": {
					"rotation": ["77.5+ variable.is_using_vr * 7.5", "-22.5+ variable.is_using_vr * 7.5", "182.5+ variable.is_using_vr * -2.5"],
					"position": [-4.80488, -3.5, 1.19512]
				},
				"m1911": {
					"rotation": [0, 0, 7.5],
					"position": [0, -0.19512, -1],
					"scale": [0.6, 0.6, 0.7]
				}
			}
		},
		"animation.first_person.m1911_sprint": {
			"loop": true,
			"animation_length": 0.1,
			"bones": {
				"rightArm": {
					"rotation": ["100+ variable.is_using_vr * 7.5", "25+ variable.is_using_vr * 7.5", "180.0 + variable.is_using_vr * -2.5"],
					"position": [9, -2, 1]
				},
				"leftArm": {
					"rotation": ["87.5+ variable.is_using_vr * 7.5", "-12.5+ variable.is_using_vr * 7.5", "182.5+ variable.is_using_vr * -2.5"],
					"position": [-5.80488, -4.5, 0.19512]
				},
				"m1911": {
					"rotation": [0, 0, 0],
					"position": [0, -0.19512, -1],
					"scale": [0.6, 0.6, 0.7]
				}
			}
		},
		"animation.first_person.m1911_shoot": {
			"loop": "hold_on_last_frame",
			"animation_length": 1,
			"anim_time_update": "query.anim_time + query.delta_time * 3.0",
			"bones": {
				"rightArm": {
					"rotation": {
						"0.0": ["90+ variable.is_using_vr * 7.5", "15+ variable.is_using_vr * 7.5", "180.0 + variable.is_using_vr * -2.5"],
						"0.25": ["92.5+ variable.is_using_vr * 7.5", "15+ variable.is_using_vr * 7.5", "180.0 + variable.is_using_vr * -2.5"],
						"0.5": ["85+ variable.is_using_vr * 7.5", "15+ variable.is_using_vr * 7.5", "180.0 + variable.is_using_vr * -2.5"],
						"0.6667": [84.17, "15+ variable.is_using_vr * 7.5", "180.0 + variable.is_using_vr * -2.5"],
						"1.0": ["90+ variable.is_using_vr * 7.5", "15+ variable.is_using_vr * 7.5", "180.0 + variable.is_using_vr * -2.5"]
					},
					"position": {
						"0.0": [10, -1, 1],
						"0.25": [10, -1, 1],
						"0.5": [10, -1, 0],
						"0.6667": [10, -1.5, 0.33],
						"1.0": [10, -1, 1]
					}
				},
				"leftArm": {
					"rotation": {
						"0.0": ["77.5+ variable.is_using_vr * 7.5", "-22.5+ variable.is_using_vr * 7.5", "182.5+ variable.is_using_vr * -2.5"],
						"0.25": ["80+ variable.is_using_vr * 7.5", "-22.5+ variable.is_using_vr * 7.5", "182.5+ variable.is_using_vr * -2.5"],
						"0.5": ["72.5+ variable.is_using_vr * 7.5", "-22.5+ variable.is_using_vr * 7.5", "182.5+ variable.is_using_vr * -2.5"],
						"0.6667": [71.67, "-22.5+ variable.is_using_vr * 7.5", "182.5+ variable.is_using_vr * -2.5"],
						"1.0": ["77.5+ variable.is_using_vr * 7.5", "-22.5+ variable.is_using_vr * 7.5", "182.5+ variable.is_using_vr * -2.5"]
					},
					"position": {
						"0.0": [-4.80488, -3.5, 1.19512],
						"0.25": [-4.80488, -3.5, 1.19512],
						"0.5": [-4.55, -3.5, 0.45],
						"0.6667": [-4.55, -4, 0.78],
						"1.0": [-4.80488, -3.5, 1.19512]
					}
				},
				"m1911": {
					"rotation": {
						"0.0": [0, 0, 7.5],
						"1.0": [0, 0, 7.5]
					},
					"position": {
						"0.0": [0, -0.19512, -1],
						"1.0": [0, -0.19512, -1]
					},
					"scale": [0.6, 0.6, 0.7]
				},
				"slidebody": {
					"position": {
						"0.0": [0, 0, 0],
						"0.125": [0, 0, 0],
						"0.25": [0, 0, 1],
						"0.5": [0, 0, 3],
						"0.75": [0, 0, 0]
					}
				},
				"slidebodyA": {
					"position": {
						"0.0": [0, 0, 0],
						"0.125": [0, 0, 2],
						"0.25": [0, 0, 5],
						"0.5": [0, 0, 3],
						"0.75": [0, 0, 0]
					},
					"scale": {
						"0.0": [1, 1, 1],
						"0.25": [1, 1, 0.5],
						"0.75": [1, 1, 1]
					}
				}
			}
		},
		"animation.first_person.m1911_aim_shoot": {
			"loop": "hold_on_last_frame",
			"animation_length": 1,
			"anim_time_update": "query.anim_time + query.delta_time * 5.0",
			"bones": {
				"rightArm": {
					"rotation": {
						"0.0": ["90+ variable.is_using_vr * 7.5", " variable.is_using_vr * 7.5", "180.0 + variable.is_using_vr * -2.5"],
						"0.5": ["82.5+ variable.is_using_vr * 7.5", " variable.is_using_vr * 7.5", "180.0 + variable.is_using_vr * -2.5"],
						"1.0": ["90+ variable.is_using_vr * 7.5", " variable.is_using_vr * 7.5", "180.0 + variable.is_using_vr * -2.5"]
					},
					"position": {
						"0.0": [4, 1, 1],
						"0.5": [4, 0, 0],
						"1.0": [4, 1, 1]
					}
				},
				"leftArm": {
					"rotation": {
						"0.0": ["77.5+ variable.is_using_vr * 7.5", "-22.5+ variable.is_using_vr * 7.5", "182.5+ variable.is_using_vr * -2.5"],
						"0.5": ["70+ variable.is_using_vr * 7.5", "-22.5+ variable.is_using_vr * 7.5", "182.5+ variable.is_using_vr * -2.5"],
						"1.0": ["77.5+ variable.is_using_vr * 7.5", "-22.5+ variable.is_using_vr * 7.5", "182.5+ variable.is_using_vr * -2.5"]
					},
					"position": {
						"0.0": [-8.30488, -1.5, 1.69512],
						"0.5": [-8.3, -2.5, 0.7],
						"1.0": [-8.30488, -1.5, 1.69512]
					}
				},
				"m1911": {
					"rotation": [-1.2, 0, -0.5],
					"position": [-0.19512, -0.19512, -1],
					"scale": [0.6, 0.6, 0.7]
				},
				"slidebody": {
					"position": {
						"0.25": [0, 0, 0],
						"0.5": [0, 0, 3],
						"0.75": [0, 0, 0]
					}
				},
				"slidebodyA": {
					"position": {
						"0.25": [0, 0, 0],
						"0.5": [0, 0, 3],
						"0.75": [0, 0, 1]
					}
				}
			}
		}
	}
}
