{
	"format_version": "1.8.0",
	"animations": {
		"animation.first_person.rpk": {
			"loop": true,
			"bones": {
				"rightArm": {
					"rotation": ["90+ variable.is_using_vr * 7.5", "5+ variable.is_using_vr * 7.5", "180.0 + variable.is_using_vr * -2.5"],
					"position": [10, -1, -6.5]
				},
				"leftArm": {
					"rotation": ["130+ variable.is_using_vr * 7.5", "-40+ variable.is_using_vr * 7.5", "77.5+ variable.is_using_vr * -2.5"],
					"position": [-6, -5, 9]
				},
				"rpk": {
					"rotation": [0, 0, 0],
					"position": [-1, 3, 0.3],
					"scale": 0.9
				},
				"bone12": {
					"rotation": [0, 0, 17.5]
				}
			}
		},
		"animation.first_person.rpk_aim": {
			"loop": true,
			"animation_length": 0.1,
			"bones": {
				"rightArm": {
					"rotation": ["90+ variable.is_using_vr * 7.5", " variable.is_using_vr * 7.5", "180.0 + variable.is_using_vr * -2.5"],
					"position": [4, 0.5, -3.44512]
				},
				"leftArm": {
					"rotation": ["130+ variable.is_using_vr * 7.5", "-40+ variable.is_using_vr * 7.5", "77.5+ variable.is_using_vr * -2.5"],
					"position": [-10, -3.5, 12.5]
				},
				"rpk": {
					"rotation": [0, 0, -0.1],
					"position": [-1.3475, 3, 0.3],
					"scale": 0.9
				},
				"bone12": {
					"rotation": [0, 0, 17.5]
				}
			}
		},
		"animation.first_person.rpk_ammo": {
			"loop": true,
			"bones": {
				"rightArm": {
					"rotation": ["90+ variable.is_using_vr * 7.5", "5+ variable.is_using_vr * 7.5", "180.0 + variable.is_using_vr * -2.5"],
					"position": [10, -1, -6.5]
				},
				"leftArm": {
					"rotation": ["130+ variable.is_using_vr * 7.5", "-40+ variable.is_using_vr * 7.5", "77.5+ variable.is_using_vr * -2.5"],
					"position": [-6, -5, 9]
				},
				"rpk": {
					"rotation": [0, 0, 0],
					"position": [-1, 3, 0.3],
					"scale": 0.9
				},
				"bone12": {
					"rotation": [0, 0, 17.5]
				}
			}
		},
		"animation.first_person.rpk_sprint": {
			"loop": "hold_on_last_frame",
			"animation_length": 0.1,
			"bones": {
				"rightArm": {
					"rotation": ["100+ variable.is_using_vr * 7.5", "20+ variable.is_using_vr * 7.5", "170 + variable.is_using_vr * -2.5"],
					"position": [10, -1, -2]
				},
				"leftArm": {
					"rotation": ["130+ variable.is_using_vr * 7.5", "-40+ variable.is_using_vr * 7.5", "77.5+ variable.is_using_vr * -2.5"],
					"position": [-10, -9.5, 10.5]
				},
				"spas12": {
					"rotation": [90, 0, 0],
					"position": [0, 0, 0]
				},
				"rpk": {
					"position": [-1.5, 3, 0.5],
					"scale": 0.9
				}
			}
		},
		"animation.first_person.rpk_shoot": {
			"loop": "hold_on_last_frame",
			"animation_length": 1,
			"anim_time_update": "query.anim_time + query.delta_time * 15.0",
			"bones": {
				"rightArm": {
					"rotation": {
						"0.0": ["90+ variable.is_using_vr * 7.5", "5+ variable.is_using_vr * 7.5", "180.0 + variable.is_using_vr * -2.5"],
						"0.5": ["87.5+ variable.is_using_vr * 7.5", "5+ variable.is_using_vr * 7.5", "180.0 + variable.is_using_vr * -2.5"],
						"1.0": ["90+ variable.is_using_vr * 7.5", "5+ variable.is_using_vr * 7.5", "180.0 + variable.is_using_vr * -2.5"]
					},
					"position": {
						"0.0": [10, -1, -6.5],
						"0.5": [10, -2, -7.5],
						"1.0": [10, -1, -6.5]
					}
				},
				"leftArm": {
					"rotation": {
						"0.0": ["130+ variable.is_using_vr * 7.5", "-40+ variable.is_using_vr * 7.5", "77.5+ variable.is_using_vr * -2.5"],
						"1.0": ["130+ variable.is_using_vr * 7.5", "-40+ variable.is_using_vr * 7.5", "77.5+ variable.is_using_vr * -2.5"]
					},
					"position": {
						"0.0": [-6, -5, 9],
						"0.5": [-6, -5, 8],
						"1.0": [-6, -5, 9]
					}
				},
				"rpk": {
					"rotation": [0, 0, 0],
					"position": [-1, 3, 0.3],
					"scale": 0.9
				},
				"standmain": {
					"rotation": {
						"0.0": [0, 0, 0],
						"0.25": [-10, 0, 0],
						"0.5": [0, 0, 0],
						"0.75": [11.67, 0, 0],
						"1.0": [0, 0, 0]
					},
					"position": {
						"0.0": [0, 0, 0],
						"1.0": [0, 0, 0]
					}
				},
				"bone12": {
					"rotation": {
						"0.0": [0, 0, 17.5],
						"0.25": [0, 0, 12.5],
						"0.5": [0, 0, 17.5],
						"0.75": [0, 0, 5],
						"1.0": [0, 0, 17.5]
					}
				}
			}
		},
		"animation.first_person.rpk_aim_shoot": {
			"loop": "hold_on_last_frame",
			"animation_length": 1,
			"anim_time_update": "query.anim_time + query.delta_time * 15.0",
			"bones": {
				"rightArm": {
					"rotation": {
						"0.0": ["90+ variable.is_using_vr * 7.5", " variable.is_using_vr * 7.5", "180.0 + variable.is_using_vr * -2.5"],
						"1.0": ["90+ variable.is_using_vr * 7.5", " variable.is_using_vr * 7.5", "180.0 + variable.is_using_vr * -2.5"]
					},
					"position": {
						"0.0": [4, 0.5, -3.44512],
						"0.5": [4, 0.5, -4.44512],
						"1.0": [4, 0.5, -3.44512]
					}
				},
				"leftArm": {
					"rotation": {
						"0.0": ["130+ variable.is_using_vr * 7.5", "-40+ variable.is_using_vr * 7.5", "77.5+ variable.is_using_vr * -2.5"],
						"1.0": ["130+ variable.is_using_vr * 7.5", "-40+ variable.is_using_vr * 7.5", "77.5+ variable.is_using_vr * -2.5"]
					},
					"position": {
						"0.0": [-10, -3.5, 12.5],
						"0.5": [-10, -3.5, 11.5],
						"1.0": [-10, -3.5, 12.5]
					}
				},
				"rpk": {
					"rotation": [0, 0, -0.1],
					"position": [-1.3475, 3, 0.3],
					"scale": 0.9
				},
				"bone12": {
					"rotation": {
						"0.0": [0, 0, 17.5],
						"0.25": [0, 0, 12.5],
						"0.5": [0, 0, 17.5],
						"0.75": [0, 0, 5],
						"1.0": [0, 0, 17.5]
					}
				},
				"standmain": {
					"rotation": {
						"0.0": [0, 0, 0],
						"0.25": [-10, 0, 0],
						"0.5": [0, 0, 0],
						"0.75": [10, 0, 0],
						"1.0": [0, 0, 0]
					},
					"position": {
						"0.0": [0, 0, 0],
						"1.0": [0, 0, 0]
					}
				}
			}
		}
	}
}
