{
  "format_version": "1.10.0",
  "minecraft:client_entity": {
    "description": {
      "identifier": "entity:chaos_d",
      "materials": {
        "default": "spider"
      },
      "textures": {
        "default": "textures/entity/guard/chaos"
      },
      "geometry": {
        "default": "geometry.chaos_l"
      },
      "animations": {
        "chaos_d_general": "animation.chaos_d.general",

        "general": "controller.animation.chaos_d.general"
      },
      "scripts": {
        "animate": [
          "general"
        ]
	  },
      "render_controllers": [
        "controller.render.chaos"
      ],
      "spawn_egg": {
        "base_color": "#086010",
        "overlay_color": "#0f0e0e"
      }
    }
  }
}