{
  "format_version": "1.10.0",
  "minecraft:client_entity": {
    "description": {
      "identifier": "entity:guard_d",
      "materials": {
        "default": "npc"
      },
      "textures": {
        "default": "textures/entity/guard/guard"
      },
      "geometry": {
        "default": "geometry.guard"
      },
      "animations": {
        "guard_d_general": "animation.guard_d.general",
        
        "general": "controller.animation.guard_d.general"
      },
      "scripts": {
        "animate": [
          "general"
        ]
	  },
      "render_controllers": [
        "controller.render.guard"
      ],
      "spawn_egg": {
        "base_color": "#ffffff",
        "overlay_color": "#0d0d0d"
      }
    }
  }
}