{
  "format_version": "1.10.0",
  "minecraft:client_entity": {
    "description": {
      "identifier": "entity:ntf_d",
      "materials": {
        "default": "npc"
      },
      "textures": {
        "default": "textures/entity/guard/ntf"
      },
      "geometry": {
        "default": "geometry.ntf"
      },
      "animations": {
        "ntf_d_general": "animation.ntf_d.general",
        
        "general": "controller.animation.ntf_d.general"
      },
      "scripts": {
        "animate": [
          "general"
        ]
	  },
      "render_controllers": [
        "controller.render.ntf"
      ],
      "spawn_egg": {
        "base_color": "#00001e",
        "overlay_color": "#ffb000"
      }
    }
  }
}