{
	"format_version": "1.8.0",
	"animations": {
		"animation.player.first_person.attack_rotation": {
			"loop": true,
			"bones": {
				"rightArm": {
					"rotation": ["math.sin(variable.first_person_rotation_factor * (1.0 - variable.attack_time) * (1.0 - variable.attack_time) * 280.0) * -60.0", "math.sin(variable.first_person_rotation_factor * (1.0 - variable.attack_time) * (1.0 - variable.attack_time) * 280.0) * 40.0", "math.sin(variable.first_person_rotation_factor * (1.0 - variable.attack_time) * (1.0 - variable.attack_time) * 280.0) * 20.0"],
					"position": ["math.clamp(-15.5 * math.sin(variable.first_person_rotation_factor * variable.attack_time * 112.0), -7.0, 999.0) * math.sin(variable.first_person_rotation_factor * variable.attack_time * 112.0)", "math.sin(variable.first_person_rotation_factor * (1.0 - variable.attack_time) * (1.0 - variable.attack_time) * 200.0) * 7.5 - variable.first_person_rotation_factor * variable.attack_time * 15.0 + variable.short_arm_offset_right", "math.sin(variable.first_person_rotation_factor * variable.attack_time * 120.0) * 1.75"]
				}
			}
		},
		"animation.player.first_person.base_pose": {
			"loop": true,
			"bones": {
				"body": {
					"rotation": ["query.target_x_rotation", "query.target_y_rotation", 0]
				}
			}
		},
		"animation.player.first_person.crossbow_equipped": {
			"loop": true,
			"override_previous_animation": true,
			"bones": {
				"leftArm": {
					"rotation": [165, -60, 45],
					"position": ["1.5 - variable.item_use_normalized * 3.5", "-3.799999952316284 + variable.short_arm_offset_left", "8.25 - (1 - variable.item_use_normalized)"],
					"scale": 0.4
				}
			}
		},
		"animation.player.first_person.empty_hand": {
			"loop": true,
			"bones": {
				"rightArm": {
					"rotation": ["95.0 + variable.is_using_vr * 7.5", "-45.0 + variable.is_using_vr * 7.5", "115.0 + variable.is_using_vr * -2.5"],
					"position": [13.5, -10, 12]
				}
			}
		},
		"animation.player.first_person.map_hold": {
			"loop": true,
			"bones": {
				"leftArm": {
					"rotation": [40, -20, -155],
					"position": ["-16.250 + variable.is_vertical_splitscreen * 7.0", "-10.75 - variable.map_angle * 8.0 + variable.is_vertical_splitscreen * 0.6 - variable.short_arm_offset_left", "9.0 - variable.map_angle * 8.0 + variable.short_arm_offset_left"],
					"scale": 1.15
				},
				"rightArm": {
					"rotation": [77.5, 7.5, 160],
					"position": ["12.50 + variable.is_vertical_splitscreen * 1.75", "-7.5 - variable.map_angle * 8.0 + variable.is_vertical_splitscreen * 0.5 - variable.short_arm_offset_right", "5.25 - variable.map_angle * 8.0 + variable.short_arm_offset_right"]
				}
			}
		},
		"animation.player.first_person.map_hold_attack": {
			"loop": true,
			"bones": {
				"leftArm": {
					"rotation": ["variable.map_angle * 90.0", "-15.0 * math.sin(variable.first_person_rotation_factor * (1.0 - variable.attack_time) * -100.0)", 0],
					"position": ["math.sin(variable.first_person_rotation_factor * variable.attack_time * 112.0) * -10.75", "math.sin(variable.first_person_rotation_factor * (1.0 - variable.attack_time) * (1.0 - variable.attack_time) * 200.0) * 3.75 - variable.first_person_rotation_factor * variable.attack_time * 1.25 + variable.short_arm_offset_left", "math.sin(variable.first_person_rotation_factor * variable.attack_time * 120.0) * 5.75"]
				},
				"rightArm": {
					"rotation": ["variable.map_angle * 90.0", 0, 0],
					"position": ["math.sin(variable.first_person_rotation_factor * variable.attack_time * 112.0) * -6.25", "math.sin(variable.first_person_rotation_factor * (1.0 - variable.attack_time) * (1.0 - variable.attack_time) * 200.0) * 1.75 + variable.short_arm_offset_right", "math.sin(variable.first_person_rotation_factor * variable.attack_time * 120.0) * 5.25"]
				}
			}
		},
		"animation.player.first_person.map_hold_main_hand": {
			"loop": true,
			"bones": {
				"rightArm": {
					"rotation": [195, 182.5, -5],
					"position": ["14.50 - variable.is_vertical_splitscreen * 0.75", "-8.25 + variable.short_arm_offset_right + math.sin(variable.first_person_rotation_factor * (1.0 - variable.attack_time) * (1.0 - variable.attack_time) * 200.0) * 2.75 - variable.first_person_rotation_factor * variable.attack_time * 3.0 - variable.is_horizontal_splitscreen", "11.5 + math.sin(variable.first_person_rotation_factor * variable.attack_time * 120.0) * 3.5 + variable.is_horizontal_splitscreen * 3.5"],
					"scale": 0.75
				}
			}
		},
		"animation.player.first_person.map_hold_off_hand": {
			"loop": true,
			"bones": {
				"leftArm": {
					"rotation": [195, 182.5, 2.5],
					"position": ["-14.50 + variable.is_horizontal_splitscreen * 2.0 + variable.is_vertical_splitscreen * 8.7", "-8.250 + variable.short_arm_offset_left", "11.50 + variable.is_horizontal_splitscreen * 0.5"],
					"scale": 0.75
				}
			}
		},
		"animation.player.first_person.swap_item": {
			"loop": true,
			"bones": {
				"leftArm": {
					"position": [0, "query.get_equipped_item_name('off_hand') == 'map' ? 0.0 : 0 * (1.0 - variable.player_arm_height)", 0]
				},
				"rightArm": {
					"position": [0, "0 * (0 - variable.player_arm_height)", 0]
				}
			}
		},
		"animation.player.first_person.vr_attack_rotation": {
			"loop": true,
			"bones": {
				"rightArm": {
					"rotation": ["30.7 * math.sin(variable.first_person_rotation_factor * variable.attack_time * -180.0 - 45.0) * 1.5", 0, "21.8 * math.sin(variable.first_person_rotation_factor * variable.attack_time * 200.0 + 30.0) * 1.25"],
					"position": ["5.0 * math.sin(variable.first_person_rotation_factor * variable.attack_time * 112.0)", "(math.sin(variable.first_person_rotation_factor * (1.0 - variable.attack_time) * (1.0 - variable.attack_time) * 200.0) - 0.8) * 8.75 + 5.0", "math.sin(variable.first_person_rotation_factor * variable.attack_time * 120.0) * 15.0"]
				}
			}
		},
		"animation.player.first_person.walk": {
			"loop": true,
			"bones": {
				"leftArm": {
					"position": ["math.sin(-query.walk_distance * 180.0) * variable.hand_bob * 9.75", "-math.abs(math.cos(-query.walk_distance * 180.0)) * variable.hand_bob * 15.0 + variable.short_arm_offset_left", 0]
				},
				"rightArm": {
					"position": ["math.sin(-query.walk_distance * 180.0) * variable.hand_bob * 9.75", "-math.abs(math.cos(-query.walk_distance * 180.0)) * variable.hand_bob * 15.0 + variable.short_arm_offset_right", 0]
				}
			}
		}
	}
}
