{
  "format_version": "1.10.0",
  "animation_controllers": {
    "controller.animation.m16": {
      "initial_state": "default",
      "states": {
        "default": {
          "transitions": [
            {
              "shoot": "query.mark_variant == 1 && query.get_equipped_item_name=='m16' && query.item_remaining_use_duration > 0"
            }
          ]
        },
        "shoot": {
          "transitions": [
            {
              "default": "query.mark_variant == 1 && query.get_equipped_item_name=='m16' && query.item_remaining_use_duration > 0"
            }
          ],
          "on_entry": [
            "@s blockops:m16_fire",
            "/gamerule sendcommandfeedback false",
            "/scoreboard players add @s[m=!1] m16 1",
            "/playsound m16_fire @a[r=30]",
            "/particle minecraft:basic_smoke_particle ^^1.6^0.8",
            "/camerashake add @s 0.3 0.1",
            "/gamerule sendcommandfeedback true"
          ]
        }
      }
    }
  }
}
