{
  "format_version": "1.10.0",
  "animation_controllers": {
    "controller.animation.m16_ammo": {
      "initial_state": "default",
      "states": {
        "default": {
          "transitions": [
            {
              "eq": "query.get_equipped_item_name == 'm16'"
            }
          ]
        },
        "eq": {
          "transitions": [
            {
              "default": "query.get_equipped_item_name == 'm16'"
            }
          ],
          "on_entry": [
            "/function ammo/m16"
          ]
        }
      }
    }
  }
}
