{
  "format_version": "1.8.0",
  "minecraft:spawn_rules": {
    "description": {
      "identifier": "entity:guard",
      "population_control": "monster"
    },
    "conditions": [
      {
        "minecraft:spawns_on_surface": {},
        "minecraft:spawns_underground": {},
        "minecraft:difficulty_filter": {
          "min": "peaful",
          "max": "hard"
        },
        "minecraft:weight": {
          "default": 33
        },
        "minecraft:biome_filter": {
          "test": "has_biome_tag", "operator": "==", "value": "mountain"
        }
      }
    ]
  }
}