{
    "format_version": "1.10.0",
    "animation_controllers": {
        "controller.animation.reload_vss": {
            "initial_state": "default",
            "states": {
            "default": {
            "transitions": [
                       {
            "reload": "query.get_equipped_item_name == 'vss_ammo' && q.is_using_item"
                        }
                    ]
                },
            "reload": {
            "animations": ["vssreload"],
            "transitions": [
                      {
            "default":"query.all_animations_finished"
            }
                   ]
                }
            }
        }
    }
}