{
    "format_version": "1.10.0",
    "animation_controllers": {
        "controller.animation.ak74u": {
            "initial_state": "ak74u_hold",
            "states": {
                "ak74u_hold": {
                    "animations":[
                        {
                            "ak74u_hold": "(variable.ak74u || variable.ak74u_ammo || variable.ak74u_emp)"
                        }
                    ],
                    "transitions": [
                        {
                            "ak74u_sprint": "(variable.ak74u || variable.ak74u_emp) && query.is_sprinting"
                        },
                        {
                            "ak74u_aim": "(variable.ak74u || variable.ak74u_emp) && query.is_sneaking"
                        },
                        {
                            "ak74u_reload": "variable.ak74u_ammo && query.is_using_item && !query.is_sneaking"
                        },
                        {
                            "ak74u_shoot": "variable.ak74u && query.is_using_item"
                        },
                        {
                            "ak74u_aim_shoot": "variable.ak74u && query.is_using_item && query.is_sneaking"
                        },
                        {
                            "ak74u_sneak_reload": "variable.ak74u_ammo && query.is_using_item && query.is_sneaking"
                        }
                     ],
                      "blend_transition": 0.1
                },
                "ak74u_sprint": {
                    "animations":[
                        {
                            "ak74u_sprint": "(variable.ak74u || variable.ak74u_emp) && variable.is_first_person"
                        }
                    ],
                    "transitions": [
                        {
                           "ak74u_hold": "(variable.ak74u || variable.ak74u_ammo || variable.ak74u_emp) && !query.is_sprinting"
                        }
                     ],
                      "blend_transition": 0.1
                },
                "ak74u_aim": {
                    "animations":[
                        {
                            "ak74u_aim": "(variable.ak74u || variable.ak74u_emp) && variable.is_first_person"
                        }
                    ],
                    "transitions": [
                        {
                           "ak74u_hold": "(variable.ak74u || variable.ak74u_ammo || variable.ak74u_emp) && !query.is_sneaking"
                        },
                        {
                           "ak74u_aim_shoot": "variable.ak74u && query.is_using_item && query.is_sneaking"
                        },
                        {
                           "ak74u_sneak_reload": "variable.ak74u_ammo && query.is_using_item && query.is_sneaking"
                        }
                     ],
                      "blend_transition": 0.1
                },
                "ak74u_reload": {
                    "animations":["ak74u_reload"],
                    "transitions": [
                        {
                           "ak74u_hold": "!variable.ak74u_ammo || query.all_animations_finished"
                        }
                     ],
                      "blend_transition": 0.1
                },
                "ak74u_sneak_reload": {
                    "animations":[
                        {
                            "ak74u_sneak_reload": "variable.ak74u_ammo && variable.is_first_person"
                        }
                    ],
                    "transitions": [
                        {
                            "ak74u_aim": "!variable.ak74u_ammo && || query.all_animations_finished"
                        },
                        {
                           "ak74u_reload": "!variable.ak74u_ammo"
                        }
                     ],
                      "blend_transition": 0.1
                },
                "ak74u_shoot": {
                    "animations":[
                        {
                            "ak74u_aim_shoot": "variable.ak74u && variable.is_first_person"
                        }
                    ],
                    "transitions": [
                        {
                           "ak74u_hold": "!variable.ak74u || query.all_animations_finished"
                        }
                     ],
                      "blend_transition": 0.0
                },
                "ak74u_aim_shoot": {
                    "animations":[
                        {
                            "ak74u_shoot": "variable.ak74u && variable.is_first_person"
                        }
                    ],
                    "transitions": [
                        {
                           "ak74u_aim": "!variable.ak74u || query.all_animations_finished"
                        }
                     ],
                      "blend_transition": 0.0
                }
            }
        }
    }
}
