{
    "format_version": "1.10.0",
    "animation_controllers": {
        "controller.animation.aug": {
            "initial_state": "aug_hold",
            "states": {
                "aug_hold": {
                    "animations":[
                        {
                            "aug_hold": "(variable.aug || variable.aug_ammo || variable.aug_emp)"
                        }
                    ],
                    "transitions": [
                        {
                            "aug_sprint": "(variable.aug || variable.aug_emp) && query.is_sprinting"
                        },
                        {
                            "aug_aim": "(variable.aug || variable.aug_emp) && query.is_sneaking"
                        },
                        {
                            "aug_reload": "variable.aug_ammo && query.is_using_item && !query.is_sneaking"
                        },
                        {
                            "aug_shoot": "variable.aug && query.is_using_item"
                        },
                        {
                            "aug_aim_shoot": "variable.aug && query.is_using_item && query.is_sneaking"
                        },
                        {
                            "aug_sneak_reload": "variable.aug_ammo && query.is_using_item && query.is_sneaking"
                        }
                     ],
                      "blend_transition": 0.1
                },
                "aug_sprint": {
                    "animations":[
                        {
                            "aug_sprint": "(variable.aug || variable.aug_emp) && variable.is_first_person"
                        }
                    ],
                    "transitions": [
                        {
                           "aug_hold": "(variable.aug || variable.aug_ammo || variable.aug_emp) && !query.is_sprinting"
                        }
                     ],
                      "blend_transition": 0.1
                },
                "aug_aim": {
                    "animations":[
                        {
                            "aug_aim": "(variable.aug || variable.aug_emp) && variable.is_first_person"
                        }
                    ],
                    "transitions": [
                        {
                           "aug_hold": "(variable.aug || variable.aug_ammo || variable.aug_emp) && !query.is_sneaking"
                        },
                        {
                           "aug_aim_shoot": "variable.aug && query.is_using_item && query.is_sneaking"
                        },
                        {
                           "aug_sneak_reload": "variable.aug_ammo && query.is_using_item && query.is_sneaking"
                        }
                     ],
                      "blend_transition": 0.1
                },
                "aug_reload": {
                    "animations":["aug_reload"],
                    "transitions": [
                        {
                           "aug_hold": "!variable.aug_ammo || query.all_animations_finished"
                        }
                     ],
                      "blend_transition": 0.1
                },
                "aug_sneak_reload": {
                    "animations":[
                        {
                            "aug_sneak_reload": "variable.aug_ammo && variable.is_first_person"
                        }
                    ],
                    "transitions": [
                        {
                            "aug_aim": "!variable.aug_ammo && || query.all_animations_finished"
                        },
                        {
                           "aug_reload": "!variable.aug_ammo"
                        }
                     ],
                      "blend_transition": 0.1
                },
                "aug_shoot": {
                    "animations":[
                        {
                            "aug_shoot": "variable.aug && variable.is_first_person"
                        }
                    ],
                    "transitions": [
                        {
                           "aug_hold": "!variable.aug || query.all_animations_finished"
                        }
                     ],
                      "blend_transition": 0.0
                },
                "aug_aim_shoot": {
                    "animations":[
                        {
                            "aug_aim_shoot": "variable.aug && variable.is_first_person"
                        }
                    ],
                    "transitions": [
                        {
                           "aug_aim": "!variable.aug || query.all_animations_finished"
                        }
                     ],
                      "blend_transition": 0.0
                }
            }
        }
    }
}
