{
    "format_version": "1.10.0",
    "animation_controllers": {
        "controller.animation.makarov": {
            "initial_state": "makarov_hold",
            "states": {
                "makarov_hold": {
                    "animations":[
                        {
                            "makarov_hold": "(variable.makarov || variable.makarov_ammo || variable.makarov_emp)"
                        }
                    ],
                    "transitions": [
                        {
                            "makarov_sprint": "(variable.makarov || variable.makarov_emp) && query.is_sprinting"
                        },
                        {
                            "makarov_aim": "(variable.makarov || variable.makarov_emp) && query.is_sneaking"
                        },
                        {
                            "makarov_reload": "variable.makarov_ammo && query.is_using_item && !query.is_sneaking"
                        },
                        {
                            "makarov_shoot": "variable.makarov && query.is_using_item"
                        },
                        {
                            "makarov_aim_shoot": "variable.makarov && query.is_using_item && query.is_sneaking"
                        },
                        {
                            "makarov_sneak_reload": "variable.makarov_ammo && query.is_using_item && query.is_sneaking"
                        }
                     ],
                      "blend_transition": 0.1
                },
                "makarov_sprint": {
                    "animations":[
                        {
                            "makarov_sprint": "(variable.makarov || variable.makarov_emp) && variable.is_first_person"
                        }
                    ],
                    "transitions": [
                        {
                           "makarov_hold": "(variable.makarov || variable.makarov_ammo || variable.makarov_emp) && !query.is_sprinting"
                        }
                     ],
                      "blend_transition": 0.1
                },
                "makarov_aim": {
                    "animations":[
                        {
                            "makarov_aim": "(variable.makarov || variable.makarov_emp) && variable.is_first_person"
                        }
                    ],
                    "transitions": [
                        {
                           "makarov_hold": "(variable.makarov || variable.makarov_ammo || variable.makarov_emp) && !query.is_sneaking"
                        },
                        {
                           "makarov_aim_shoot": "variable.makarov && query.is_using_item && query.is_sneaking"
                        },
                        {
                           "makarov_sneak_reload": "variable.makarov_ammo && query.is_using_item && query.is_sneaking"
                        }
                     ],
                      "blend_transition": 0.1
                },
                "makarov_reload": {
                    "animations":["makarov_reload"],
                    "transitions": [
                        {
                           "makarov_hold": "!variable.makarov_ammo || query.all_animations_finished"
                        }
                     ],
                      "blend_transition": 0.0
                },
                "makarov_sneak_reload": {
                    "animations":[
                        {
                            "makarov_sneak_reload": "variable.makarov_ammo && variable.is_first_person"
                        }
                    ],
                    "transitions": [
                        {
                            "makarov_aim": "!variable.makarov_ammo && || query.all_animations_finished"
                        },
                        {
                           "makarov_reload": "!variable.makarov_ammo"
                        }
                     ],
                      "blend_transition": 0.0
                },
                "makarov_shoot": {
                    "animations":[
                        {
                            "makarov_shoot": "variable.makarov && variable.is_first_person"
                        }
                    ],
                    "transitions": [
                        {
                           "makarov_hold": "!variable.makarov || query.all_animations_finished"
                        }
                     ],
                      "blend_transition": 0.0
                },
                "makarov_aim_shoot": {
                    "animations":[
                        {
                            "makarov_aim_shoot": "variable.makarov && variable.is_first_person"
                        }
                    ],
                    "transitions": [
                        {
                           "makarov_aim": "!variable.makarov || query.all_animations_finished"
                        }
                     ],
                      "blend_transition": 0.0
                }
            }
        }
    }
}
