{
    "format_version": "1.10.0",
    "animation_controllers": {
        "controller.animation.rpk": {
            "initial_state": "rpk_hold",
            "states": {
                "rpk_hold": {
                    "animations":[
                        {
                            "rpk_hold": "(variable.rpk || variable.rpk_ammo || variable.rpk_emp)"
                        }
                    ],
                    "transitions": [
                        {
                            "rpk_sprint": "(variable.rpk || variable.rpk_emp) && query.is_sprinting"
                        },
                        {
                            "rpk_aim": "(variable.rpk || variable.rpk_emp) && query.is_sneaking"
                        },
                        {
                            "rpk_reload": "variable.rpk_ammo && query.is_using_item && !query.is_sneaking"
                        },
                        {
                            "rpk_shoot": "variable.rpk && query.is_using_item"
                        },
                        {
                            "rpk_aim_shoot": "variable.rpk && query.is_using_item && query.is_sneaking"
                        },
                        {
                            "rpk_sneak_reload": "variable.rpk_ammo && query.is_using_item && query.is_sneaking"
                        }
                     ],
                      "blend_transition": 0.1
                },
                "rpk_sprint": {
                    "animations":[
                        {
                            "rpk_sprint": "(variable.rpk || variable.rpk_emp) && variable.is_first_person"
                        }
                    ],
                    "transitions": [
                        {
                           "rpk_hold": "(variable.rpk || variable.rpk_ammo || variable.rpk_emp) && !query.is_sprinting"
                        }
                     ],
                      "blend_transition": 0.1
                },
                "rpk_aim": {
                    "animations":[
                        {
                            "rpk_aim": "(variable.rpk || variable.rpk_emp) && variable.is_first_person"
                        }
                    ],
                    "transitions": [
                        {
                           "rpk_hold": "(variable.rpk || variable.rpk_ammo || variable.rpk_emp) && !query.is_sneaking"
                        },
                        {
                           "rpk_aim_shoot": "variable.rpk && query.is_using_item && query.is_sneaking"
                        },
                        {
                           "rpk_sneak_reload": "variable.rpk_ammo && query.is_using_item && query.is_sneaking"
                        }
                     ],
                      "blend_transition": 0.1
                },
                "rpk_reload": {
                    "animations":["rpk_reload"],
                    "transitions": [
                        {
                           "rpk_hold": "!variable.rpk_ammo || query.all_animations_finished"
                        }
                     ],
                      "blend_transition": 0.1
                },
                "rpk_sneak_reload": {
                    "animations":[
                        {
                            "rpk_sneak_reload": "variable.rpk_ammo && variable.is_first_person"
                        }
                    ],
                    "transitions": [
                        {
                            "rpk_aim": "!variable.rpk_ammo && || query.all_animations_finished"
                        },
                        {
                           "rpk_reload": "!variable.rpk_ammo"
                        }
                     ],
                      "blend_transition": 0.1
                },
                "rpk_shoot": {
                    "animations":[
                        {
                            "rpk_shoot": "variable.rpk && variable.is_first_person"
                        }
                    ],
                    "transitions": [
                        {
                           "rpk_hold": "!variable.rpk || query.all_animations_finished"
                        }
                     ],
                      "blend_transition": 0.0
                },
                "rpk_aim_shoot": {
                    "animations":[
                        {
                            "rpk_aim_shoot": "variable.rpk && variable.is_first_person"
                        }
                    ],
                    "transitions": [
                        {
                           "rpk_aim": "!variable.rpk || query.all_animations_finished"
                        }
                     ],
                      "blend_transition": 0.0
                }
            }
        }
    }
}
