{
    "format_version": "1.10.0",
    "animation_controllers": {
        "controller.animation.xm4": {
            "initial_state": "xm4_hold",
            "states": {
                "xm4_hold": {
                    "animations":[
                        {
                            "xm4_hold": "(variable.xm4 || variable.xm4_ammo || variable.xm4_emp)"
                        }
                    ],
                    "transitions": [
                        {
                            "xm4_sprint": "(variable.xm4 || variable.xm4_emp) && query.is_sprinting"
                        },
                        {
                            "xm4_aim": "(variable.xm4 || variable.xm4_emp) && query.is_sneaking"
                        },
                        {
                            "xm4_reload": "variable.xm4_ammo && query.is_using_item && !query.is_sneaking"
                        },
                        {
                            "xm4_shoot": "variable.xm4 && query.is_using_item"
                        },
                        {
                            "xm4_aim_shoot": "variable.xm4 && query.is_using_item && query.is_sneaking"
                        },
                        {
                            "xm4_sneak_reload": "variable.xm4_ammo && query.is_using_item && query.is_sneaking"
                        }
                     ],
                      "blend_transition": 0.1
                },
                "xm4_sprint": {
                    "animations":[
                        {
                            "xm4_sprint": "(variable.xm4 || variable.xm4_emp) && variable.is_first_person"
                        }
                    ],
                    "transitions": [
                        {
                           "xm4_hold": "(variable.xm4 || variable.xm4_ammo || variable.xm4_emp) && !query.is_sprinting"
                        }
                     ],
                      "blend_transition": 0.1
                },
                "xm4_aim": {
                    "animations":[
                        {
                            "xm4_aim": "(variable.xm4 || variable.xm4_emp) && variable.is_first_person"
                        }
                    ],
                    "transitions": [
                        {
                           "xm4_hold": "(variable.xm4 || variable.xm4_ammo || variable.xm4_emp) && !query.is_sneaking"
                        },
                        {
                           "xm4_aim_shoot": "variable.xm4 && query.is_using_item && query.is_sneaking"
                        },
                        {
                           "xm4_sneak_reload": "variable.xm4_ammo && query.is_using_item && query.is_sneaking"
                        }
                     ],
                      "blend_transition": 0.1
                },
                "xm4_reload": {
                    "animations":["xm4_reload"],
                    "transitions": [
                        {
                           "xm4_hold": "!variable.xm4_ammo || query.all_animations_finished"
                        }
                     ],
                      "blend_transition": 0.1
                },
                "xm4_sneak_reload": {
                    "animations":[
                        {
                            "xm4_sneak_reload": "variable.xm4_ammo && variable.is_first_person"
                        }
                    ],
                    "transitions": [
                        {
                            "xm4_aim": "!variable.xm4_ammo && || query.all_animations_finished"
                        },
                        {
                           "xm4_reload": "!variable.xm4_ammo"
                        }
                     ],
                      "blend_transition": 0.1
                },
                "xm4_shoot": {
                    "animations":[
                        {
                            "xm4_shoot": "variable.xm4 && variable.is_first_person"
                        }
                    ],
                    "transitions": [
                        {
                           "xm4_hold": "!variable.xm4 || query.all_animations_finished"
                        }
                     ],
                      "blend_transition": 0.0
                },
                "xm4_aim_shoot": {
                    "animations":[
                        {
                            "xm4_aim_shoot": "variable.xm4 && variable.is_first_person"
                        }
                    ],
                    "transitions": [
                        {
                           "xm4_aim": "!variable.xm4 || query.all_animations_finished"
                        }
                     ],
                      "blend_transition": 0.0
                }
            }
        }
    }
}
