{
	"format_version": "1.10.0",
	"animation_controllers": {
		"controller.animation.beber": {
			"initial_state": "default",
			"states": {
				"default": {
					"transitions": [
						{
							"sede10": "query.variant == 0 && query.get_equipped_item_name == 'nota_cola' || query.get_equipped_item_name == 'spit' || query.get_equipped_item_name == 'pipsi' || query.get_equipped_item_name == 'kvas' || query.get_equipped_item_name == 'bottle_of_water' && query.main_hand_item_use_duration == 1"
						},
						{
							"sede9": "query.variant == 1 && query.get_equipped_item_name == 'nota_cola' || query.get_equipped_item_name == 'spit' || query.get_equipped_item_name == 'pipsi' || query.get_equipped_item_name == 'kvas' || query.get_equipped_item_name == 'bottle_of_water' && query.main_hand_item_use_duration == 1"
						},
						{
							"sede8": "query.variant == 2 && query.get_equipped_item_name == 'nota_cola' || query.get_equipped_item_name == 'spit' || query.get_equipped_item_name == 'pipsi' || query.get_equipped_item_name == 'kvas' || query.get_equipped_item_name == 'bottle_of_water' && query.main_hand_item_use_duration == 1"
						},
						{
							"sede7": "query.variant == 3 && query.get_equipped_item_name == 'nota_cola' || query.get_equipped_item_name == 'spit' || query.get_equipped_item_name == 'pipsi' || query.get_equipped_item_name == 'kvas' || query.get_equipped_item_name == 'bottle_of_water' && query.main_hand_item_use_duration == 1"
						},
						{
							"sede6": "query.variant == 4 && query.get_equipped_item_name == 'nota_cola' || query.get_equipped_item_name == 'spit' || query.get_equipped_item_name == 'pipsi' || query.get_equipped_item_name == 'kvas' || query.get_equipped_item_name == 'bottle_of_water' && query.main_hand_item_use_duration == 1"
						},
						{
							"sede5": "query.variant == 5 && query.get_equipped_item_name == 'nota_cola' || query.get_equipped_item_name == 'spit' || query.get_equipped_item_name == 'pipsi' || query.get_equipped_item_name == 'kvas' || query.get_equipped_item_name == 'bottle_of_water' && query.main_hand_item_use_duration == 1"
						},
						{
							"sede4": "query.variant == 6 && query.get_equipped_item_name == 'nota_cola' || query.get_equipped_item_name == 'spit' || query.get_equipped_item_name == 'pipsi' || query.get_equipped_item_name == 'kvas' || query.get_equipped_item_name == 'bottle_of_water' && query.main_hand_item_use_duration == 1"
						},
						{
							"sede3": "query.variant == 7 && query.get_equipped_item_name == 'nota_cola' || query.get_equipped_item_name == 'spit' || query.get_equipped_item_name == 'pipsi' || query.get_equipped_item_name == 'kvas' || query.get_equipped_item_name == 'bottle_of_water' && query.main_hand_item_use_duration == 1"
						},
						{
							"sede2": "query.variant == 8 && query.get_equipped_item_name == 'nota_cola' || query.get_equipped_item_name == 'spit' || query.get_equipped_item_name == 'pipsi' || query.get_equipped_item_name == 'kvas' || query.get_equipped_item_name == 'bottle_of_water' && query.main_hand_item_use_duration == 1"
						},
						{
							"sede1": "query.variant == 9 && query.get_equipped_item_name == 'nota_cola' || query.get_equipped_item_name == 'spit' || query.get_equipped_item_name == 'pipsi' || query.get_equipped_item_name == 'kvas' || query.get_equipped_item_name == 'bottle_of_water' && query.main_hand_item_use_duration == 1"
						},
						{
							"sede0": "query.variant == 10 && query.get_equipped_item_name == 'nota_cola' || query.get_equipped_item_name == 'spit' || query.get_equipped_item_name == 'pipsi' || query.get_equipped_item_name == 'kvas' || query.get_equipped_item_name == 'bottle_of_water' && query.main_hand_item_use_duration == 1"
						}
					]
				},
				"sede10": {
					"transitions": [
						{
							"default": "(1.0)"
						}
					],
					"on_entry": [
						"@s sede4"
					]
				},
				"sede9": {
					"transitions": [
						{
							"default": "(1.0)"
						}
					],
					"on_entry": [
						"@s sede5"
					]
				},
				"sede8": {
					"transitions": [
						{
							"default": "(1.0)"
						}
					],
					"on_entry": [
						"@s sede6"
					]
				},
				"sede7": {
					"transitions": [
						{
							"default": "(1.0)"
						}
					],
					"on_entry": [
						"@s sede7"
					]
				},
				"sede6": {
					"transitions": [
						{
							"default": "(1.0)"
						}
					],
					"on_entry": [
						"@s sede8"
					]
				},
				"sede5": {
					"transitions": [
						{
							"default": "(1.0)"
						}
					],
					"on_entry": [
						"@s sede9"
					]
				},
				"sede4": {
					"transitions": [
						{
							"default": "(1.0)"
						}
					],
					"on_entry": [
						"@s sede10"
					]
				},
				"sede3": {
					"transitions": [
						{
							"default": "(1.0)"
						}
					],
					"on_entry": [
						"@s sede10"
					]
				},
				"sede2": {
					"transitions": [
						{
							"default": "(1.0)"
						}
					],
					"on_entry": [
						"@s sede10"
					]
				},
				"sede1": {
					"transitions": [
						{
							"default": "(1.0)"
						}
					],
					"on_entry": [
						"@s sede10"
					]
				},
				"sede0": {
					"transitions": [
						{
							"default": "(1.0)"
						}
					],
					"on_entry": [
						"@s sede10"
					]
				}
			}
		}
	}
}