{
	"format_version": "1.10.0",
	"animation_controllers": {
		"controller.animation.morfina": {
			"initial_state": "default",
			"states": {
				"default": {
					"transitions": [
						{
							"morfina": "query.get_equipped_item_name == 'bandage' || query.get_equipped_item_name == 'medkit' || query.get_equipped_item_name == 'morfina' && query.main_hand_item_use_duration == 2"
						}
					]
				},
				"morfina": {
					"transitions": [
						{
							"default": "(1.0)"
						}
					],
					"on_entry": [
						"@s recuperar:perna"
					]
				}
			}
		}
	}
}