{
  "format_version": "1.10.0",
  "animation_controllers": {
    "controller.animation.makarov_reload_function": {
      "initial_state": "default",
      "states": {
        "default": {
          "transitions": [
            {
              "reload": "query.mark_variant == 1 && query.get_equipped_item_name=='makarov_ammo' && query.item_remaining_use_duration > 0"
            }
          ]
        },
        "reload": {
          "transitions": [
            {
              "default": "query.mark_variant == 1 && query.get_equipped_item_name=='makarov_ammo' && query.item_remaining_use_duration > 0"
            }
          ],
          "on_entry": [
            "/playsound makarov_reloading @a[r=5]",
            "/scoreboard players set @s makarov 1",
            "/clear @s blockops:makarov_emp",
            "/clear @s blockops:makarov"
          ]
        }
      }
    }
  }
}
