{
  "format_version": "1.8.0",
  "minecraft:client_entity": {
    "description": {
      "identifier": "addon:akm_bullet",
      "materials": { "default": "arrow" },
      "textures": {
        "default": "textures/models/bullet"
      },
      "geometry": {
        "default": "geometry.bullet"
      },
      "scripts": {
        "animate": [
          "move"
        ]
      },
      "animations": {
        "move": "animation.arrow.move"
      },
      "render_controllers": [ "controller.render.bullet" ]
    }
  }
}
