{
  "format_version": "1.16.100",
  "minecraft:item": {
    "description": {
      "identifier": "addon:m4a1",
      "category": "Equipment"
    },
    "components": {
      "minecraft:creative_category": {
        "parent": "itemGroup.name.tools"
      },
      "minecraft:display_name": {
        "value": "M4A1"
      },
      "minecraft:allow_off_hand": false,
      "minecraft:hand_equipped": true,
      "minecraft:use_duration": 3000.0,
      "minecraft:max_stack_size": 1,
      "minecraft:food": {
        "nutrition": 0,
        "saturation_modifier": "low",
        "cooldown_type": "chorusfruit",
        "cooldown_time": 1,
        "can_always_eat": true
      },
      "minecraft:icon": {
        "texture": "m4a1"
      }
    }
  }
}