{
  "format_version": "1.10",
  "minecraft:item": {
    "description": {
      "identifier": "addon:tec9"
    },
    "components": {
      "minecraft:stacked_by_data": true,
      "minecraft:hand_equipped": true,
      "minecraft:max_stack_size": 1,
      "minecraft:use_duration": 99999,
      "minecraft:food": {
        "nutrition": 0,
        "saturation_modifier": "low",
        "cooldown_type": "chorusfruit",
        "cooldown_time": 10,
        "can_always_eat": true
      }
    }
  }
}