
{
    "format_version": "1.10.0",
    "animation_controllers": {
        "controller.animation.xm4_reload": {
            "initial_state": "default",
            "states": {
                "default": {
                    "transitions": [
                        {
                            "xm4_reload": "query.get_equipped_item_name == 'xm4_ammo' && query.is_using_item"
                        }
                    ]
                },
                "xm4_reload": {
                    "animations":["xm4_reload"],
                    "transitions": [
                        {
                           "default":"query.all_animations_finished"
                        }
                     ]
                }
            }
        }
    }
}
