{
    "format_version": "1.8.0",
    "animation_controllers": {
        "controller.animation.aks74":{
          "initial_state" : "event0",
            "states":{
                "event0":{
                    "transitions":[
                        {
                            "event1":"query.is_using_item==1&&query.get_equipped_item_name=='aks74'"
                            },
                            {
                            "event2":"query.is_using_item==2&&query.get_equipped_item_name=='aks74' && query.is_sneaking"
                        }]
                },
                "event1": {
                    "transitions": [
                        {
                            "event0": "(1.0)"
                        }],
                    "on_entry": [
                        "/gamerule sendcommandfeedback false",
                        "/function aks74",
                        "/playsound addon.aks74 @a[r=64] ~~1.6~0.4",
                        "@s aks74_bullet",
                        "/camerashake add @s[r=1] 0.4 0.03 rotational",
                        "/title YouTubeDerNI title berni esli ti zalyosh moy mod na sait zhdi straiki",
                        "/particle minecraft:eyeofender_death_explode_particle ^ ^1.5 ^1",
                        "/particle gun_fire ^ ^-0.1 ^1"
                        ]
				},
				"event2": {
                    "transitions": [
                        {
                            "event0": "(1.0)"
                        }],
                    "on_entry": [
                        "/gamerule sendcommandfeedback false",
                        "/function aks74",
                        "/playsound addon.aks74 @a[r=64] ~~1.6~0.4",
                        "@s aks74_bullet",
                        "/particle minecraft:basic_smoke_particle ^ ^1.5 ^1",
                        "/particle gun_fire ^ ^-3.6 ^0.15"
                    ]
                }
            }
        }
    }
}
