{
    "format_version": "1.8.0",
    "animation_controllers": {
        "controller.animation.aks74u":{
          "initial_state" : "event0",
            "states":{
                "event0":{
                    "transitions":[
                        {
                            "event1":"query.is_using_item==1&&query.get_equipped_item_name=='aks74u'"
                        }]
                },
                "event1": {
                    "transitions": [
                        {
                            "event0": "(1.0)"
                        }],
                    "on_entry": [
                        "/gamerule sendcommandfeedback false",
                        "/function aks74u",
                        "/playsound addon.aks74u @a[r=64] ~~1.6~0.4",
                        "@s aks74u_bullet",
"/camerashake add @s[r=1] 0.45 0.03 rotational",
                        "/particle minecraft:eyeofender_death_explode_particle ^ ^1.5 ^1",
                        "/particle gun_fire2 ^ ^-0.1 ^1"
                    ]
                }
            }
        }
    }
}
