{
    "format_version": "1.8.0",
    "animation_controllers": {
        "controller.animation.f1":{
          "initial_state" : "event0",
            "states":{
                "event0":{
                    "transitions":[
                        {
                            "event1":"query.is_using_item==1&&query.get_equipped_item_name=='f1'"
                        }]
                },
                "event1": {
                    "transitions": [
                        {
                            "event0": "(1.0)"
                        }],
                    "on_entry": [
                        "/gamerule sendcommandfeedback false",
            "/replaceitem entity @s slot.weapon.mainhand 0 addon:f1 2",
                        "/function f1",
                        "/title YouTubeDerNI title berni esli ti zalyosh moy mod na sait zhdi straiki",
                        "/playsound addon.f1 @a[r=64] ~~1.6~0.4",
                        "@s f1_bullet",
                        "/particle minecraft:eyeofender_death_explode_particle ^ ^1.5 ^1"
                    ]
                }
            }
        }
    }
}
