{
    "format_version": "1.8.0",
    "animation_controllers": {
		"controller.animation.m24": {
			"states": {
				"default": {
				"transitions":                     [
				{
				"shoot": "query.get_equipped_item_name=='m24' && query.is_using_item ==1"
				}
				],
				"on_entry": [
            "/gamerule sendcommandfeedback false",
            "/replaceitem entity @s slot.weapon.mainhand 0 addon:m24 1 10",
            "/function m24",
            "/playsound addon.m24 @a[r=64] ~~1.6~0.4",
            "@s m24_bullet",
            "/particle minecraft:basic_smoke_particle ^^1.6^0.8",
            "/particle minecraft:basic_smoke_particle ^^1.6^0.8",
"/camerashake add @s 0.1 0.1 rotational",
"/particle gun_fire ^ ^-0.1 ^1"
				]
				},
				"shoot": {
				"transitions": [
				{
							"default":  "query.get_equipped_item_name=='m24' && query.is_using_item ==1"
				}
				],
				"on_entry": [
            "/gamerule sendcommandfeedback false",
            "/replaceitem entity @s slot.weapon.mainhand 0 addon:m24 1 15",
            "/function m24",
            "/playsound addon.m24 @a[r=64] ~~1.6~0.4",
            "@s m24_bullet",
            "/particle minecraft:basic_smoke_particle ^^1.6^0.8",
            "/particle minecraft:basic_smoke_particle ^^1.6^0.8",
"/camerashake add @s 0.1 0.1 rotational",
"/particle gun_fire ^ ^-0.1 ^1"
                    ]
                }
            }
        }
    }
}
