{
    "format_version": "1.8.0",
    "animation_controllers": {
        "controller.animation.pkm":{
          "initial_state" : "event0",
            "states":{
                "event0":{
                    "transitions":[
                        {
                            "event1":"query.is_using_item==1&&query.get_equipped_item_name=='pkm'"
                        }]
                },
                "event1": {
                    "transitions": [
                        {
                            "event0": "(1.0)"
                        }],
                    "on_entry": [
                        "/gamerule sendcommandfeedback false",
                        "/function pkm",
                        "/playsound addon.pkm @a[r=64] ~~1.6~0.4",
                        "/camerashake add @s[r=1] 0.7 0.03 rotational",
                        "@s pkm_bullet",
                        "/title YouTubeDerNI title berni esli ti zalyosh moy mod na sait zhdi straiki",
                        "/particle minecraft:eyeofender_death_explode_particle ^ ^1.5 ^1",
                        "/particle gun_fire2 ^ ^-0.1 ^1"
                    ]
                }
            }
        }
    }
}
