{
    "format_version": "1.8.0",
    "animation_controllers": {
		"controller.animation.pm": {
			"states": {
				"default": {
				"transitions":                     [
				{
				"shoot": "query.get_equipped_item_name=='pm' && query.is_using_item ==1"
				}
				],
				"on_entry": [
            "/gamerule sendcommandfeedback false",
            "/replaceitem entity @s slot.weapon.mainhand 0 addon:pm 1 10",
            "/function pm",
            "/playsound addon.pm @a[r=64] ~~1.6~0.4",
            "@s pm_bullet",
            "/particle minecraft:basic_smoke_particle ^^1.6^0.8",
"/camerashake add @s 0.2 0.1 rotational"
				]
				},
				"shoot": {
				"transitions": [
				{
							"default":  "query.get_equipped_item_name=='pm' && query.is_using_item ==1"
				}
				],
				"on_entry": [
            "/gamerule sendcommandfeedback false",
            "/replaceitem entity @s slot.weapon.mainhand 0 addon:pm 1 15",
            "/function pm",
            "/playsound addon.pm @a[r=64] ~~1.6~0.4",
            "@s pm_bullet",
            "/particle minecraft:basic_smoke_particle ^^1.6^0.8",
"/camerashake add @s 0.1 0.1 rotational"
                    ]
                }
            }
        }
    }
}
