{
	"format_version": "1.12.0",
	"minecraft:geometry": [
		{
			"description": {
				"identifier": "geometry.caixa",
				"texture_width": 64,
				"texture_height": 64,
				"visible_bounds_width": 2,
				"visible_bounds_height": 1,
				"visible_bounds_offset": [0, 0, 0]
			},
			"bones": [
				{
					"name": "unknown_bone",
					"pivot": [0, 0, 0],
					"cubes": [
						{"origin": [-7, 0, -6], "size": [14, 1, 12], "uv": [0, 13]},
						{"origin": [-7, 1, 5], "size": [1, 5, 1], "uv": [8, 0]},
						{"origin": [-7, 1, -6], "size": [1, 5, 1], "uv": [0, 6]},
						{"origin": [6, 1, -6], "size": [1, 5, 1], "uv": [4, 4]},
						{"origin": [6, 1, 5], "size": [1, 5, 1], "uv": [0, 0]},
						{"origin": [-7, 6, -6], "size": [14, 1, 12], "uv": [0, 0]},
						{"origin": [-6, 1, -5], "size": [12, 5, 10], "uv": [0, 26]}
					]
				}
			]
		}
	]
}