{
	"format_version": "1.8.0",
	"geometry.colhete_policia_transito": {
		"texturewidth": 64,
		"textureheight": 64,
		"visible_bounds_width": 2,
		"visible_bounds_height": 1,
		"visible_bounds_offset": [0, 0, 0],
		"bones": [
			{
				"name": "body",
				"pivot": [0, 24, 0],
				"cubes": [
					{"origin": [-5, 12, -3], "size": [3, 13, 6], "uv": [12, 13]},
					{"origin": [-2, 12, -3], "size": [1, 11, 6], "uv": [24, 26]},
					{"origin": [-1, 12, -3], "size": [2, 10, 6], "uv": [24, 0]},
					{"origin": [-1, 22, 2], "size": [2, 1, 1], "uv": [0, 0]},
					{"origin": [-2, 23, 2], "size": [4, 1, 1], "uv": [12, 0]},
					{"origin": [1, 12, -3], "size": [1, 11, 6], "uv": [0, 26]},
					{"origin": [2, 12, -3], "size": [3, 13, 6], "uv": [0, 0]}
				]
			},
			{
				"name": "bodyArmor",
				"parent": "body",
				"pivot": [0, 24, 0]
			},
			{
				"name": "belt",
				"parent": "body",
				"pivot": [0, 24, 0]
			}
		]
	}
}