{
	"format_version": "1.8.0",
	"geometry.colhete_nivel1": {
		"texturewidth": 64,
		"textureheight": 64,
		"visible_bounds_width": 2,
		"visible_bounds_height": 1,
		"visible_bounds_offset": [0, 0, 0],
		"bones": [
			{
				"name": "body",
				"pivot": [0, 24, 0],
				"cubes": [
					{"origin": [-5, 12, -3], "size": [3, 13, 6], "uv": [12, 13]},
					{"origin": [-2, 20, 2], "size": [4, 2, 1], "uv": [12, 0]},
					{"origin": [-2, 12, -3], "size": [4, 8, 6], "uv": [24, 0]},
					{"origin": [2, 12, -3], "size": [3, 13, 6], "uv": [0, 0]},
					{"origin": [-2, 21, -3], "size": [4, 1, 1], "uv": [12, 3]}
				]
			}
		]
	}
}