{
  "format_version": "1.10.0",
  "animation_controllers": {
    "controller.animation.aug": {
      "initial_state": "default",
      "states": {
        "default": {
          "transitions": [
            {
              "shoot": "query.mark_variant == 1 && query.get_equipped_item_name=='aug' && query.item_remaining_use_duration > 0"
            }
          ]
        },
        "shoot": {
          "transitions": [
            {
              "default": "query.mark_variant == 1 && query.get_equipped_item_name=='aug' && query.item_remaining_use_duration > 0"
            }
          ],
          "on_entry": [
            "@s blockops:aug_fire",
            "/gamerule sendcommandfeedback false",
            "/scoreboard players add @s[m=!1] aug 1",
            "/playsound aug_fire @a[r=30]",
            "/particle minecraft:basic_smoke_particle ^^1.6^0.8",
            "/camerashake add @s 0.2 0.1",
            "/gamerule sendcommandfeedback true"
          ]
        }
      }
    }
  }
}
