{
	"format_version": "1.8.0",
	"render_controllers": {
		"controller.render.bandit": {
			"arrays": {
				"textures": {
					"Array.skins": [
						"Texture.bandit0",
						"Texture.bandit1",
						"Texture.bandit2",
						"Texture.bandit3",
						"Texture.bandit4",
						"Texture.bandit5",
						"Texture.bandit6",
						"Texture.bandit7"
					]
				}
			},
			"geometry": "Geometry.default",
			"materials": [ { "*": "Material.default" } ],
			"textures": [ "Array.skins[query.variant]" ]
		}
	}
}