{
	"format_version": "1.8.0",
	"render_controllers": {
		"controller.render.walker": {
			"arrays": {
				"textures": {
					"Array.skins": [
						"Texture.walker0",
						"Texture.walker1",
						"Texture.walker2",
						"Texture.walker3",
						"Texture.walker4",
						"Texture.walker5",
						"Texture.walker6",
						"Texture.walker7",
						"Texture.walker8",
						"Texture.walker9",
						"Texture.walker10",
						"Texture.walker11",
						"Texture.walker12",
						"Texture.walker13",
						"Texture.walker14",
						"Texture.walker15",
						"Texture.walker16",
						"Texture.walker17",
						"Texture.walker18",
						"Texture.walker19"
					]
				}
			},
			"geometry": "Geometry.default",
			"materials": [ { "*": "Material.default" } ],
			"textures": [ "Array.skins[query.variant]" ]
		}
	}
}