{
  "format_version": "1.10.0",
  "animation_controllers": {
    "controller.animation.guard_bd.general": {
      "states": {
        "default": {
          "animations": [
            "guard_bd_general",
            "look_at_target"
          ],
		  "transitions": [
            { "shooting": "query.has_target" },
			{ "staying": "query.is_sitting" }
          ],
		  "blend_transition": 0.5
        },
        "shooting": {
          "animations": [
            "shooting"
          ],
          "transitions": [
            { "default": "!query.has_target" }
          ],
		  "blend_transition": 0.5
        },
		"staying": {
          "animations": [
            "staying"
          ],
          "transitions": [
            { "default": "!query.is_sitting" }
          ],
		  "blend_transition": 0.5
        }
      }
    },
    "controller.animation.guard_bd.move": {
      "states": {
        "default": {
          "animations": [
            {
              "moving": "query.modified_move_speed"
            }
          ]
        }
      }
    },
    "controller.animation.guard_bd.attack": {
      "states": {
        "default": {
          "transitions": [
            {
              "attack": "variable.attack>0"
            }
          ],
          "blend_transition": 0.2
        },
        "attack": {
          "animations": [
            "attacking"
          ],
          "transitions": [
            {
              "default": "query.all_animations_finished"
            }
          ],
          "blend_transition": 0.2
        }
      }
    }
  }
}