{
	"format_version": "1.10.0",
	"minecraft:client_entity": {
		"description": {
			"identifier": "bridge:walker",
			"materials": {
				"default": "entity_alphatest"
			},
			"textures": {
				"walker0": "textures/entity/zombie1",
				"walker1": "textures/entity/zombie2",
				"walker2": "textures/entity/zombie3",
				"walker3": "textures/entity/zombie4",
				"walker4": "textures/entity/zombie5",
				"walker5": "textures/entity/zombie6",
				"walker6": "textures/entity/zombie7",
				"walker7": "textures/entity/zombie8",
				"walker8": "textures/entity/zombie9",
				"walker9": "textures/entity/zombie10",
				"walker10": "textures/entity/zombie11",
				"walker11": "textures/entity/zombie12",
				"walker12": "textures/entity/zombie13",
				"walker13": "textures/entity/zombie14",
				"walker14": "textures/entity/zombie15",
				"walker15": "textures/entity/zombie16",
				"walker16": "textures/entity/zombie17",
				"walker17": "textures/entity/zombie18",
				"walker18": "textures/entity/zombie19",
				"walker19": "textures/entity/zombie20"
			},
			"geometry": {
				"default": "geometry.zombie.v1.8"
			},
			"render_controllers": [
				"controller.render.walker"
			],
			"spawn_egg": {
				"texture": "spawn_egg",
				"texture_index": 12
			},
			"animations": {
				"bob": "animation.player.bob",
				"move": "animation.humanoid.move",

				"look_at_target_controller": "controller.animation.humanoid.look_at_target",
				"look_at_target_default": "animation.humanoid.look_at_target.default",
				"look_at_target_gliding": "animation.humanoid.look_at_target.gliding",
				"look_at_target_swimming": "animation.humanoid.look_at_target.swimming",

				"zombie_attack_bare_hand": "animation.zombie.attack_bare_hand",
				"animation.zombie.1": "animation.zombie.1",
				"animation.zombie.2": "animation.zombie.2",
				"animation.zombie.3": "animation.zombie.3",
				"animation.zombie.4": "animation.zombie.4"
			},
			"scripts": {
				"scale": "0.9375",
				"pre_animation": [
					"variable.tcos0 = (Math.cos(query.modified_distance_moved * 38.17) * query.modified_move_speed / variable.gliding_speed_value) * 57.3;"
				],
				"animate": [
					"bob",
					"move",
					"look_at_target_controller",
					{ "zombie_attack_bare_hand": "query.is_saddled" },
					{ "animation.zombie.1": "query.mark_variant == 0" },
					{ "animation.zombie.2": "query.mark_variant == 1" },
					{ "animation.zombie.3": "query.mark_variant == 2" },
					{ "animation.zombie.4": "query.mark_variant == 3" }
				]
			}
		}
	}
}