{
  "format_version": "1.10.0",
  "animation_controllers": {
    "controller.animation.mp5k_reload_function": {
      "initial_state": "default",
      "states": {
        "default": {
          "transitions": [
            {
              "reload": "query.mark_variant == 1 && query.get_equipped_item_name=='mp5k_ammo' && query.item_remaining_use_duration > 0"
            }
          ]
        },
        "reload": {
          "transitions": [
            {
              "default": "query.mark_variant == 1 && query.get_equipped_item_name=='mp5k_ammo' && query.item_remaining_use_duration > 0"
            }
          ],
          "on_entry": [
            "/scoreboard players set @s mp5k 1",
            "/clear @s blockops:mp5k_emp",
            "/clear @s blockops:mp5k"
          ]
        }
      }
    }
  }
}
